No,Type,ID,Phrase_English,Meaning_Thai,Category,Status,Audit_Notes,Modern_Alternative_Or_Correction
1,Idiom (สำนวน),rain_check,Rain check,ขอเลื่อนเป็นครั้งหน้า,ทักทายทั่วไป,RECOMMENDED,สำนวนร่วมสมัยที่เจ้าของภาษาใช้บ่อยในชีวิตประจำวัน สื่อ การทำงาน เหมาะแก่การจดจำและเรียนรู้ (High Frequency),Rain check
2,Idiom (สำนวน),hit_me_up,Hit me up,ทักมา/ติดต่อมาได้เลย,ทักทายทั่วไป,RECOMMENDED,สำนวนร่วมสมัยที่เจ้าของภาษาใช้บ่อยในชีวิตประจำวัน สื่อ การทำงาน เหมาะแก่การจดจำและเรียนรู้ (High Frequency),Hit me up
3,Idiom (สำนวน),whats_up,What's up,ว่าไง / มีอะไรเหรอ / เป็นไงบ้าง,ทักทายทั่วไป,RECOMMENDED,สำนวนร่วมสมัยที่เจ้าของภาษาใช้บ่อยในชีวิตประจำวัน สื่อ การทำงาน เหมาะแก่การจดจำและเรียนรู้ (High Frequency),What's up
4,Idiom (สำนวน),long_time_no_see,Long time no see,ไม่เจอกันนานเลย,ทักทายทั่วไป,RECOMMENDED,สำนวนร่วมสมัยที่เจ้าของภาษาใช้บ่อยในชีวิตประจำวัน สื่อ การทำงาน เหมาะแก่การจดจำและเรียนรู้ (High Frequency),Long time no see
5,Idiom (สำนวน),catch_you_later,Catch you later,ไว้เจอกันใหม่นะ / เดี๋ยวค่อยคุยกันนะ,ทักทายทั่วไป,RECOMMENDED,สำนวนร่วมสมัยที่เจ้าของภาษาใช้บ่อยในชีวิตประจำวัน สื่อ การทำงาน เหมาะแก่การจดจำและเรียนรู้ (High Frequency),Catch you later
6,Idiom (สำนวน),keep_in_touch,Keep in touch,ติดต่อกันเรื่อยๆ นะ / อย่าขาดการติดต่อกันนะ,ทักทายทั่วไป,RECOMMENDED,สำนวนร่วมสมัยที่เจ้าของภาษาใช้บ่อยในชีวิตประจำวัน สื่อ การทำงาน เหมาะแก่การจดจำและเรียนรู้ (High Frequency),Keep in touch
7,Idiom (สำนวน),drop_by,Drop by,แวะไปหา / โฉบไปหาแป๊บเดียว,ทักทายทั่วไป,RECOMMENDED,สำนวนร่วมสมัยที่เจ้าของภาษาใช้บ่อยในชีวิตประจำวัน สื่อ การทำงาน เหมาะแก่การจดจำและเรียนรู้ (High Frequency),Drop by
8,Idiom (สำนวน),hang_out,Hang out,ไปเที่ยวด้วยกัน / ใช้เวลาด้วยกัน,ทักทายทั่วไป,RECOMMENDED,สำนวนร่วมสมัยที่เจ้าของภาษาใช้บ่อยในชีวิตประจำวัน สื่อ การทำงาน เหมาะแก่การจดจำและเรียนรู้ (High Frequency),Hang out
9,Idiom (สำนวน),make_plans,Make plans,วางแผน / นัดหมาย,ทักทายทั่วไป,RECOMMENDED,สำนวนร่วมสมัยที่เจ้าของภาษาใช้บ่อยในชีวิตประจำวัน สื่อ การทำงาน เหมาะแก่การจดจำและเรียนรู้ (High Frequency),Make plans
10,Idiom (สำนวน),im_down,I'm down,เอาด้วย / พร้อมลุย,ทักทายทั่วไป,RECOMMENDED,สำนวนร่วมสมัยที่เจ้าของภาษาใช้บ่อยในชีวิตประจำวัน สื่อ การทำงาน เหมาะแก่การจดจำและเรียนรู้ (High Frequency),I'm down
11,Idiom (สำนวน),count_me_in,Count me in,นับฉันไปด้วยคน / ขอแจมด้วยคน / เอาด้วยเลย,ทักทายทั่วไป,RECOMMENDED,สำนวนร่วมสมัยที่เจ้าของภาษาใช้บ่อยในชีวิตประจำวัน สื่อ การทำงาน เหมาะแก่การจดจำและเรียนรู้ (High Frequency),Count me in
12,Idiom (สำนวน),ill_pass,I'll pass,ฉันขอผ่าน / ขอปฏิเสธอย่างสุภาพ / คราวนี้ยังไม่เอาดีกว่า,ทักทายทั่วไป,RECOMMENDED,สำนวนร่วมสมัยที่เจ้าของภาษาใช้บ่อยในชีวิตประจำวัน สื่อ การทำงาน เหมาะแก่การจดจำและเรียนรู้ (High Frequency),I'll pass
13,Idiom (สำนวน),sounds_good,Sounds good,ฟังดูดี / ตกลง,ทักทายทั่วไป,RECOMMENDED,สำนวนร่วมสมัยที่เจ้าของภาษาใช้บ่อยในชีวิตประจำวัน สื่อ การทำงาน เหมาะแก่การจดจำและเรียนรู้ (High Frequency),Sounds good
14,Idiom (สำนวน),no_biggie,No biggie,ไม่เป็นไร / เรื่องเล็ก,ทักทายทั่วไป,RECOMMENDED,สำนวนร่วมสมัยที่เจ้าของภาษาใช้บ่อยในชีวิตประจำวัน สื่อ การทำงาน เหมาะแก่การจดจำและเรียนรู้ (High Frequency),No biggie
15,Idiom (สำนวน),my_bad,My bad,ขอโทษที ผิดเอง,ทักทายทั่วไป,RECOMMENDED,สำนวนร่วมสมัยที่เจ้าของภาษาใช้บ่อยในชีวิตประจำวัน สื่อ การทำงาน เหมาะแก่การจดจำและเรียนรู้ (High Frequency),My bad
16,Idiom (สำนวน),never_mind,Never mind,ช่างมันเถอะ / ไม่เป็นไร / ลืมมันไปได้เลย,ทักทายทั่วไป,RECOMMENDED,สำนวนร่วมสมัยที่เจ้าของภาษาใช้บ่อยในชีวิตประจำวัน สื่อ การทำงาน เหมาะแก่การจดจำและเรียนรู้ (High Frequency),Never mind
17,Idiom (สำนวน),beats_me,Beats me,ไม่รู้สิ / ฉันก็ยอมแพ้เหมือนกัน / มืดแปดด้านเลย,ทักทายทั่วไป,RECOMMENDED,สำนวนร่วมสมัยที่เจ้าของภาษาใช้บ่อยในชีวิตประจำวัน สื่อ การทำงาน เหมาะแก่การจดจำและเรียนรู้ (High Frequency),Beats me
18,Idiom (สำนวน),you_bet,You bet,แน่นอนอยู่แล้ว / ด้วยความยินดีเลย / มั่นใจได้เลย,ทักทายทั่วไป,RECOMMENDED,สำนวนร่วมสมัยที่เจ้าของภาษาใช้บ่อยในชีวิตประจำวัน สื่อ การทำงาน เหมาะแก่การจดจำและเรียนรู้ (High Frequency),You bet
19,Idiom (สำนวน),same_here,Same here,เหมือนกันเลย,ทักทายทั่วไป,RECOMMENDED,สำนวนร่วมสมัยที่เจ้าของภาษาใช้บ่อยในชีวิตประจำวัน สื่อ การทำงาน เหมาะแก่การจดจำและเรียนรู้ (High Frequency),Same here
20,Idiom (สำนวน),thats_a_shame,That's a shame,น่าเสียดายจัง / โอ้ น่าเสียดาย (ใช้ปลอบใจ หรือประชดก็ได้ ดูโทนเสียง),ทักทายทั่วไป,RECOMMENDED,สำนวนร่วมสมัยที่เจ้าของภาษาใช้บ่อยในชีวิตประจำวัน สื่อ การทำงาน เหมาะแก่การจดจำและเรียนรู้ (High Frequency),That's a shame
21,Idiom (สำนวน),got_cut_off,Get cut off,สายหลุด / สัญญาณถูกตัดขาด / โดนขับรถปาดหน้า,วลีทั่วไป,RECOMMENDED,ปรับรูปวลีเป็น Base form 'Get cut off' ให้สอดคล้องกับมาตรฐานพจนานุกรมและสำนวนอื่นในระบบ,แก้ไขเป็น: Get cut off
22,Idiom (สำนวน),youre_breaking_up,You're breaking up,เสียงเธอขาดๆ หายๆ / สัญญาณกระตุกฟังไม่รู้เรื่อง,วลีทั่วไป,RECOMMENDED,สำนวนร่วมสมัยที่เจ้าของภาษาใช้บ่อยในชีวิตประจำวัน สื่อ การทำงาน เหมาะแก่การจดจำและเรียนรู้ (High Frequency),You're breaking up
23,Idiom (สำนวน),small_talk,Small talk,การคุยเรื่องสัพเพเหระ / ชวนคุยเรื่องทั่วไปเพื่อเปิดบทสนทนา,ทักทายทั่วไป,RECOMMENDED,สำนวนร่วมสมัยที่เจ้าของภาษาใช้บ่อยในชีวิตประจำวัน สื่อ การทำงาน เหมาะแก่การจดจำและเรียนรู้ (High Frequency),Small talk
24,Idiom (สำนวน),catch_up,Catch up,อัปเดตชีวิต / เม้าท์มอยถามสารทุกข์สุกดิบ (หลังไม่ได้เจอกันนาน),ทักทายทั่วไป,RECOMMENDED,สำนวนร่วมสมัยที่เจ้าของภาษาใช้บ่อยในชีวิตประจำวัน สื่อ การทำงาน เหมาะแก่การจดจำและเรียนรู้ (High Frequency),Catch up
25,Idiom (สำนวน),give_me_a_shout,Give me a shout,ทักมานะ / โทรหรือแชตมาบอกที / ส่งเสียงบอกด้วย,ทักทายทั่วไป,RECOMMENDED,สำนวนร่วมสมัยที่เจ้าของภาษาใช้บ่อยในชีวิตประจำวัน สื่อ การทำงาน เหมาะแก่การจดจำและเรียนรู้ (High Frequency),Give me a shout
26,Idiom (สำนวน),keep_someone_posted,Keep someone posted,คอยอัปเดตสถานการณ์ให้รู้เรื่อยๆ / มีความคืบหน้าอะไรบอกด้วยนะ,ทักทายทั่วไป,RECOMMENDED,สำนวนร่วมสมัยที่เจ้าของภาษาใช้บ่อยในชีวิตประจำวัน สื่อ การทำงาน เหมาะแก่การจดจำและเรียนรู้ (High Frequency),Keep someone posted
27,Idiom (สำนวน),ring_a_bell,Ring a bell,คุ้นหู / ฟังดูคุ้นๆ (เหมือนเคยได้ยินมาก่อนแต่นึกไม่ค่อยออก),ทักทายทั่วไป,RECOMMENDED,สำนวนร่วมสมัยที่เจ้าของภาษาใช้บ่อยในชีวิตประจำวัน สื่อ การทำงาน เหมาะแก่การจดจำและเรียนรู้ (High Frequency),Ring a bell
28,Idiom (สำนวน),speak_of_the_devil,Speak of the devil,ตายยากจริง! / กำลังพูดถึงอยู่พอดี โผล่มาเฉยเลย,ทักทายทั่วไป,RECOMMENDED,สำนวนร่วมสมัยที่เจ้าของภาษาใช้บ่อยในชีวิตประจำวัน สื่อ การทำงาน เหมาะแก่การจดจำและเรียนรู้ (High Frequency),Speak of the devil
29,Idiom (สำนวน),break_the_silence,Break the silence,ทำลายความเงียบ / เริ่มพูดขึ้นมาหลังจากเงียบงัน / ออกมาเปิดเผยความจริง,ทักทายทั่วไป,RECOMMENDED,สำนวนร่วมสมัยที่เจ้าของภาษาใช้บ่อยในชีวิตประจำวัน สื่อ การทำงาน เหมาะแก่การจดจำและเรียนรู้ (High Frequency),Break the silence
30,Idiom (สำนวน),spill_the_tea,Spill the tea,เม้าท์มาซิ! / คายความลับหรือข่าววงในออกมาให้หมด,ทักทายทั่วไป,RECOMMENDED,สำนวนร่วมสมัยที่เจ้าของภาษาใช้บ่อยในชีวิตประจำวัน สื่อ การทำงาน เหมาะแก่การจดจำและเรียนรู้ (High Frequency),Spill the tea
31,Idiom (สำนวน),drop_a_line,Drop a line,ส่งข้อความหรือจดหมายสั้นๆ มาหา / ทักมาบอกกันบ้าง,ทักทายทั่วไป,RECOMMENDED,สำนวนร่วมสมัยที่เจ้าของภาษาใช้บ่อยในชีวิตประจำวัน สื่อ การทำงาน เหมาะแก่การจดจำและเรียนรู้ (High Frequency),Drop a line
32,Idiom (สำนวน),in_the_loop,In the loop,อยู่ในวงข่าวสาร / รู้ข้อมูลอัปเดตตลอด / มีส่วนร่วมรับรู้,ทักทายทั่วไป,RECOMMENDED,สำนวนร่วมสมัยที่เจ้าของภาษาใช้บ่อยในชีวิตประจำวัน สื่อ การทำงาน เหมาะแก่การจดจำและเรียนรู้ (High Frequency),In the loop
33,Idiom (สำนวน),out_of_the_loop,Out of the loop,ตกข่าว / ไม่รู้เรื่องกับเขา / อยู่นอกวงข้อมูลข่าวสาร,ทักทายทั่วไป,RECOMMENDED,สำนวนร่วมสมัยที่เจ้าของภาษาใช้บ่อยในชีวิตประจำวัน สื่อ การทำงาน เหมาะแก่การจดจำและเรียนรู้ (High Frequency),Out of the loop
34,Idiom (สำนวน),call_it_even,Call it even,เจ๊ากันไป / หายกัน / ถือว่าหายกันไม่มีใครติดค้างใคร,ทักทายทั่วไป,RECOMMENDED,สำนวนร่วมสมัยที่เจ้าของภาษาใช้บ่อยในชีวิตประจำวัน สื่อ การทำงาน เหมาะแก่การจดจำและเรียนรู้ (High Frequency),Call it even
35,Idiom (สำนวน),fair_enough,Fair enough,ก็สมเหตุสมผลดี / เข้าใจได้ / โอเค เอาตามนั้น,ทักทายทั่วไป,RECOMMENDED,สำนวนร่วมสมัยที่เจ้าของภาษาใช้บ่อยในชีวิตประจำวัน สื่อ การทำงาน เหมาะแก่การจดจำและเรียนรู้ (High Frequency),Fair enough
36,Idiom (สำนวน),no_hard_feelings,No hard feelings,ไม่ถือโทษโกรธเคืองกัน / ไม่โกรธกันนะ / ไม่ผูกใจเจ็บ,ทักทายทั่วไป,RECOMMENDED,สำนวนร่วมสมัยที่เจ้าของภาษาใช้บ่อยในชีวิตประจำวัน สื่อ การทำงาน เหมาะแก่การจดจำและเรียนรู้ (High Frequency),No hard feelings
37,Idiom (สำนวน),take_care,Take care,ดูแลตัวเองด้วยนะ / รักษาสุขภาพนะ (ใช้กล่าวลาอย่างอบอุ่น),ทักทายทั่วไป,RECOMMENDED,สำนวนร่วมสมัยที่เจ้าของภาษาใช้บ่อยในชีวิตประจำวัน สื่อ การทำงาน เหมาะแก่การจดจำและเรียนรู้ (High Frequency),Take care
38,Idiom (สำนวน),safe_and_sound,Safe and sound,ปลอดภัยไร้รอยขีดข่วน / ปลอดภัยดีครบสามสิบสอง,ทักทายทั่วไป,RECOMMENDED,สำนวนร่วมสมัยที่เจ้าของภาษาใช้บ่อยในชีวิตประจำวัน สื่อ การทำงาน เหมาะแก่การจดจำและเรียนรู้ (High Frequency),Safe and sound
39,Idiom (สำนวน),see_you_around,See you around,ไว้เจอกันนะ / ไว้แวะมาเจอกันใหม่ (บอกลาแบบสบายๆ),ทักทายทั่วไป,RECOMMENDED,สำนวนร่วมสมัยที่เจ้าของภาษาใช้บ่อยในชีวิตประจำวัน สื่อ การทำงาน เหมาะแก่การจดจำและเรียนรู้ (High Frequency),See you around
40,Idiom (สำนวน),whats_the_catch,What's the catch?,มีเงื่อนงำอะไรแอบแฝงอยู่หรือเปล่า / ข้อแลกเปลี่ยนคืออะไร / มีเลศนัยอะไร,ทักทายทั่วไป,RECOMMENDED,สำนวนร่วมสมัยที่เจ้าของภาษาใช้บ่อยในชีวิตประจำวัน สื่อ การทำงาน เหมาะแก่การจดจำและเรียนรู้ (High Frequency),What's the catch?
41,Idiom (สำนวน),give_it_a_rest,Give it a rest,หยุดพูดได้แล้ว / พอเถอะ / พักเรื่องนี้ไว้ก่อน (ใช้เมื่อรำคาญ),ทักทายทั่วไป,RECOMMENDED,สำนวนร่วมสมัยที่เจ้าของภาษาใช้บ่อยในชีวิตประจำวัน สื่อ การทำงาน เหมาะแก่การจดจำและเรียนรู้ (High Frequency),Give it a rest
42,Idiom (สำนวน),word_on_the_street,Word on the street,ข่าวลือหนาหู / วงในเขาพูดกันว่า / ข่าวที่เขากำลังเม้าท์กัน,ทักทายทั่วไป,RECOMMENDED,สำนวนร่วมสมัยที่เจ้าของภาษาใช้บ่อยในชีวิตประจำวัน สื่อ การทำงาน เหมาะแก่การจดจำและเรียนรู้ (High Frequency),Word on the street
43,Idiom (สำนวน),long_story,That's a long story,เรื่องมันยาว / เล่าแล้วยาว (ไม่อยากลงรายละเอียดตอนนี้),ทักทายทั่วไป,RECOMMENDED,สำนวนร่วมสมัยที่เจ้าของภาษาใช้บ่อยในชีวิตประจำวัน สื่อ การทำงาน เหมาะแก่การจดจำและเรียนรู้ (High Frequency),That's a long story
44,Idiom (สำนวน),dont_be_a_stranger,Don't be a stranger,อย่าหายหน้าไปนะ / ติดต่อมาบ้างนะ / ว่างๆ แวะมาหาอีกนะ,ทักทายทั่วไป,RECOMMENDED,สำนวนร่วมสมัยที่เจ้าของภาษาใช้บ่อยในชีวิตประจำวัน สื่อ การทำงาน เหมาะแก่การจดจำและเรียนรู้ (High Frequency),Don't be a stranger
45,Idiom (สำนวน),keep_your_chin_up,Keep your chin up,เชิดหน้าสู้ไว้ / อย่าเพิ่งท้อ / เข้มแข็งไว้นะ,ทักทายทั่วไป,RECOMMENDED,สำนวนร่วมสมัยที่เจ้าของภาษาใช้บ่อยในชีวิตประจำวัน สื่อ การทำงาน เหมาะแก่การจดจำและเรียนรู้ (High Frequency),Keep your chin up
46,Idiom (สำนวน),take_it_easy,Take it easy,ใจเย็นๆ / พักผ่อนสบายๆ / ไม่ต้องเครียดนะ (หรือใช้บอกลา),ทักทายทั่วไป,RECOMMENDED,สำนวนร่วมสมัยที่เจ้าของภาษาใช้บ่อยในชีวิตประจำวัน สื่อ การทำงาน เหมาะแก่การจดจำและเรียนรู้ (High Frequency),Take it easy
47,Idiom (สำนวน),not_my_cup_of_tea,Not my cup of tea,ไม่ใช่แนวฉัน / ไม่ใช่สิ่งที่ฉันชอบ / ไม่ถูกจริต,ปฏิเสธ/บ่ายเบี่ยง,RECOMMENDED,สำนวนร่วมสมัยที่เจ้าของภาษาใช้บ่อยในชีวิตประจำวัน สื่อ การทำงาน เหมาะแก่การจดจำและเรียนรู้ (High Frequency),Not my cup of tea
48,Idiom (สำนวน),ill_think_about_it,I'll think about it,เดี๋ยวขอคิดดูก่อนนะ / ขอดูก่อนแล้วกัน,ปฏิเสธ/บ่ายเบี่ยง,RECOMMENDED,สำนวนร่วมสมัยที่เจ้าของภาษาใช้บ่อยในชีวิตประจำวัน สื่อ การทำงาน เหมาะแก่การจดจำและเรียนรู้ (High Frequency),I'll think about it
49,Idiom (สำนวน),lets_play_it_by_ear,Let's play it by ear,ค่อยดูตามสถานการณ์ / ยืดหยุ่นตามหน้างาน,ปฏิเสธ/บ่ายเบี่ยง,RECOMMENDED,สำนวนร่วมสมัยที่เจ้าของภาษาใช้บ่อยในชีวิตประจำวัน สื่อ การทำงาน เหมาะแก่การจดจำและเรียนรู้ (High Frequency),Let's play it by ear
50,Idiom (สำนวน),on_second_thought,On second thought,พอลองคิดดูอีกที / คิดไปคิดมาเปลี่ยนใจแล้ว,ปฏิเสธ/บ่ายเบี่ยง,RECOMMENDED,สำนวนร่วมสมัยที่เจ้าของภาษาใช้บ่อยในชีวิตประจำวัน สื่อ การทำงาน เหมาะแก่การจดจำและเรียนรู้ (High Frequency),On second thought
51,Idiom (สำนวน),that_ship_has_sailed,That ship has sailed,โอกาสนั้นผ่านไปแล้ว / เรือแล่นออกจากท่าไปแล้ว / สายเกินแก้แล้ว,ปฏิเสธ/บ่ายเบี่ยง,RECOMMENDED,สำนวนร่วมสมัยที่เจ้าของภาษาใช้บ่อยในชีวิตประจำวัน สื่อ การทำงาน เหมาะแก่การจดจำและเรียนรู้ (High Frequency),That ship has sailed
52,Idiom (สำนวน),water_under_the_bridge,Water under the bridge,เรื่องที่ผ่านไปแล้วก็ให้มันผ่านไป / เรื่องเก่าที่ไม่เก็บมาคิดแล้ว,ปฏิเสธ/บ่ายเบี่ยง,RECOMMENDED,สำนวนร่วมสมัยที่เจ้าของภาษาใช้บ่อยในชีวิตประจำวัน สื่อ การทำงาน เหมาะแก่การจดจำและเรียนรู้ (High Frequency),Water under the bridge
53,Idiom (สำนวน),let_sleeping_dogs_lie,Let sleeping dogs lie,อย่าไปรื้อฟื้นเรื่องที่สงบแล้ว,ปฏิเสธ/บ่ายเบี่ยง,RECOMMENDED,สำนวนร่วมสมัยที่เจ้าของภาษาใช้บ่อยในชีวิตประจำวัน สื่อ การทำงาน เหมาะแก่การจดจำและเรียนรู้ (High Frequency),Let sleeping dogs lie
54,Idiom (สำนวน),dont_rock_the_boat,Don't rock the boat,อย่าหาเรื่องใส่ตัว / อย่าแกว่งเท้าหาเสี้ยน / อย่าทำเรื่องวุ่นวายให้กระทบคนอื่น,ปฏิเสธ/บ่ายเบี่ยง,RECOMMENDED,สำนวนร่วมสมัยที่เจ้าของภาษาใช้บ่อยในชีวิตประจำวัน สื่อ การทำงาน เหมาะแก่การจดจำและเรียนรู้ (High Frequency),Don't rock the boat
55,Idiom (สำนวน),steer_clear_of,Steer clear of,หลีกเลี่ยงให้ห่าง,ปฏิเสธ/บ่ายเบี่ยง,RECOMMENDED,สำนวนร่วมสมัยที่เจ้าของภาษาใช้บ่อยในชีวิตประจำวัน สื่อ การทำงาน เหมาะแก่การจดจำและเรียนรู้ (High Frequency),Steer clear of
56,Idiom (สำนวน),give_someone_the_cold_shoulder,Give someone the cold shoulder,ทำตัวเย็นชาใส่ / เมินเฉยตัดรอน / แกล้งทำเป็นมองไม่เห็น,ปฏิเสธ/บ่ายเบี่ยง,RECOMMENDED,สำนวนร่วมสมัยที่เจ้าของภาษาใช้บ่อยในชีวิตประจำวัน สื่อ การทำงาน เหมาะแก่การจดจำและเรียนรู้ (High Frequency),Give someone the cold shoulder
57,Idiom (สำนวน),beat_around_the_bush,Beat around the bush,พูดจาอ้อมค้อม / พูดวนไปวนมาไม่เข้าประเด็นสักที,ปฏิเสธ/บ่ายเบี่ยง,RECOMMENDED,สำนวนร่วมสมัยที่เจ้าของภาษาใช้บ่อยในชีวิตประจำวัน สื่อ การทำงาน เหมาะแก่การจดจำและเรียนรู้ (High Frequency),Beat around the bush
58,Idiom (สำนวน),cut_to_the_chase,Cut to the chase,เข้าเรื่องเลย,ปฏิเสธ/บ่ายเบี่ยง,RECOMMENDED,สำนวนร่วมสมัยที่เจ้าของภาษาใช้บ่อยในชีวิตประจำวัน สื่อ การทำงาน เหมาะแก่การจดจำและเรียนรู้ (High Frequency),Cut to the chase
59,Idiom (สำนวน),off_the_hook,Off the hook,รอดพ้นจากปัญหา / หลุดพ้นจากข้อผูกมัด / มันส์สุดเหวี่ยง (สแลง),ปฏิเสธ/บ่ายเบี่ยง,RECOMMENDED,สำนวนร่วมสมัยที่เจ้าของภาษาใช้บ่อยในชีวิตประจำวัน สื่อ การทำงาน เหมาะแก่การจดจำและเรียนรู้ (High Frequency),Off the hook
60,Idiom (สำนวน),under_the_radar,Under the radar,ทำแบบเงียบๆ ไม่ให้ใครสังเกต / รอดสายตา / อยู่นอกเรดาร์,ปฏิเสธ/บ่ายเบี่ยง,RECOMMENDED,สำนวนร่วมสมัยที่เจ้าของภาษาใช้บ่อยในชีวิตประจำวัน สื่อ การทำงาน เหมาะแก่การจดจำและเรียนรู้ (High Frequency),Under the radar
61,Idiom (สำนวน),turn_a_blind_eye,Turn a blind eye,แกล้งทำเป็นไม่เห็น,ปฏิเสธ/บ่ายเบี่ยง,RECOMMENDED,สำนวนร่วมสมัยที่เจ้าของภาษาใช้บ่อยในชีวิตประจำวัน สื่อ การทำงาน เหมาะแก่การจดจำและเรียนรู้ (High Frequency),Turn a blind eye
62,Idiom (สำนวน),brush_it_off,Brush it off,ปัดความกังวลทิ้งไป / ไม่ใส่ใจคำวิจารณ์ / ทำเป็นไม่สนใจ,ปฏิเสธ/บ่ายเบี่ยง,RECOMMENDED,สำนวนร่วมสมัยที่เจ้าของภาษาใช้บ่อยในชีวิตประจำวัน สื่อ การทำงาน เหมาะแก่การจดจำและเรียนรู้ (High Frequency),Brush it off
63,Idiom (สำนวน),blow_off,Blow off,เบี้ยวนัด / เทนัด / เพิกเฉยไม่สนใจใยดี,ปฏิเสธ/บ่ายเบี่ยง,RECOMMENDED,สำนวนร่วมสมัยที่เจ้าของภาษาใช้บ่อยในชีวิตประจำวัน สื่อ การทำงาน เหมาะแก่การจดจำและเรียนรู้ (High Frequency),Blow off
64,Idiom (สำนวน),ditch_someone,Ditch someone,ทิ้งใครไว้ข้างหลัง / ชิ่งหนี / แอบหนีไปคนเดียว,ปฏิเสธ/บ่ายเบี่ยง,RECOMMENDED,สำนวนร่วมสมัยที่เจ้าของภาษาใช้บ่อยในชีวิตประจำวัน สื่อ การทำงาน เหมาะแก่การจดจำและเรียนรู้ (High Frequency),Ditch someone
65,Idiom (สำนวน),bail_on_someone,Bail on someone,เทนัดเพื่อน / ชิ่งหนีกลางคัน / ผิดสัญญากะทันหัน,ปฏิเสธ/บ่ายเบี่ยง,RECOMMENDED,สำนวนร่วมสมัยที่เจ้าของภาษาใช้บ่อยในชีวิตประจำวัน สื่อ การทำงาน เหมาะแก่การจดจำและเรียนรู้ (High Frequency),Bail on someone
66,Idiom (สำนวน),play_hooky,Play hooky,โดดเรียน / โดดงานแอบไปเที่ยวเล่น,ปฏิเสธ/บ่ายเบี่ยง,RECOMMENDED,สำนวนร่วมสมัยที่เจ้าของภาษาใช้บ่อยในชีวิตประจำวัน สื่อ การทำงาน เหมาะแก่การจดจำและเรียนรู้ (High Frequency),Play hooky
67,Idiom (สำนวน),turn_a_deaf_ear,Turn a deaf ear,ทำหูทวนลม / แกล้งทำเป็นไม่ได้ยิน / เพิกเฉยไม่ยอมรับฟัง,ปฏิเสธ/บ่ายเบี่ยง,RECOMMENDED,สำนวนร่วมสมัยที่เจ้าของภาษาใช้บ่อยในชีวิตประจำวัน สื่อ การทำงาน เหมาะแก่การจดจำและเรียนรู้ (High Frequency),Turn a deaf ear
68,Idiom (สำนวน),pass_the_buck,Pass the buck,ปัดความรับผิดชอบ / โยนความผิดให้คนอื่น / โยนเผือกร้อน,ปฏิเสธ/บ่ายเบี่ยง,RECOMMENDED,สำนวนร่วมสมัยที่เจ้าของภาษาใช้บ่อยในชีวิตประจำวัน สื่อ การทำงาน เหมาะแก่การจดจำและเรียนรู้ (High Frequency),Pass the buck
69,Idiom (สำนวน),skirt_around,Skirt around the issue,พูดจาอ้อมค้อม / เลี่ยงที่จะพูดตรงๆ / หลบเลี่ยงประเด็นสำคัญ,ปฏิเสธ/บ่ายเบี่ยง,RECOMMENDED,สำนวนร่วมสมัยที่เจ้าของภาษาใช้บ่อยในชีวิตประจำวัน สื่อ การทำงาน เหมาะแก่การจดจำและเรียนรู้ (High Frequency),Skirt around the issue
70,Idiom (สำนวน),put_on_the_back_burner,Put on the back burner,พักเรื่องนี้ไว้ก่อน / ลดความสำคัญลงชั่วคราว / เก็บไว้ทำทีหลัง,ปฏิเสธ/บ่ายเบี่ยง,RECOMMENDED,สำนวนร่วมสมัยที่เจ้าของภาษาใช้บ่อยในชีวิตประจำวัน สื่อ การทำงาน เหมาะแก่การจดจำและเรียนรู้ (High Frequency),Put on the back burner
71,Idiom (สำนวน),kick_the_can_down_the_road,Kick the can down the road,ผัดผ่อนปัญหาไปเรื่อยๆ / เตะถ่วงเวลาโดยไม่ยอมแก้ปัญหาจริงจัง,ปฏิเสธ/บ่ายเบี่ยง,RECOMMENDED,สำนวนร่วมสมัยที่เจ้าของภาษาใช้บ่อยในชีวิตประจำวัน สื่อ การทำงาน เหมาะแก่การจดจำและเรียนรู้ (High Frequency),Kick the can down the road
72,Idiom (สำนวน),dodge_a_bullet,Dodge a bullet,รอดหวุดหวิด / รอดพ้นหายนะมาได้อย่างปาฏิหาริย์ / โชคดีที่รอดตัว,ปฏิเสธ/บ่ายเบี่ยง,RECOMMENDED,สำนวนร่วมสมัยที่เจ้าของภาษาใช้บ่อยในชีวิตประจำวัน สื่อ การทำงาน เหมาะแก่การจดจำและเรียนรู้ (High Frequency),Dodge a bullet
73,Idiom (สำนวน),give_a_wide_berth,Give a wide berth,อยู่ให้ห่างๆ ไว้ / หลีกเลี่ยงไม่เข้าใกล้ / เว้นระยะห่างปลอดภัย,ปฏิเสธ/บ่ายเบี่ยง,RECOMMENDED,สำนวนร่วมสมัยที่เจ้าของภาษาใช้บ่อยในชีวิตประจำวัน สื่อ การทำงาน เหมาะแก่การจดจำและเรียนรู้ (High Frequency),Give a wide berth
74,Idiom (สำนวน),sit_on_the_fence,Sit on the fence,แทงกั๊ก / ไม่ยอมเลือกข้าง / สองจิตสองใจไม่ยอมตัดสินใจ,ปฏิเสธ/บ่ายเบี่ยง,RECOMMENDED,สำนวนร่วมสมัยที่เจ้าของภาษาใช้บ่อยในชีวิตประจำวัน สื่อ การทำงาน เหมาะแก่การจดจำและเรียนรู้ (High Frequency),Sit on the fence
75,Idiom (สำนวน),drag_your_feet,Drag your feet,ทำตัวโอ้เอ้ / ถ่วงเวลา / ชักช้าไม่ยอมลงมือทำ,ปฏิเสธ/บ่ายเบี่ยง,RECOMMENDED,สำนวนร่วมสมัยที่เจ้าของภาษาใช้บ่อยในชีวิตประจำวัน สื่อ การทำงาน เหมาะแก่การจดจำและเรียนรู้ (High Frequency),Drag your feet
76,Idiom (สำนวน),buy_time,Buy time,ซื้อเวลา / ถ่วงเวลาเพื่อหาทางออกหรือเตรียมตัว,ปฏิเสธ/บ่ายเบี่ยง,RECOMMENDED,สำนวนร่วมสมัยที่เจ้าของภาษาใช้บ่อยในชีวิตประจำวัน สื่อ การทำงาน เหมาะแก่การจดจำและเรียนรู้ (High Frequency),Buy time
77,Idiom (สำนวน),shrug_it_off,Shrug it off,ยักไหล่ไม่ใส่ใจ / ทำเป็นไม่สนใจ / ปล่อยผ่านไปไม่เก็บมาคิด,ปฏิเสธ/บ่ายเบี่ยง,RECOMMENDED,สำนวนร่วมสมัยที่เจ้าของภาษาใช้บ่อยในชีวิตประจำวัน สื่อ การทำงาน เหมาะแก่การจดจำและเรียนรู้ (High Frequency),Shrug it off
78,Idiom (สำนวน),back_out,Back out,ถอนตัว / ยกเลิกข้อตกลง / กลับคำสัญญา,ปฏิเสธ/บ่ายเบี่ยง,RECOMMENDED,สำนวนร่วมสมัยที่เจ้าของภาษาใช้บ่อยในชีวิตประจำวัน สื่อ การทำงาน เหมาะแก่การจดจำและเรียนรู้ (High Frequency),Back out
79,Idiom (สำนวน),chicken_out,Chicken out,ป๊อด / ปอดแหก / ปอดกระเส่าจนไม่กล้าทำในนาทีสุดท้าย,ปฏิเสธ/บ่ายเบี่ยง,RECOMMENDED,สำนวนร่วมสมัยที่เจ้าของภาษาใช้บ่อยในชีวิตประจำวัน สื่อ การทำงาน เหมาะแก่การจดจำและเรียนรู้ (High Frequency),Chicken out
80,Idiom (สำนวน),get_cold_feet,Get cold feet,เกิดปอดแหก / ลังเลกลัวจนไม่กล้าทำตามที่ตั้งใจ / ใจฝ่อ,ปฏิเสธ/บ่ายเบี่ยง,RECOMMENDED,สำนวนร่วมสมัยที่เจ้าของภาษาใช้บ่อยในชีวิตประจำวัน สื่อ การทำงาน เหมาะแก่การจดจำและเรียนรู้ (High Frequency),Get cold feet
81,Idiom (สำนวน),ghost_someone,Ghost someone,เท / หายตัวไปเงียบๆ / ตัดการติดต่อโดยไม่บอกกล่าว,ปฏิเสธ/บ่ายเบี่ยง,RECOMMENDED,สำนวนร่วมสมัยที่เจ้าของภาษาใช้บ่อยในชีวิตประจำวัน สื่อ การทำงาน เหมาะแก่การจดจำและเรียนรู้ (High Frequency),Ghost someone
82,Idiom (สำนวน),leave_someone_hanging,Leave someone hanging,ปล่อยให้คอยเก้อ / เมินไม่ยอมตอบ / ปล่อยให้เคว้ง,ปฏิเสธ/บ่ายเบี่ยง,RECOMMENDED,สำนวนร่วมสมัยที่เจ้าของภาษาใช้บ่อยในชีวิตประจำวัน สื่อ การทำงาน เหมาะแก่การจดจำและเรียนรู้ (High Frequency),Leave someone hanging
83,Idiom (สำนวน),stand_someone_up,Stand someone up,เบี้ยวนัด / ปล่อยให้รอเก้อ / ผิดนัดโดยไม่บอกล่วงหน้า,ปฏิเสธ/บ่ายเบี่ยง,RECOMMENDED,สำนวนร่วมสมัยที่เจ้าของภาษาใช้บ่อยในชีวิตประจำวัน สื่อ การทำงาน เหมาะแก่การจดจำและเรียนรู้ (High Frequency),Stand someone up
84,Idiom (สำนวน),cut_losses,Cut your losses,ตัดใจยอมขาดทุน / รีบถอนตัวก่อนจะเจ็บตัวหนักกว่านี้ / หยุดความเสียหาย,ปฏิเสธ/บ่ายเบี่ยง,RECOMMENDED,สำนวนร่วมสมัยที่เจ้าของภาษาใช้บ่อยในชีวิตประจำวัน สื่อ การทำงาน เหมาะแก่การจดจำและเรียนรู้ (High Frequency),Cut your losses
85,Idiom (สำนวน),wash_hands_of,Wash your hands of,ล้างมือไม่ขอยุ่งเกี่ยว / ปัดความรับผิดชอบไม่ข้องแวะ / ขอตัดหางปล่อยวัด,ปฏิเสธ/บ่ายเบี่ยง,RECOMMENDED,สำนวนร่วมสมัยที่เจ้าของภาษาใช้บ่อยในชีวิตประจำวัน สื่อ การทำงาน เหมาะแก่การจดจำและเรียนรู้ (High Frequency),Wash your hands of
86,Idiom (สำนวน),bow_out,Bow out,ก้มหัวขอถอนตัวอย่างสุภาพ / ขอลาเวที / สละสิทธิ์เปิดทางให้ผู้อื่น,ปฏิเสธ/บ่ายเบี่ยง,RECOMMENDED,สำนวนร่วมสมัยที่เจ้าของภาษาใช้บ่อยในชีวิตประจำวัน สื่อ การทำงาน เหมาะแก่การจดจำและเรียนรู้ (High Frequency),Bow out
87,Idiom (สำนวน),sleep_on_it,Sleep on it,ขอกลับไปคิดดูก่อนข้ามคืน / ค่อยตัดสินใจพรุ่งนี้เช้า,ปฏิเสธ/บ่ายเบี่ยง,RECOMMENDED,สำนวนร่วมสมัยที่เจ้าของภาษาใช้บ่อยในชีวิตประจำวัน สื่อ การทำงาน เหมาะแก่การจดจำและเรียนรู้ (High Frequency),Sleep on it
88,Idiom (สำนวน),hold_your_horses,Hold your horses,ใจเย็นๆ ก่อน / รอก่อน อย่าเพิ่งรีบร้อน / ช้าๆ ได้พร้าเล่มงาม,ปฏิเสธ/บ่ายเบี่ยง,RECOMMENDED,สำนวนร่วมสมัยที่เจ้าของภาษาใช้บ่อยในชีวิตประจำวัน สื่อ การทำงาน เหมาะแก่การจดจำและเรียนรู้ (High Frequency),Hold your horses
89,Idiom (สำนวน),take_a_hike,Take a hike,ไปให้พ้นเลย! / ไสหัวไป / เลิกยุ่งกับฉันได้แล้ว,ปฏิเสธ/บ่ายเบี่ยง,RECOMMENDED,สำนวนร่วมสมัยที่เจ้าของภาษาใช้บ่อยในชีวิตประจำวัน สื่อ การทำงาน เหมาะแก่การจดจำและเรียนรู้ (High Frequency),Take a hike
90,Idiom (สำนวน),save_it,Save it,เก็บคำพูด/คำแก้ตัวไว้เถอะ / ไม่ต้องมาพูดดีกว่า (เพราะไม่อยากฟังแล้ว),ปฏิเสธ/บ่ายเบี่ยง,RECOMMENDED,สำนวนร่วมสมัยที่เจ้าของภาษาใช้บ่อยในชีวิตประจำวัน สื่อ การทำงาน เหมาะแก่การจดจำและเรียนรู้ (High Frequency),Save it
91,Idiom (สำนวน),not_on_my_watch,Not on my watch,อย่าหวังว่าจะเกิดขึ้นในความดูแลของฉัน / ตราบใดที่ฉันยังคุมอยู่ อย่าฝันเลย,ปฏิเสธ/บ่ายเบี่ยง,RECOMMENDED,สำนวนร่วมสมัยที่เจ้าของภาษาใช้บ่อยในชีวิตประจำวัน สื่อ การทำงาน เหมาะแก่การจดจำและเรียนรู้ (High Frequency),Not on my watch
92,Idiom (สำนวน),over_my_dead_body,Over my dead body,ข้ามศพฉันไปก่อนเถอะ! / ไม่มีวันยอมเด็ดขาด / อย่าหวังว่าจะยอม,ปฏิเสธ/บ่ายเบี่ยง,RECOMMENDED,สำนวนร่วมสมัยที่เจ้าของภาษาใช้บ่อยในชีวิตประจำวัน สื่อ การทำงาน เหมาะแก่การจดจำและเรียนรู้ (High Frequency),Over my dead body
93,Idiom (สำนวน),no_can_do,No can do,ทำไม่ได้หรอก / หมดสิทธิ์ / ช่วยไม่ได้จริงๆ,ปฏิเสธ/บ่ายเบี่ยง,RECOMMENDED,สำนวนร่วมสมัยที่เจ้าของภาษาใช้บ่อยในชีวิตประจำวัน สื่อ การทำงาน เหมาะแก่การจดจำและเรียนรู้ (High Frequency),No can do
94,Idiom (สำนวน),pass_on_something,Pass on something,ขอผ่านก่อน / ขอปฏิเสธโอกาสหรือข้อเสนอนี้ไปก่อน,ปฏิเสธ/บ่ายเบี่ยง,RECOMMENDED,สำนวนร่วมสมัยที่เจ้าของภาษาใช้บ่อยในชีวิตประจำวัน สื่อ การทำงาน เหมาะแก่การจดจำและเรียนรู้ (High Frequency),Pass on something
95,Idiom (สำนวน),keep_at_arms_length,Keep at arm's length,รักษาระยะห่าง / ไม่สนิทชิดเชื้อด้วย / ระวังตัวไม่ให้เข้ามาใกล้ชิดเกินไป,ปฏิเสธ/บ่ายเบี่ยง,RECOMMENDED,สำนวนร่วมสมัยที่เจ้าของภาษาใช้บ่อยในชีวิตประจำวัน สื่อ การทำงาน เหมาะแก่การจดจำและเรียนรู้ (High Frequency),Keep at arm's length
96,Idiom (สำนวน),play_for_time,Play for time,เตะถ่วงเวลา / ประวิงเวลา / เล่นเกมยื้อเวลาเพื่อให้ได้เปรียบ,ปฏิเสธ/บ่ายเบี่ยง,RECOMMENDED,สำนวนร่วมสมัยที่เจ้าของภาษาใช้บ่อยในชีวิตประจำวัน สื่อ การทำงาน เหมาะแก่การจดจำและเรียนรู้ (High Frequency),Play for time
97,Idiom (สำนวน),over_the_moon,Over the moon,ดีใจจนตัวลอย / มีความสุขสุดขีด / แฮปปี้จนเนื้อเต้น,อารมณ์ดี,RECOMMENDED,สำนวนร่วมสมัยที่เจ้าของภาษาใช้บ่อยในชีวิตประจำวัน สื่อ การทำงาน เหมาะแก่การจดจำและเรียนรู้ (High Frequency),Over the moon
98,Idiom (สำนวน),on_cloud_nine,On cloud nine,มีความสุขล้นพ้น / สุขจนเหมือนลอยอยู่บนสวรรค์ / ฟินสุดๆ,อารมณ์ดี,RECOMMENDED,สำนวนร่วมสมัยที่เจ้าของภาษาใช้บ่อยในชีวิตประจำวัน สื่อ การทำงาน เหมาะแก่การจดจำและเรียนรู้ (High Frequency),On cloud nine
99,Idiom (สำนวน),piece_of_cake,Piece of cake,ง่ายมาก,อารมณ์ดี,RECOMMENDED,สำนวนร่วมสมัยที่เจ้าของภาษาใช้บ่อยในชีวิตประจำวัน สื่อ การทำงาน เหมาะแก่การจดจำและเรียนรู้ (High Frequency),Piece of cake
100,Idiom (สำนวน),a_walk_in_the_park,A walk in the park,ง่ายเหมือนปอกกล้วยเข้าปาก / ง่ายนิดเดียว / หมูๆ สบายมาก,อารมณ์ดี,RECOMMENDED,สำนวนร่วมสมัยที่เจ้าของภาษาใช้บ่อยในชีวิตประจำวัน สื่อ การทำงาน เหมาะแก่การจดจำและเรียนรู้ (High Frequency),A walk in the park
101,Idiom (สำนวน),break_a_leg,Break a leg,ขอให้โชคดีนะ / ขอให้การแสดงปังๆ (ใช้อวยพรก่อนขึ้นเวที),อารมณ์ดี,RECOMMENDED,สำนวนร่วมสมัยที่เจ้าของภาษาใช้บ่อยในชีวิตประจำวัน สื่อ การทำงาน เหมาะแก่การจดจำและเรียนรู้ (High Frequency),Break a leg
102,Idiom (สำนวน),knock_it_out_of_the_park,Knock it out of the park,ทำผลงานได้ยอดเยี่ยมเกินคาด / ประสบความสำเร็จถล่มทลาย / โฮมรัน,อารมณ์ดี,RECOMMENDED,สำนวนร่วมสมัยที่เจ้าของภาษาใช้บ่อยในชีวิตประจำวัน สื่อ การทำงาน เหมาะแก่การจดจำและเรียนรู้ (High Frequency),Knock it out of the park
103,Idiom (สำนวน),nailed_it,Nailed it,ทำได้เป๊ะมาก / สำเร็จสมบูรณ์แบบ / เข้าเป้าอย่างสวยงาม,อารมณ์ดี,RECOMMENDED,สำนวนร่วมสมัยที่เจ้าของภาษาใช้บ่อยในชีวิตประจำวัน สื่อ การทำงาน เหมาะแก่การจดจำและเรียนรู้ (High Frequency),Nailed it
104,Idiom (สำนวน),living_the_dream,Living the dream,ชีวิตสุขสบายดั่งฝัน / ชีวิตดี๊ดี (มักใช้ประชดว่าก็เรื่อยๆ เหนื่อยแต่ต้องทน),อารมณ์ดี,RECOMMENDED,สำนวนร่วมสมัยที่เจ้าของภาษาใช้บ่อยในชีวิตประจำวัน สื่อ การทำงาน เหมาะแก่การจดจำและเรียนรู้ (High Frequency),Living the dream
105,Idiom (สำนวน),best_of_both_worlds,Best of both worlds,ได้ประโยชน์จากทั้งสองทาง / ได้สิ่งที่ดีที่สุดจากสองตัวเลือกพร้อมกัน,อารมณ์ดี,RECOMMENDED,สำนวนร่วมสมัยที่เจ้าของภาษาใช้บ่อยในชีวิตประจำวัน สื่อ การทำงาน เหมาะแก่การจดจำและเรียนรู้ (High Frequency),Best of both worlds
106,Idiom (สำนวน),the_skys_the_limit,The sky's the limit,ไร้ขีดจำกัด / ไม่มีอะไรมาขวางกั้นได้ / ไปได้ไกลแค่ไหนก็ได้,อารมณ์ดี,RECOMMENDED,สำนวนร่วมสมัยที่เจ้าของภาษาใช้บ่อยในชีวิตประจำวัน สื่อ การทำงาน เหมาะแก่การจดจำและเรียนรู้ (High Frequency),The sky's the limit
107,Idiom (สำนวน),once_in_a_blue_moon,Once in a blue moon,นานๆ ครั้ง,อารมณ์ดี,RECOMMENDED,สำนวนร่วมสมัยที่เจ้าของภาษาใช้บ่อยในชีวิตประจำวัน สื่อ การทำงาน เหมาะแก่การจดจำและเรียนรู้ (High Frequency),Once in a blue moon
108,Idiom (สำนวน),icing_on_the_cake,Icing on the cake,สิ่งดีๆ ที่เพิ่มเข้ามาเป็นของแถม / โชคสองชั้น / ยิ่งทวีความสมบูรณ์แบบ,อารมณ์ดี,RECOMMENDED,สำนวนร่วมสมัยที่เจ้าของภาษาใช้บ่อยในชีวิตประจำวัน สื่อ การทำงาน เหมาะแก่การจดจำและเรียนรู้ (High Frequency),Icing on the cake
109,Idiom (สำนวน),hit_the_jackpot,Hit the jackpot,ถูกรางวัลใหญ่ / โชคหล่นทับก้อนโต / ประสบความสำเร็จอย่างยิ่งใหญ่โดยไม่คาดฝัน,อารมณ์ดี,RECOMMENDED,สำนวนร่วมสมัยที่เจ้าของภาษาใช้บ่อยในชีวิตประจำวัน สื่อ การทำงาน เหมาะแก่การจดจำและเรียนรู้ (High Frequency),Hit the jackpot
110,Idiom (สำนวน),feel_like_a_million_bucks,Feel like a million bucks,รู้สึกกระปรี้กระเปร่าสุดๆ / สดชื่นดูดีมั่นใจเต็มร้อย / สุขภาพกายใจยอดเยี่ยม,อารมณ์ดี,RECOMMENDED,สำนวนร่วมสมัยที่เจ้าของภาษาใช้บ่อยในชีวิตประจำวัน สื่อ การทำงาน เหมาะแก่การจดจำและเรียนรู้ (High Frequency),Feel like a million bucks
111,Idiom (สำนวน),have_a_blast,Have a blast,สนุกสุดเหวี่ยง / มันส์หลุดโลก / มีช่วงเวลาที่สนุกสนานอย่างยิ่ง,อารมณ์ดี,RECOMMENDED,สำนวนร่วมสมัยที่เจ้าของภาษาใช้บ่อยในชีวิตประจำวัน สื่อ การทำงาน เหมาะแก่การจดจำและเรียนรู้ (High Frequency),Have a blast
112,Idiom (สำนวน),time_flies,Time flies,เวลาผ่านไปเร็วเหมือนโกหก / เวลาติดปีกบิน,อารมณ์ดี,RECOMMENDED,สำนวนร่วมสมัยที่เจ้าของภาษาใช้บ่อยในชีวิตประจำวัน สื่อ การทำงาน เหมาะแก่การจดจำและเรียนรู้ (High Frequency),Time flies
113,Idiom (สำนวน),made_my_day,Made my day,ทำให้ฉันมีความสุขไปทั้งวัน / สร้างรอยยิ้มจนใจฟู / เรื่องดีที่สุดของวัน,อารมณ์ดี,RECOMMENDED,สำนวนร่วมสมัยที่เจ้าของภาษาใช้บ่อยในชีวิตประจำวัน สื่อ การทำงาน เหมาะแก่การจดจำและเรียนรู้ (High Frequency),Made my day
114,Idiom (สำนวน),smooth_sailing,Smooth sailing,ราบรื่นไร้อุปสรรค / ฉลุยไร้ปัญหา / เดินหน้าไปได้สวย,อารมณ์ดี,RECOMMENDED,สำนวนร่วมสมัยที่เจ้าของภาษาใช้บ่อยในชีวิตประจำวัน สื่อ การทำงาน เหมาะแก่การจดจำและเรียนรู้ (High Frequency),Smooth sailing
115,Idiom (สำนวน),in_good_hands,In good hands,อยู่ในมือคนที่ไว้ใจได้ / ได้รับการดูแลเป็นอย่างดี / ปลอดภัยไร้กังวล,อารมณ์ดี,RECOMMENDED,สำนวนร่วมสมัยที่เจ้าของภาษาใช้บ่อยในชีวิตประจำวัน สื่อ การทำงาน เหมาะแก่การจดจำและเรียนรู้ (High Frequency),In good hands
116,Idiom (สำนวน),best_thing_since_sliced_bread,Best thing since sliced bread,สิ่งประดิษฐ์หรือไอเดียที่ยอดเยี่ยมที่สุด / เจ๋งสุดยอด / นวัตกรรมเปลี่ยนชีวิต,อารมณ์ดี,RECOMMENDED,สำนวนร่วมสมัยที่เจ้าของภาษาใช้บ่อยในชีวิตประจำวัน สื่อ การทำงาน เหมาะแก่การจดจำและเรียนรู้ (High Frequency),Best thing since sliced bread
117,Idiom (สำนวน),crush_it,Crush it,ทำผลงานได้ยอดเยี่ยม / ลุยให้เต็มที่จนสำเร็จเปรี้ยงปร้าง / ทำได้สุดยอดมาก,อารมณ์ดี,RECOMMENDED,สำนวนร่วมสมัยที่เจ้าของภาษาใช้บ่อยในชีวิตประจำวัน สื่อ การทำงาน เหมาะแก่การจดจำและเรียนรู้ (High Frequency),Crush it
118,Idiom (สำนวน),killing_me,You're killing me,ตลกจนขำจะตายอยู่แล้ว / ปวดหัวกับเธอจริงๆ / ทำเอาฉันแทบทรุด,อารมณ์ดี,RECOMMENDED,สำนวนร่วมสมัยที่เจ้าของภาษาใช้บ่อยในชีวิตประจำวัน สื่อ การทำงาน เหมาะแก่การจดจำและเรียนรู้ (High Frequency),You're killing me
119,Idiom (สำนวน),walking_on_sunshine,Walking on sunshine,"มีความสุขล้นใจ, ฟินสุดๆ, ร่าเริงเบิกบานใจมาก",อารมณ์ดี,RECOMMENDED,สำนวนร่วมสมัยที่เจ้าของภาษาใช้บ่อยในชีวิตประจำวัน สื่อ การทำงาน เหมาะแก่การจดจำและเรียนรู้ (High Frequency),Walking on sunshine
120,Idiom (สำนวน),on_top_of_the_world,On top of the world,"มีความสุขเหลือล้น, รู้สึกชีวิตดีสุดๆ, ฟินขั้นสุด",อารมณ์ดี,RECOMMENDED,สำนวนร่วมสมัยที่เจ้าของภาษาใช้บ่อยในชีวิตประจำวัน สื่อ การทำงาน เหมาะแก่การจดจำและเรียนรู้ (High Frequency),On top of the world
121,Idiom (สำนวน),music_to_my_ears,Music to my ears,"ฟังแล้วชื่นใจ, เป็นข่าวดีที่รอคอย, เข้าหูอย่างยิ่ง",อารมณ์ดี,RECOMMENDED,สำนวนร่วมสมัยที่เจ้าของภาษาใช้บ่อยในชีวิตประจำวัน สื่อ การทำงาน เหมาะแก่การจดจำและเรียนรู้ (High Frequency),Music to my ears
122,Idiom (สำนวน),paint_the_town_red,Paint the town red,"ออกไปฉลองสุดเหวี่ยง, เที่ยวราตรีให้เต็มคราบ",อารมณ์ดี,RECOMMENDED,สำนวนร่วมสมัยที่เจ้าของภาษาใช้บ่อยในชีวิตประจำวัน สื่อ การทำงาน เหมาะแก่การจดจำและเรียนรู้ (High Frequency),Paint the town red
123,Idiom (สำนวน),in_seventh_heaven,In seventh heaven,"สุขล้นพ้น, อิ่มเอมใจขั้นสุด, สวรรค์ชั้นเจ็ด",อารมณ์ดี,RECOMMENDED,สำนวนร่วมสมัยที่เจ้าของภาษาใช้บ่อยในชีวิตประจำวัน สื่อ การทำงาน เหมาะแก่การจดจำและเรียนรู้ (High Frequency),In seventh heaven
124,Idiom (สำนวน),tickled_pink,Tickled pink,"ดีใจจนหน้าบาน, ปลื้มปริ่มสุดๆ, ชอบอกชอบใจมาก",อารมณ์ดี,RECOMMENDED,สำนวนร่วมสมัยที่เจ้าของภาษาใช้บ่อยในชีวิตประจำวัน สื่อ การทำงาน เหมาะแก่การจดจำและเรียนรู้ (High Frequency),Tickled pink
125,Idiom (สำนวน),have_the_time_of_your_life,Have the time of your life,"สนุกสุดเหวี่ยง, มีช่วงเวลาที่ดีที่สุดในชีวิต",อารมณ์ดี,RECOMMENDED,สำนวนร่วมสมัยที่เจ้าของภาษาใช้บ่อยในชีวิตประจำวัน สื่อ การทำงาน เหมาะแก่การจดจำและเรียนรู้ (High Frequency),Have the time of your life
126,Idiom (สำนวน),jump_for_joy,Jump for joy,"กระโดดโลดเต้นด้วยความดีใจ, ดีใจจนตัวลอย",อารมณ์ดี,RECOMMENDED,สำนวนร่วมสมัยที่เจ้าของภาษาใช้บ่อยในชีวิตประจำวัน สื่อ การทำงาน เหมาะแก่การจดจำและเรียนรู้ (High Frequency),Jump for joy
127,Idiom (สำนวน),grin_from_ear_to_ear,Grin from ear to ear,"ยิ้มจนแก้มแทบปริ, ยิ้มกว้างปากจะถึงหู",อารมณ์ดี,RECOMMENDED,สำนวนร่วมสมัยที่เจ้าของภาษาใช้บ่อยในชีวิตประจำวัน สื่อ การทำงาน เหมาะแก่การจดจำและเรียนรู้ (High Frequency),Grin from ear to ear
128,Idiom (สำนวน),bright_and_early,Bright and early,"แต่เช้าตรู่, ตื่นเช้าด้วยความสดชื่นกระปรี้กระเปร่า",อารมณ์ดี,RECOMMENDED,สำนวนร่วมสมัยที่เจ้าของภาษาใช้บ่อยในชีวิตประจำวัน สื่อ การทำงาน เหมาะแก่การจดจำและเรียนรู้ (High Frequency),Bright and early
129,Idiom (สำนวน),clear_sailing,Clear sailing,"ราบรื่นไร้อุปสรรค, ฉลุย, ไหลลื่น",อารมณ์ดี,RECOMMENDED,สำนวนร่วมสมัยที่เจ้าของภาษาใช้บ่อยในชีวิตประจำวัน สื่อ การทำงาน เหมาะแก่การจดจำและเรียนรู้ (High Frequency),Clear sailing
130,Idiom (สำนวน),strike_gold,Strike gold,"พบขุมทรัพย์, ประสบความสำเร็จครั้งใหญ่, รวยเละ",อารมณ์ดี,RECOMMENDED,สำนวนร่วมสมัยที่เจ้าของภาษาใช้บ่อยในชีวิตประจำวัน สื่อ การทำงาน เหมาะแก่การจดจำและเรียนรู้ (High Frequency),Strike gold
131,Idiom (สำนวน),bring_home_the_bacon,Bring home the bacon,"หาเงินเลี้ยงครอบครัว, กอบกู้ชัยชนะกลับมา",อารมณ์ดี,RECOMMENDED,สำนวนร่วมสมัยที่เจ้าของภาษาใช้บ่อยในชีวิตประจำวัน สื่อ การทำงาน เหมาะแก่การจดจำและเรียนรู้ (High Frequency),Bring home the bacon
132,Idiom (สำนวน),hit_a_windfall,Hit a windfall,"ได้ลาภลอย, ได้เงินก้อนโตแบบส้มหล่น",อารมณ์ดี,RECOMMENDED,สำนวนร่วมสมัยที่เจ้าของภาษาใช้บ่อยในชีวิตประจำวัน สื่อ การทำงาน เหมาะแก่การจดจำและเรียนรู้ (High Frequency),Hit a windfall
133,Idiom (สำนวน),breeze_through,Breeze through,"ผ่านฉลุย, ทำเสร็จได้อย่างง่ายดายไร้กังวล",อารมณ์ดี,RECOMMENDED,สำนวนร่วมสมัยที่เจ้าของภาษาใช้บ่อยในชีวิตประจำวัน สื่อ การทำงาน เหมาะแก่การจดจำและเรียนรู้ (High Frequency),Breeze through
134,Idiom (สำนวน),sail_through,Sail through,"ผ่านฉลุย, ทำได้สำเร็จอย่างราบรื่นไร้อุปสรรค",อารมณ์ดี,RECOMMENDED,สำนวนร่วมสมัยที่เจ้าของภาษาใช้บ่อยในชีวิตประจำวัน สื่อ การทำงาน เหมาะแก่การจดจำและเรียนรู้ (High Frequency),Sail through
135,Idiom (สำนวน),in_high_spirits,In high spirits,"อารมณ์ดีคึกคัก, ร่าเริงเบิกบานใจ, จิตใจแจ่มใส",อารมณ์ดี,RECOMMENDED,สำนวนร่วมสมัยที่เจ้าของภาษาใช้บ่อยในชีวิตประจำวัน สื่อ การทำงาน เหมาะแก่การจดจำและเรียนรู้ (High Frequency),In high spirits
136,Idiom (สำนวน),on_a_roll,On a roll,"มือกำลังขึ้น, ทำอะไรก็รุ่งต่อเนื่อง, ท็อปฟอร์ม",อารมณ์ดี,RECOMMENDED,สำนวนร่วมสมัยที่เจ้าของภาษาใช้บ่อยในชีวิตประจำวัน สื่อ การทำงาน เหมาะแก่การจดจำและเรียนรู้ (High Frequency),On a roll
137,Idiom (สำนวน),have_a_sweet_tooth,Have a sweet tooth,"ชอบกินของหวานเป็นชีวิตจิตใจ, สายหวาน",อารมณ์ดี,RECOMMENDED,สำนวนร่วมสมัยที่เจ้าของภาษาใช้บ่อยในชีวิตประจำวัน สื่อ การทำงาน เหมาะแก่การจดจำและเรียนรู้ (High Frequency),Have a sweet tooth
138,Idiom (สำนวน),burst_with_pride,Burst with pride,"ภาคภูมิใจจนอกแทบแตก, ปลื้มใจจนล้นอก",อารมณ์ดี,RECOMMENDED,สำนวนร่วมสมัยที่เจ้าของภาษาใช้บ่อยในชีวิตประจำวัน สื่อ การทำงาน เหมาะแก่การจดจำและเรียนรู้ (High Frequency),Burst with pride
139,Idiom (สำนวน),look_on_the_bright_side,Look on the bright side,"มองโลกในแง่ดี, มองหาสิ่งดีๆ ในวิกฤต",อารมณ์ดี,RECOMMENDED,สำนวนร่วมสมัยที่เจ้าของภาษาใช้บ่อยในชีวิตประจำวัน สื่อ การทำงาน เหมาะแก่การจดจำและเรียนรู้ (High Frequency),Look on the bright side
140,Idiom (สำนวน),count_your_blessings,Count your blessings,"นึกถึงสิ่งดีๆ ที่มีอยู่, รู้สึกขอบคุณสิ่งดีๆ ในชีวิต",อารมณ์ดี,RECOMMENDED,สำนวนร่วมสมัยที่เจ้าของภาษาใช้บ่อยในชีวิตประจำวัน สื่อ การทำงาน เหมาะแก่การจดจำและเรียนรู้ (High Frequency),Count your blessings
141,Idiom (สำนวน),a_breath_of_fresh_air,A breath of fresh air,"สิ่งใหม่ที่สดชื่นแปลกใหม่, การเปลี่ยนแปลงที่ทำให้รู้สึกดีขึ้น",อารมณ์ดี,RECOMMENDED,สำนวนร่วมสมัยที่เจ้าของภาษาใช้บ่อยในชีวิตประจำวัน สื่อ การทำงาน เหมาะแก่การจดจำและเรียนรู้ (High Frequency),A breath of fresh air
142,Idiom (สำนวน),born_with_a_silver_spoon,Born with a silver spoon,"คาบช้อนเงินช้อนทองมาเกิด, เกิดในตระกูลร่ำรวยมีอันจะกิน",อารมณ์ดี,RECOMMENDED,สำนวนร่วมสมัยที่เจ้าของภาษาใช้บ่อยในชีวิตประจำวัน สื่อ การทำงาน เหมาะแก่การจดจำและเรียนรู้ (High Frequency),Born with a silver spoon
143,Idiom (สำนวน),cheer_up,Cheer up,"ร่าเริงหน่อย, ยิ้มสู้, ทำใจให้สดชื่น",อารมณ์ดี,RECOMMENDED,สำนวนร่วมสมัยที่เจ้าของภาษาใช้บ่อยในชีวิตประจำวัน สื่อ การทำงาน เหมาะแก่การจดจำและเรียนรู้ (High Frequency),Cheer up
144,Idiom (สำนวน),freak_out,Freak out,สติแตก / ตกใจจนคุมตัวเองไม่อยู่ / กรี๊ดแตก,อารมณ์ลบ,RECOMMENDED,สำนวนร่วมสมัยที่เจ้าของภาษาใช้บ่อยในชีวิตประจำวัน สื่อ การทำงาน เหมาะแก่การจดจำและเรียนรู้ (High Frequency),Freak out
145,Idiom (สำนวน),lose_it,Lose it,คุมอารมณ์ไม่อยู่ / ตะบะแตก / ฟิวส์ขาด / สติหลุด,อารมณ์ลบ,RECOMMENDED,สำนวนร่วมสมัยที่เจ้าของภาษาใช้บ่อยในชีวิตประจำวัน สื่อ การทำงาน เหมาะแก่การจดจำและเรียนรู้ (High Frequency),Lose it
146,Idiom (สำนวน),hit_rock_bottom,Hit rock bottom,ดิ่งลงสู่จุดต่ำสุด / แย่ถึงขีดสุดจนไม่มีอะไรจะแย่ไปกว่านี้แล้ว,อารมณ์ลบ,RECOMMENDED,สำนวนร่วมสมัยที่เจ้าของภาษาใช้บ่อยในชีวิตประจำวัน สื่อ การทำงาน เหมาะแก่การจดจำและเรียนรู้ (High Frequency),Hit rock bottom
147,Idiom (สำนวน),on_thin_ice,On thin ice,ตกอยู่ในสถานการณ์ที่เสี่ยงอันตราย / แขวนอยู่บนเส้นด้าย / ก้าวพลาดอีกนิดเดียวมีเรื่องแน่,อารมณ์ลบ,RECOMMENDED,สำนวนร่วมสมัยที่เจ้าของภาษาใช้บ่อยในชีวิตประจำวัน สื่อ การทำงาน เหมาะแก่การจดจำและเรียนรู้ (High Frequency),On thin ice
148,Idiom (สำนวน),at_the_end_of_my_rope,At the end of my rope,หมดความอดทนแล้ว / จนปัญญา / สุดสายป่าน / ทนรับไม่ไหวอีกต่อไป,อารมณ์ลบ,RECOMMENDED,สำนวนร่วมสมัยที่เจ้าของภาษาใช้บ่อยในชีวิตประจำวัน สื่อ การทำงาน เหมาะแก่การจดจำและเรียนรู้ (High Frequency),At the end of my rope
149,Idiom (สำนวน),under_the_weather,Under the weather,รู้สึกไม่ค่อยสบาย / ป่วยรุมๆ / ครั่นเนื้อครั่นตัว,อารมณ์ลบ,RECOMMENDED,สำนวนร่วมสมัยที่เจ้าของภาษาใช้บ่อยในชีวิตประจำวัน สื่อ การทำงาน เหมาะแก่การจดจำและเรียนรู้ (High Frequency),Under the weather
150,Idiom (สำนวน),butterflies_in_my_stomach,Butterflies in my stomach,รู้สึกตื่นเต้นปั่นป่วนในท้อง / ประหม่าจนท้องไส้ปั่นป่วน,อารมณ์ลบ,RECOMMENDED,สำนวนร่วมสมัยที่เจ้าของภาษาใช้บ่อยในชีวิตประจำวัน สื่อ การทำงาน เหมาะแก่การจดจำและเรียนรู้ (High Frequency),Butterflies in my stomach
151,Idiom (สำนวน),down_in_the_dumps,Down in the dumps,เศร้าซึม / หดหู่ / อารมณ์บูด / จิตใจหม่นหมอง,อารมณ์ลบ,RECOMMENDED,สำนวนร่วมสมัยที่เจ้าของภาษาใช้บ่อยในชีวิตประจำวัน สื่อ การทำงาน เหมาะแก่การจดจำและเรียนรู้ (High Frequency),Down in the dumps
152,Idiom (สำนวน),blow_a_fuse,Blow a fuse,ฟิวส์ขาด / โกรธจนควันออกหู / อารมณ์ระเบิดแตกหัก,อารมณ์ลบ,RECOMMENDED,สำนวนร่วมสมัยที่เจ้าของภาษาใช้บ่อยในชีวิตประจำวัน สื่อ การทำงาน เหมาะแก่การจดจำและเรียนรู้ (High Frequency),Blow a fuse
153,Idiom (สำนวน),bite_the_bullet,Bite the bullet,กัดฟันสู้ / กล้ำกลืนฝืนทนทำสิ่งที่ยากลำบาก / ยอมเจ็บเพื่อจบ,อารมณ์ลบ,RECOMMENDED,สำนวนร่วมสมัยที่เจ้าของภาษาใช้บ่อยในชีวิตประจำวัน สื่อ การทำงาน เหมาะแก่การจดจำและเรียนรู้ (High Frequency),Bite the bullet
154,Idiom (สำนวน),between_a_rock_and_a_hard_place,Between a rock and a hard place,กลืนไม่เข้าคายไม่ออก / ตกที่นั่งลำบาก / เจอทางเลือกที่แย่พอกันทั้งสองทาง,อารมณ์ลบ,RECOMMENDED,สำนวนร่วมสมัยที่เจ้าของภาษาใช้บ่อยในชีวิตประจำวัน สื่อ การทำงาน เหมาะแก่การจดจำและเรียนรู้ (High Frequency),Between a rock and a hard place
155,Idiom (สำนวน),hanging_by_a_thread,Hanging by a thread,แขวนอยู่บนเส้นด้าย / ตกอยู่ในภาวะหมิ่นเหม่วิกฤต / ร่อแร่เจียนอยู่เจียนไป,อารมณ์ลบ,RECOMMENDED,สำนวนร่วมสมัยที่เจ้าของภาษาใช้บ่อยในชีวิตประจำวัน สื่อ การทำงาน เหมาะแก่การจดจำและเรียนรู้ (High Frequency),Hanging by a thread
156,Idiom (สำนวน),jump_out_of_my_skin,Jump out of my skin,ตกใจจนตัวลอย / ตกใจแทบช็อก / ขวัญหนีดีฝ่อ,อารมณ์ลบ,RECOMMENDED,สำนวนร่วมสมัยที่เจ้าของภาษาใช้บ่อยในชีวิตประจำวัน สื่อ การทำงาน เหมาะแก่การจดจำและเรียนรู้ (High Frequency),Jump out of my skin
157,Idiom (สำนวน),sweating_bullets,Sweating bullets,เหงื่อแตกพลั่ก / กังวลจนเหงื่อตก / เครียดจนเหงื่อกาฬไหล,อารมณ์ลบ,RECOMMENDED,สำนวนร่วมสมัยที่เจ้าของภาษาใช้บ่อยในชีวิตประจำวัน สื่อ การทำงาน เหมาะแก่การจดจำและเรียนรู้ (High Frequency),Sweating bullets
158,Idiom (สำนวน),have_a_lot_on_my_plate,Have a lot on my plate,มีภาระล้นมือ / งานท่วมหัว / มีเรื่องให้ต้องจัดการเพียบ,อารมณ์ลบ,RECOMMENDED,สำนวนร่วมสมัยที่เจ้าของภาษาใช้บ่อยในชีวิตประจำวัน สื่อ การทำงาน เหมาะแก่การจดจำและเรียนรู้ (High Frequency),Have a lot on my plate
159,Idiom (สำนวน),burnt_out,Burnt out,หมดไฟ / เหนื่อยล้าหมดแรงทั้งกายและใจจากการทำงานหนักสะสม,อารมณ์ลบ,RECOMMENDED,สำนวนร่วมสมัยที่เจ้าของภาษาใช้บ่อยในชีวิตประจำวัน สื่อ การทำงาน เหมาะแก่การจดจำและเรียนรู้ (High Frequency),Burnt out
160,Idiom (สำนวน),break_down,Break down,ปล่อยโฮ / สติแตกพังทลาย / พัง (เครื่องยนต์) / แยกย่อยข้อมูล,อารมณ์ลบ,RECOMMENDED,สำนวนร่วมสมัยที่เจ้าของภาษาใช้บ่อยในชีวิตประจำวัน สื่อ การทำงาน เหมาะแก่การจดจำและเรียนรู้ (High Frequency),Break down
161,Idiom (สำนวน),in_hot_water,In hot water,งานเข้า / ซวยแล้ว / ตกที่นั่งลำบากเพราะทำเรื่องผิดพลาด,อารมณ์ลบ,RECOMMENDED,สำนวนร่วมสมัยที่เจ้าของภาษาใช้บ่อยในชีวิตประจำวัน สื่อ การทำงาน เหมาะแก่การจดจำและเรียนรู้ (High Frequency),In hot water
162,Idiom (สำนวน),drive_someone_up_the_wall,Drive someone up the wall,กวนประสาทจนแทบบ้า / ทำให้หงุดหงิดจนแทบคลั่ง,อารมณ์ลบ,RECOMMENDED,สำนวนร่วมสมัยที่เจ้าของภาษาใช้บ่อยในชีวิตประจำวัน สื่อ การทำงาน เหมาะแก่การจดจำและเรียนรู้ (High Frequency),Drive someone up the wall
163,Idiom (สำนวน),snap,Snap,ฟิวส์ขาด / ตบะแตก / คุมอารมณ์ไม่อยู่จนระเบิดออกมา,อารมณ์ลบ,RECOMMENDED,สำนวนร่วมสมัยที่เจ้าของภาษาใช้บ่อยในชีวิตประจำวัน สื่อ การทำงาน เหมาะแก่การจดจำและเรียนรู้ (High Frequency),Snap
164,Idiom (สำนวน),hit_the_ceiling,Hit the ceiling,"โกรธควันออกหู, สติแตกด้วยความโกรธ, โกรธจนเพดานบินพัง",อารมณ์ลบ,RECOMMENDED,สำนวนร่วมสมัยที่เจ้าของภาษาใช้บ่อยในชีวิตประจำวัน สื่อ การทำงาน เหมาะแก่การจดจำและเรียนรู้ (High Frequency),Hit the ceiling
165,Idiom (สำนวน),drive_me_crazy,Drive me crazy,"ทำให้ฉันแทบบ้า, กวนประสาทจนทนไม่ไหว, คลั่งไคล้สุดๆ",อารมณ์ลบ,RECOMMENDED,สำนวนร่วมสมัยที่เจ้าของภาษาใช้บ่อยในชีวิตประจำวัน สื่อ การทำงาน เหมาะแก่การจดจำและเรียนรู้ (High Frequency),Drive me crazy
166,Idiom (สำนวน),lose_your_cool,Lose your cool,"ฟิวส์ขาด, สติหลุด, คุมอารมณ์ไม่อยู่",อารมณ์ลบ,RECOMMENDED,สำนวนร่วมสมัยที่เจ้าของภาษาใช้บ่อยในชีวิตประจำวัน สื่อ การทำงาน เหมาะแก่การจดจำและเรียนรู้ (High Frequency),Lose your cool
167,Idiom (สำนวน),bent_out_of_shape,Bent out of shape,"หัวเสีย, นอยด์, อารมณ์เสียเกินเหตุ",อารมณ์ลบ,RECOMMENDED,สำนวนร่วมสมัยที่เจ้าของภาษาใช้บ่อยในชีวิตประจำวัน สื่อ การทำงาน เหมาะแก่การจดจำและเรียนรู้ (High Frequency),Bent out of shape
168,Idiom (สำนวน),have_a_meltdown,Have a meltdown,"สติแตก, ปรี๊ดแตก, ระเบิดอารมณ์คุมตัวเองไม่ได้",อารมณ์ลบ,RECOMMENDED,สำนวนร่วมสมัยที่เจ้าของภาษาใช้บ่อยในชีวิตประจำวัน สื่อ การทำงาน เหมาะแก่การจดจำและเรียนรู้ (High Frequency),Have a meltdown
169,Idiom (สำนวน),bite_my_head_off,Bite someone's head off,"ตวาดใส่, แหวใส่, วีนใส่โดยไม่มีเหตุผล",อารมณ์ลบ,RECOMMENDED,สำนวนร่วมสมัยที่เจ้าของภาษาใช้บ่อยในชีวิตประจำวัน สื่อ การทำงาน เหมาะแก่การจดจำและเรียนรู้ (High Frequency),Bite someone's head off
170,Idiom (สำนวน),tear_your_hair_out,Tear your hair out,"เครียดจนแทบดึงผมตัวเอง, กลุ้มใจจนแทบบ้า, หัวจะปวด",อารมณ์ลบ,RECOMMENDED,สำนวนร่วมสมัยที่เจ้าของภาษาใช้บ่อยในชีวิตประจำวัน สื่อ การทำงาน เหมาะแก่การจดจำและเรียนรู้ (High Frequency),Tear your hair out
171,Idiom (สำนวน),sick_and_tired,Sick and tired,เอือมระอาเต็มทน / เบื่อหน่ายจนทนไม่ไหว / เซ็งจนไม่อยากทนอีกต่อไป,อารมณ์ลบ,RECOMMENDED,สำนวนร่วมสมัยที่เจ้าของภาษาใช้บ่อยในชีวิตประจำวัน สื่อ การทำงาน เหมาะแก่การจดจำและเรียนรู้ (High Frequency),Sick and tired
172,Idiom (สำนวน),fed_up,Fed up,"ทนไม่ไหวแล้ว, เบื่อเต็มที, เอือมระอา",อารมณ์ลบ,RECOMMENDED,สำนวนร่วมสมัยที่เจ้าของภาษาใช้บ่อยในชีวิตประจำวัน สื่อ การทำงาน เหมาะแก่การจดจำและเรียนรู้ (High Frequency),Fed up
173,Idiom (สำนวน),fly_off_the_handle,Fly off the handle,"ฟิวส์ขาดกะทันหัน, น็อตหลุด, ควบคุมอารมณ์ไม่ได้",อารมณ์ลบ,RECOMMENDED,สำนวนร่วมสมัยที่เจ้าของภาษาใช้บ่อยในชีวิตประจำวัน สื่อ การทำงาน เหมาะแก่การจดจำและเรียนรู้ (High Frequency),Fly off the handle
174,Idiom (สำนวน),get_on_my_nerves,Get on my nerves,"กวนประสาท, ขัดหูขัดตา, ทำให้น่ารำคาญใจ",อารมณ์ลบ,RECOMMENDED,สำนวนร่วมสมัยที่เจ้าของภาษาใช้บ่อยในชีวิตประจำวัน สื่อ การทำงาน เหมาะแก่การจดจำและเรียนรู้ (High Frequency),Get on my nerves
175,Idiom (สำนวน),rub_someone_the_wrong_way,Rub someone the wrong way,"ไม่ถูกชะตา, ขัดใจ, ทำอะไรก็ไม่เข้าตา",อารมณ์ลบ,RECOMMENDED,สำนวนร่วมสมัยที่เจ้าของภาษาใช้บ่อยในชีวิตประจำวัน สื่อ การทำงาน เหมาะแก่การจดจำและเรียนรู้ (High Frequency),Rub someone the wrong way
176,Idiom (สำนวน),beside_oneself,Beside oneself,"คุมสติไม่อยู่ (ด้วยความโกรธ เสียใจ หรือตื่นเต้น), แทบคลั่ง",อารมณ์ลบ,RECOMMENDED,สำนวนร่วมสมัยที่เจ้าของภาษาใช้บ่อยในชีวิตประจำวัน สื่อ การทำงาน เหมาะแก่การจดจำและเรียนรู้ (High Frequency),Beside oneself
177,Idiom (สำนวน),down_in_the_mouth,Down in the mouth,"หน้าเศร้าคอตก, หงอยเหงา, ซึมเศร้าหน้าบอกบุญไม่รับ",อารมณ์ลบ,RECOMMENDED,สำนวนร่วมสมัยที่เจ้าของภาษาใช้บ่อยในชีวิตประจำวัน สื่อ การทำงาน เหมาะแก่การจดจำและเรียนรู้ (High Frequency),Down in the mouth
178,Idiom (สำนวน),heavy_heart,With a heavy heart,"ด้วยหัวใจที่หนักอึ้ง, ด้วยความโศกเศร้าอาลัย",อารมณ์ลบ,RECOMMENDED,สำนวนร่วมสมัยที่เจ้าของภาษาใช้บ่อยในชีวิตประจำวัน สื่อ การทำงาน เหมาะแก่การจดจำและเรียนรู้ (High Frequency),With a heavy heart
179,Idiom (สำนวน),scared_stiff,Scared stiff,"กลัวจนตัวแข็งทื่อ, ตกใจจนก้าวขาไม่ออก",อารมณ์ลบ,RECOMMENDED,สำนวนร่วมสมัยที่เจ้าของภาษาใช้บ่อยในชีวิตประจำวัน สื่อ การทำงาน เหมาะแก่การจดจำและเรียนรู้ (High Frequency),Scared stiff
180,Idiom (สำนวน),scared_to_death,Scared to death,"กลัวแทบตาย, ขวัญหนีดีฝ่อ, ตกใจแทบสิ้นสติ",อารมณ์ลบ,RECOMMENDED,สำนวนร่วมสมัยที่เจ้าของภาษาใช้บ่อยในชีวิตประจำวัน สื่อ การทำงาน เหมาะแก่การจดจำและเรียนรู้ (High Frequency),Scared to death
181,Idiom (สำนวน),chilled_to_the_bone,Chilled to the bone,"หนาวเหน็บเข้ากระดูก, เสียวสันหลังวาบด้วยความกลัว",อารมณ์ลบ,RECOMMENDED,สำนวนร่วมสมัยที่เจ้าของภาษาใช้บ่อยในชีวิตประจำวัน สื่อ การทำงาน เหมาะแก่การจดจำและเรียนรู้ (High Frequency),Chilled to the bone
182,Idiom (สำนวน),clutching_at_straws,Clutching at straws,"คว้าฟางเส้นสุดท้าย, ดิ้นรนทำทุกวิถีทางแม้ไม่มีหวัง",อารมณ์ลบ,RECOMMENDED,สำนวนร่วมสมัยที่เจ้าของภาษาใช้บ่อยในชีวิตประจำวัน สื่อ การทำงาน เหมาะแก่การจดจำและเรียนรู้ (High Frequency),Clutching at straws
183,Idiom (สำนวน),heart_sank,My heart sank,"ใจหายวาบ, ใจแป้ว, สิ้นหวังและผิดหวังทันที",อารมณ์ลบ,RECOMMENDED,สำนวนร่วมสมัยที่เจ้าของภาษาใช้บ่อยในชีวิตประจำวัน สื่อ การทำงาน เหมาะแก่การจดจำและเรียนรู้ (High Frequency),My heart sank
184,Idiom (สำนวน),green_with_envy,Green with envy,"อิจฉาตาร้อน, อิจฉาจนหน้าเขียว",อารมณ์ลบ,RECOMMENDED,สำนวนร่วมสมัยที่เจ้าของภาษาใช้บ่อยในชีวิตประจำวัน สื่อ การทำงาน เหมาะแก่การจดจำและเรียนรู้ (High Frequency),Green with envy
185,Idiom (สำนวน),have_a_bad_hair_day,Have a bad hair day,"วันซวย, วันที่ทำอะไรก็ติดขัดไม่เป็นใจไปหมด",อารมณ์ลบ,RECOMMENDED,สำนวนร่วมสมัยที่เจ้าของภาษาใช้บ่อยในชีวิตประจำวัน สื่อ การทำงาน เหมาะแก่การจดจำและเรียนรู้ (High Frequency),Have a bad hair day
186,Idiom (สำนวน),spill_your_guts,Spill your guts,"สารภาพหมดเปลือก, คายความลับจนหมดไส้หมดพุง",อารมณ์ลบ,RECOMMENDED,สำนวนร่วมสมัยที่เจ้าของภาษาใช้บ่อยในชีวิตประจำวัน สื่อ การทำงาน เหมาะแก่การจดจำและเรียนรู้ (High Frequency),Spill your guts
187,Idiom (สำนวน),on_edge,On edge,"กระสับกระส่าย, ประสาทตึงเครียด, หงุดหงิดง่าย",อารมณ์ลบ,RECOMMENDED,สำนวนร่วมสมัยที่เจ้าของภาษาใช้บ่อยในชีวิตประจำวัน สื่อ การทำงาน เหมาะแก่การจดจำและเรียนรู้ (High Frequency),On edge
188,Idiom (สำนวน),on_pins_and_needles,On pins and needles,"นั่งไม่ติด, ใจจดใจจ่อด้วยความกระวนกระวาย, ลุ้นจนตัวเกร็ง",อารมณ์ลบ,RECOMMENDED,สำนวนร่วมสมัยที่เจ้าของภาษาใช้บ่อยในชีวิตประจำวัน สื่อ การทำงาน เหมาะแก่การจดจำและเรียนรู้ (High Frequency),On pins and needles
189,Idiom (สำนวน),nervous_wreck,Nervous wreck,"คนสติแตก, คนที่ประสาทเสียจากความเครียดสะสม",อารมณ์ลบ,RECOMMENDED,สำนวนร่วมสมัยที่เจ้าของภาษาใช้บ่อยในชีวิตประจำวัน สื่อ การทำงาน เหมาะแก่การจดจำและเรียนรู้ (High Frequency),Nervous wreck
190,Idiom (สำนวน),wake_up_on_wrong_side,Wake up on the wrong side of the bed,"ตื่นมาอารมณ์บูด, หงุดหงิดแต่เช้าโดยไม่มีสาเหตุ",อารมณ์ลบ,RECOMMENDED,สำนวนร่วมสมัยที่เจ้าของภาษาใช้บ่อยในชีวิตประจำวัน สื่อ การทำงาน เหมาะแก่การจดจำและเรียนรู้ (High Frequency),Wake up on the wrong side of the bed
191,Idiom (สำนวน),cross_that_bridge,Cross that bridge when we come to it,"ถึงเวลาค่อยว่ากัน, อย่าเพิ่งตีตนไปก่อนไข้",อารมณ์ลบ,RECOMMENDED,สำนวนร่วมสมัยที่เจ้าของภาษาใช้บ่อยในชีวิตประจำวัน สื่อ การทำงาน เหมาะแก่การจดจำและเรียนรู้ (High Frequency),Cross that bridge when we come to it
192,Idiom (สำนวน),sour_grapes,Sour grapes,"องุ่นเปรี้ยว, แกล้งบอกว่าไม่อยากได้เพราะตัวเองทำไม่ได้",อารมณ์ลบ,RECOMMENDED,สำนวนร่วมสมัยที่เจ้าของภาษาใช้บ่อยในชีวิตประจำวัน สื่อ การทำงาน เหมาะแก่การจดจำและเรียนรู้ (High Frequency),Sour grapes
193,Idiom (สำนวน),chip_on_your_shoulder,Have a chip on your shoulder,"มีปมด้อยฝังใจ, เจ้าคิดเจ้าแค้นพร้อมหาเรื่องตลอดเวลา",อารมณ์ลบ,RECOMMENDED,สำนวนร่วมสมัยที่เจ้าของภาษาใช้บ่อยในชีวิตประจำวัน สื่อ การทำงาน เหมาะแก่การจดจำและเรียนรู้ (High Frequency),Have a chip on your shoulder
194,Idiom (สำนวน),hit_it_off,Hit it off,ถูกชะตากันทันที / เข้ากันเป็นปี่เป็นขลุ่ยตั้งแต่แรกเจอ / คุยกันถูกคอ,ความรัก,RECOMMENDED,สำนวนร่วมสมัยที่เจ้าของภาษาใช้บ่อยในชีวิตประจำวัน สื่อ การทำงาน เหมาะแก่การจดจำและเรียนรู้ (High Frequency),Hit it off
195,Idiom (สำนวน),have_a_crush_on,Have a crush on,แอบชอบ / แอบปิ๊ง / หลงรัก,ความรัก,RECOMMENDED,สำนวนร่วมสมัยที่เจ้าของภาษาใช้บ่อยในชีวิตประจำวัน สื่อ การทำงาน เหมาะแก่การจดจำและเรียนรู้ (High Frequency),Have a crush on
196,Idiom (สำนวน),fall_for_someone,Fall for someone,ตกหลุมรัก / เทใจให้ / หลงเสน่ห์จนถอนตัวไม่ขึ้น,ความรัก,RECOMMENDED,สำนวนร่วมสมัยที่เจ้าของภาษาใช้บ่อยในชีวิตประจำวัน สื่อ การทำงาน เหมาะแก่การจดจำและเรียนรู้ (High Frequency),Fall for someone
197,Idiom (สำนวน),sweep_someone_off_their_feet,Sweep someone off their feet,ทำให้หลงรักหัวปักหัวปำ,ความรัก,RECOMMENDED,สำนวนร่วมสมัยที่เจ้าของภาษาใช้บ่อยในชีวิตประจำวัน สื่อ การทำงาน เหมาะแก่การจดจำและเรียนรู้ (High Frequency),Sweep someone off their feet
198,Idiom (สำนวน),puppy_love,Puppy love,ความรักแบบเด็กๆ / ความรักวัยป๊อปปี้เลิฟ / ความรักวัยรุ่นที่ตื่นเต้นชั่วคราว,ความรัก,RECOMMENDED,สำนวนร่วมสมัยที่เจ้าของภาษาใช้บ่อยในชีวิตประจำวัน สื่อ การทำงาน เหมาะแก่การจดจำและเรียนรู้ (High Frequency),Puppy love
199,Idiom (สำนวน),love_at_first_sight,Love at first sight,รักแรกพบ / ตกหลุมรักตั้งแต่แรกสบตา,ความรัก,RECOMMENDED,สำนวนร่วมสมัยที่เจ้าของภาษาใช้บ่อยในชีวิตประจำวัน สื่อ การทำงาน เหมาะแก่การจดจำและเรียนรู้ (High Frequency),Love at first sight
200,Idiom (สำนวน),tie_the_knot,Tie the knot,แต่งงาน / สละโสด / เข้าสู่ประตูวิวาห์,ความรัก,RECOMMENDED,สำนวนร่วมสมัยที่เจ้าของภาษาใช้บ่อยในชีวิตประจำวัน สื่อ การทำงาน เหมาะแก่การจดจำและเรียนรู้ (High Frequency),Tie the knot
201,Idiom (สำนวน),pop_the_question,Pop the question,ขอแต่งงาน / เอ่ยปากขอแต่งงาน,ความรัก,RECOMMENDED,สำนวนร่วมสมัยที่เจ้าของภาษาใช้บ่อยในชีวิตประจำวัน สื่อ การทำงาน เหมาะแก่การจดจำและเรียนรู้ (High Frequency),Pop the question
202,Idiom (สำนวน),break_up,Break up,เลิกรา / เลิกกัน / ยุติความสัมพันธ์,ความรัก,RECOMMENDED,สำนวนร่วมสมัยที่เจ้าของภาษาใช้บ่อยในชีวิตประจำวัน สื่อ การทำงาน เหมาะแก่การจดจำและเรียนรู้ (High Frequency),Break up
203,Idiom (สำนวน),get_back_together,Get back together,กลับมาคืนดีกัน / รีเทิร์นกลับมาคบกันใหม่,ความรัก,RECOMMENDED,สำนวนร่วมสมัยที่เจ้าของภาษาใช้บ่อยในชีวิตประจำวัน สื่อ การทำงาน เหมาะแก่การจดจำและเรียนรู้ (High Frequency),Get back together
204,Idiom (สำนวน),on_the_rocks,On the rocks,ระหองระแหง / ส่อแววจะล่ม / ใกล้พังแหล่มิพังแหล่,ความรัก,RECOMMENDED,สำนวนร่วมสมัยที่เจ้าของภาษาใช้บ่อยในชีวิตประจำวัน สื่อ การทำงาน เหมาะแก่การจดจำและเรียนรู้ (High Frequency),On the rocks
205,Idiom (สำนวน),play_hard_to_get,Play hard to get,เล่นตัว / ทำเป็นไม่สนใจเพื่อหยั่งเชิง / วางฟอร์มให้ดูมีค่า,ความรัก,RECOMMENDED,สำนวนร่วมสมัยที่เจ้าของภาษาใช้บ่อยในชีวิตประจำวัน สื่อ การทำงาน เหมาะแก่การจดจำและเรียนรู้ (High Frequency),Play hard to get
206,Idiom (สำนวน),friend_zone,Friend zone,สถานะแค่เพื่อน / ติดอยู่ในเฟรนด์โซน (คิดเกินเพื่อนแต่อีกฝ่ายให้เป็นแค่เพื่อน),ความรัก,RECOMMENDED,สำนวนร่วมสมัยที่เจ้าของภาษาใช้บ่อยในชีวิตประจำวัน สื่อ การทำงาน เหมาะแก่การจดจำและเรียนรู้ (High Frequency),Friend zone
207,Idiom (สำนวน),head_over_heels,Head over heels,หลงรักหัวปักหัวปำ / ตกหลุมรักอย่างบ้าคลั่งจนโงหัวไม่ขึ้น,ความรัก,RECOMMENDED,สำนวนร่วมสมัยที่เจ้าของภาษาใช้บ่อยในชีวิตประจำวัน สื่อ การทำงาน เหมาะแก่การจดจำและเรียนรู้ (High Frequency),Head over heels
208,Idiom (สำนวน),soulmate,Soulmate,เนื้อคู่ / คู่แท้ / คนที่เข้าใจจิตวิญญาณของเราอย่างลึกซึ้ง,ความรัก,RECOMMENDED,สำนวนร่วมสมัยที่เจ้าของภาษาใช้บ่อยในชีวิตประจำวัน สื่อ การทำงาน เหมาะแก่การจดจำและเรียนรู้ (High Frequency),Soulmate
209,Idiom (สำนวน),match_made_in_heaven,Match made in heaven,คู่สร้างคู่สม / กิ่งทองใบหยก / เหมาะสมกันราวกับสวรรค์สร้าง,ความรัก,RECOMMENDED,สำนวนร่วมสมัยที่เจ้าของภาษาใช้บ่อยในชีวิตประจำวัน สื่อ การทำงาน เหมาะแก่การจดจำและเรียนรู้ (High Frequency),Match made in heaven
210,Idiom (สำนวน),give_someone_the_butterflies,Give someone the butterflies,ทำให้ใจเต้นตึกตัก / ทำให้รู้สึกหวิวๆ วูบวาบในท้องด้วยความตกหลุมรัก,ความรัก,RECOMMENDED,สำนวนร่วมสมัยที่เจ้าของภาษาใช้บ่อยในชีวิตประจำวัน สื่อ การทำงาน เหมาะแก่การจดจำและเรียนรู้ (High Frequency),Give someone the butterflies
211,Idiom (สำนวน),love_triangle,Love triangle,รักสามเส้า / ศึกชิงรักหักสวาทระหว่างคนสามคน,ความรัก,RECOMMENDED,สำนวนร่วมสมัยที่เจ้าของภาษาใช้บ่อยในชีวิตประจำวัน สื่อ การทำงาน เหมาะแก่การจดจำและเรียนรู้ (High Frequency),Love triangle
212,Idiom (สำนวน),settle_down,Settle down,ลงหลักปักฐาน / สร้างครอบครัวเป็นหลักเป็นแหล่ง / สงบสติอารมณ์,ความรัก,RECOMMENDED,สำนวนร่วมสมัยที่เจ้าของภาษาใช้บ่อยในชีวิตประจำวัน สื่อ การทำงาน เหมาะแก่การจดจำและเรียนรู้ (High Frequency),Settle down
213,Idiom (สำนวน),blind_date,Blind date,การนัดบอด / การไปเดตกับคนที่ไม่เคยรู้จักหรือเห็นหน้ากันมาก่อน,ความรัก,RECOMMENDED,สำนวนร่วมสมัยที่เจ้าของภาษาใช้บ่อยในชีวิตประจำวัน สื่อ การทำงาน เหมาะแก่การจดจำและเรียนรู้ (High Frequency),Blind date
214,Idiom (สำนวน),lovebirds,Lovebirds,คู่รักที่ตัวติดกัน หวานแหววตลอดเวลา,ความรัก,RECOMMENDED,สำนวนร่วมสมัยที่เจ้าของภาษาใช้บ่อยในชีวิตประจำวัน สื่อ การทำงาน เหมาะแก่การจดจำและเรียนรู้ (High Frequency),Lovebirds
215,Idiom (สำนวน),whirlwind_romance,Whirlwind romance,ความรักที่เกิดขึ้นและดำเนินไปอย่างรวดเร็วปานสายฟ้าแลบ,ความรัก,RECOMMENDED,สำนวนร่วมสมัยที่เจ้าของภาษาใช้บ่อยในชีวิตประจำวัน สื่อ การทำงาน เหมาะแก่การจดจำและเรียนรู้ (High Frequency),Whirlwind romance
216,Idiom (สำนวน),have_eyes_only_for,Have eyes only for,มีตาไว้มองแค่คนคนเดียว หลงรักมั่นคงจนไม่มองใครอื่น,ความรัก,RECOMMENDED,สำนวนร่วมสมัยที่เจ้าของภาษาใช้บ่อยในชีวิตประจำวัน สื่อ การทำงาน เหมาะแก่การจดจำและเรียนรู้ (High Frequency),Have eyes only for
217,Idiom (สำนวน),wear_heart_on_sleeve,Wear your heart on your sleeve,เปิดเผยความรู้สึกหมดเปลือก คิดหรือรู้สึกอะไรก็แสดงออกมาชัดเจน,ความรัก,RECOMMENDED,สำนวนร่วมสมัยที่เจ้าของภาษาใช้บ่อยในชีวิตประจำวัน สื่อ การทำงาน เหมาะแก่การจดจำและเรียนรู้ (High Frequency),Wear your heart on your sleeve
218,Idiom (สำนวน),love_is_blind,Love is blind,ความรักทำให้คนตาบอด มองข้ามข้อเสียทุกอย่างของคนรัก,ความรัก,RECOMMENDED,สำนวนร่วมสมัยที่เจ้าของภาษาใช้บ่อยในชีวิตประจำวัน สื่อ การทำงาน เหมาะแก่การจดจำและเรียนรู้ (High Frequency),Love is blind
219,Idiom (สำนวน),steal_my_heart,Steal someone's heart,ขโมยหัวใจ / ชิงหัวใจไปครอง / ทำให้หลงรักอย่างถอนตัวไม่ขึ้น,ความรัก,RECOMMENDED,สำนวนร่วมสมัยที่เจ้าของภาษาใช้บ่อยในชีวิตประจำวัน สื่อ การทำงาน เหมาะแก่การจดจำและเรียนรู้ (High Frequency),Steal someone's heart
220,Idiom (สำนวน),smitten,Smitten with someone,หลงรักหัวปักหัวปำ หลงเสน่ห์จนโงหัวไม่ขึ้น,ความรัก,RECOMMENDED,สำนวนร่วมสมัยที่เจ้าของภาษาใช้บ่อยในชีวิตประจำวัน สื่อ การทำงาน เหมาะแก่การจดจำและเรียนรู้ (High Frequency),Smitten with someone
221,Idiom (สำนวน),lead_someone_on,Lead someone on,ให้ความหวัง บริหารเสน่ห์หลอกให้อีกฝ่ายคิดไปไกล,ความรัก,RECOMMENDED,สำนวนร่วมสมัยที่เจ้าของภาษาใช้บ่อยในชีวิตประจำวัน สื่อ การทำงาน เหมาะแก่การจดจำและเรียนรู้ (High Frequency),Lead someone on
222,Idiom (สำนวน),on_the_rebound,On the rebound,อยู่ในช่วงพักใจหลังอกหัก / อาการใจเปราะบางหลังเพิ่งเลิกกับแฟน / คบคนใหม่เพื่อประชดหรือรักษาแผลใจ,ความรัก,RECOMMENDED,สำนวนร่วมสมัยที่เจ้าของภาษาใช้บ่อยในชีวิตประจำวัน สื่อ การทำงาน เหมาะแก่การจดจำและเรียนรู้ (High Frequency),On the rebound
223,Idiom (สำนวน),sparks_fly,Sparks fly,เคมีรักปะทุแรง หรือเกิดการปะทะคารมกันอย่างดุเดือด,ความรัก,RECOMMENDED,สำนวนร่วมสมัยที่เจ้าของภาษาใช้บ่อยในชีวิตประจำวัน สื่อ การทำงาน เหมาะแก่การจดจำและเรียนรู้ (High Frequency),Sparks fly
224,Idiom (สำนวน),kiss_and_make_up,Kiss and make up,คืนดีกัน เลิกโกรธและหันมาปรับความเข้าใจกัน,ความรัก,RECOMMENDED,สำนวนร่วมสมัยที่เจ้าของภาษาใช้บ่อยในชีวิตประจำวัน สื่อ การทำงาน เหมาะแก่การจดจำและเรียนรู้ (High Frequency),Kiss and make up
225,Idiom (สำนวน),unrequited_love,Unrequited love,รักข้างเดียว รักที่ไม่สมหวังเพราะอีกฝ่ายไม่ได้รักตอบ,ความรัก,RECOMMENDED,สำนวนร่วมสมัยที่เจ้าของภาษาใช้บ่อยในชีวิตประจำวัน สื่อ การทำงาน เหมาะแก่การจดจำและเรียนรู้ (High Frequency),Unrequited love
226,Idiom (สำนวน),puppy_dog_eyes,Puppy dog eyes,ทำสายตาออดอ้อน ทำตาละห้อยขอความเห็นใจเหมือนลูกหมา,ความรัก,RECOMMENDED,สำนวนร่วมสมัยที่เจ้าของภาษาใช้บ่อยในชีวิตประจำวัน สื่อ การทำงาน เหมาะแก่การจดจำและเรียนรู้ (High Frequency),Puppy dog eyes
227,Idiom (สำนวน),main_squeeze,Main squeeze,คนรู้ใจคนโปรด หวานใจตัวจริง คนรักเบอร์หนึ่ง,ความรัก,RECOMMENDED,สำนวนร่วมสมัยที่เจ้าของภาษาใช้บ่อยในชีวิตประจำวัน สื่อ การทำงาน เหมาะแก่การจดจำและเรียนรู้ (High Frequency),Main squeeze
228,Idiom (สำนวน),third_wheel,Third wheel,ก้างขวางคอ คนที่เกินมาในกลุ่มคู่รักจนรู้สึกเก้อเขิน,ความรัก,RECOMMENDED,สำนวนร่วมสมัยที่เจ้าของภาษาใช้บ่อยในชีวิตประจำวัน สื่อ การทำงาน เหมาะแก่การจดจำและเรียนรู้ (High Frequency),Third wheel
229,Idiom (สำนวน),two_time_someone,Two-time someone,คบซ้อน นอกใจ สับราง หลอกลวงคนรัก,ความรัก,RECOMMENDED,สำนวนร่วมสมัยที่เจ้าของภาษาใช้บ่อยในชีวิตประจำวัน สื่อ การทำงาน เหมาะแก่การจดจำและเรียนรู้ (High Frequency),Two-time someone
230,Idiom (สำนวน),catch_feelings,Catch feelings,เริ่มมีใจ / เผลอตกหลุมรัก / เริ่มรู้สึกพิเศษเกินเพื่อน,ความรัก,RECOMMENDED,สำนวนร่วมสมัยที่เจ้าของภาษาใช้บ่อยในชีวิตประจำวัน สื่อ การทำงาน เหมาะแก่การจดจำและเรียนรู้ (High Frequency),Catch feelings
231,Idiom (สำนวน),crush_hard,Crush hard,แอบชอบหนักมาก คลั่งรัก หลงเสน่ห์จนเพ้อ,ความรัก,RECOMMENDED,สำนวนร่วมสมัยที่เจ้าของภาษาใช้บ่อยในชีวิตประจำวัน สื่อ การทำงาน เหมาะแก่การจดจำและเรียนรู้ (High Frequency),Crush hard
232,Idiom (สำนวน),double_date,Double date,เดตแบบสองคู่ นัดไปเที่ยวหรือกินข้าวด้วยกันสี่คน,ความรัก,RECOMMENDED,สำนวนร่วมสมัยที่เจ้าของภาษาใช้บ่อยในชีวิตประจำวัน สื่อ การทำงาน เหมาะแก่การจดจำและเรียนรู้ (High Frequency),Double date
233,Idiom (สำนวน),tie_down,Tie someone down,ผูกมัด จำกัดอิสรภาพด้วยพันธะความสัมพันธ์หรือครอบครัว,ความรัก,RECOMMENDED,สำนวนร่วมสมัยที่เจ้าของภาษาใช้บ่อยในชีวิตประจำวัน สื่อ การทำงาน เหมาะแก่การจดจำและเรียนรู้ (High Frequency),Tie someone down
234,Idiom (สำนวน),have_a_soft_spot_for,Have a soft spot for,มีใจอ่อนให้เป็นพิเศษ แพ้ทาง เอ็นดูเป็นพิเศษ,ความรัก,RECOMMENDED,สำนวนร่วมสมัยที่เจ้าของภาษาใช้บ่อยในชีวิตประจำวัน สื่อ การทำงาน เหมาะแก่การจดจำและเรียนรู้ (High Frequency),Have a soft spot for
235,Idiom (สำนวน),love_hate_relationship,Love-hate relationship,ความสัมพันธ์แบบทั้งรักทั้งเกลียด เดี๋ยวดีเดี๋ยวร้าย ตัดไม่ตายขายไม่ขาด,ความรัก,RECOMMENDED,สำนวนร่วมสมัยที่เจ้าของภาษาใช้บ่อยในชีวิตประจำวัน สื่อ การทำงาน เหมาะแก่การจดจำและเรียนรู้ (High Frequency),Love-hate relationship
236,Idiom (สำนวน),old_flame,Old flame,ถ่านไฟเก่า แฟนเก่าที่เคยรักกันลึกซึ้ง,ความรัก,RECOMMENDED,สำนวนร่วมสมัยที่เจ้าของภาษาใช้บ่อยในชีวิตประจำวัน สื่อ การทำงาน เหมาะแก่การจดจำและเรียนรู้ (High Frequency),Old flame
237,Idiom (สำนวน),take_my_breath_away,Take my breath away,สวยหรือน่าทึ่งจนแทบลืมหายใจ สะกดทุกสายตา,ความรัก,RECOMMENDED,สำนวนร่วมสมัยที่เจ้าของภาษาใช้บ่อยในชีวิตประจำวัน สื่อ การทำงาน เหมาะแก่การจดจำและเรียนรู้ (High Frequency),Take my breath away
238,Idiom (สำนวน),made_for_each_other,Made for each other,เกิดมาคู่กัน กิ่งทองใบหยก เข้ากันได้ดีอย่างไร้ที่ติ,ความรัก,RECOMMENDED,สำนวนร่วมสมัยที่เจ้าของภาษาใช้บ่อยในชีวิตประจำวัน สื่อ การทำงาน เหมาะแก่การจดจำและเรียนรู้ (High Frequency),Made for each other
239,Idiom (สำนวน),lovesick,Lovesick,เป็นไข้ใจ ตรอมใจเพราะความรัก เพ้อหาคนรักจนไม่เป็นอันกินอันนอน,ความรัก,RECOMMENDED,สำนวนร่วมสมัยที่เจ้าของภาษาใช้บ่อยในชีวิตประจำวัน สื่อ การทำงาน เหมาะแก่การจดจำและเรียนรู้ (High Frequency),Lovesick
240,Idiom (สำนวน),heartthrob,Heartthrob,หนุ่มหล่อชวนฝัน ขวัญใจมหาชนที่ทำให้สาวๆ ใจเต้นรัว,ความรัก,RECOMMENDED,สำนวนร่วมสมัยที่เจ้าของภาษาใช้บ่อยในชีวิตประจำวัน สื่อ การทำงาน เหมาะแก่การจดจำและเรียนรู้ (High Frequency),Heartthrob
241,Idiom (สำนวน),dump_someone,Dump someone,เท โดนทิ้ง บอกเลิกแบบไม่ไยดี,ความรัก,RECOMMENDED,สำนวนร่วมสมัยที่เจ้าของภาษาใช้บ่อยในชีวิตประจำวัน สื่อ การทำงาน เหมาะแก่การจดจำและเรียนรู้ (High Frequency),Dump someone
242,Idiom (สำนวน),sweetheart,Sweetheart,ยอดดวงใจ คนรัก หรือคนที่จิตใจดีน่ารักและมีน้ำใจ,ความรัก,RECOMMENDED,สำนวนร่วมสมัยที่เจ้าของภาษาใช้บ่อยในชีวิตประจำวัน สื่อ การทำงาน เหมาะแก่การจดจำและเรียนรู้ (High Frequency),Sweetheart
243,Idiom (สำนวน),black_sheep,Black sheep,แกะดำ / คนนอกคอก / คนที่แปลกแยกไม่เหมือนใครในกลุ่ม,เพื่อน/ครอบครัว,RECOMMENDED,สำนวนร่วมสมัยที่เจ้าของภาษาใช้บ่อยในชีวิตประจำวัน สื่อ การทำงาน เหมาะแก่การจดจำและเรียนรู้ (High Frequency),Black sheep
244,Idiom (สำนวน),family_ties,Family ties,สายสัมพันธ์ครอบครัว / ความผูกพันในครอบครัว,เพื่อน/ครอบครัว,RECOMMENDED,สำนวนร่วมสมัยที่เจ้าของภาษาใช้บ่อยในชีวิตประจำวัน สื่อ การทำงาน เหมาะแก่การจดจำและเรียนรู้ (High Frequency),Family ties
245,Idiom (สำนวน),have_each_others_back,Have each other's back,คอยหนุนหลังกัน / ดูแลระวังหลังให้กัน / พร้อมช่วยเหลือกันเสมอ,เพื่อน/ครอบครัว,RECOMMENDED,สำนวนร่วมสมัยที่เจ้าของภาษาใช้บ่อยในชีวิตประจำวัน สื่อ การทำงาน เหมาะแก่การจดจำและเรียนรู้ (High Frequency),Have each other's back
246,Idiom (สำนวน),ride_or_die,Ride or die,เพื่อนแท้ร่วมเป็นร่วมตาย / คนที่พร้อมลุยไปด้วยกันทุกสถานการณ์,เพื่อน/ครอบครัว,RECOMMENDED,สำนวนร่วมสมัยที่เจ้าของภาษาใช้บ่อยในชีวิตประจำวัน สื่อ การทำงาน เหมาะแก่การจดจำและเรียนรู้ (High Frequency),Ride or die
247,Idiom (สำนวน),best_friend_forever_bff,Best friend forever (BFF),เพื่อนรักตลอดไป / เพื่อนสนิทที่สุดในชีวิต (เพื่อนซี้),เพื่อน/ครอบครัว,RECOMMENDED,สำนวนร่วมสมัยที่เจ้าของภาษาใช้บ่อยในชีวิตประจำวัน สื่อ การทำงาน เหมาะแก่การจดจำและเรียนรู้ (High Frequency),Best friend forever (BFF)
248,Idiom (สำนวน),through_thick_and_thin,Through thick and thin,ร่วมทุกข์ร่วมสุข / เคียงข้างกันไม่ว่าจะยากดีมีจนหรือเจอมรสุมชีวิต,เพื่อน/ครอบครัว,RECOMMENDED,สำนวนร่วมสมัยที่เจ้าของภาษาใช้บ่อยในชีวิตประจำวัน สื่อ การทำงาน เหมาะแก่การจดจำและเรียนรู้ (High Frequency),Through thick and thin
249,Idiom (สำนวน),a_shoulder_to_cry_on,A shoulder to cry on,คนที่คอยรับฟังและปลอบประโลมใจ / ที่พึ่งพิงยามทุกข์ใจ,เพื่อน/ครอบครัว,RECOMMENDED,สำนวนร่วมสมัยที่เจ้าของภาษาใช้บ่อยในชีวิตประจำวัน สื่อ การทำงาน เหมาะแก่การจดจำและเรียนรู้ (High Frequency),A shoulder to cry on
250,Idiom (สำนวน),grow_apart,Grow apart,เหินห่างกันไปตามกาลเวลา / ความสัมพันธ์ค่อยๆ จืดจางลงเพราะวิถีชีวิตเปลี่ยน,เพื่อน/ครอบครัว,RECOMMENDED,สำนวนร่วมสมัยที่เจ้าของภาษาใช้บ่อยในชีวิตประจำวัน สื่อ การทำงาน เหมาะแก่การจดจำและเรียนรู้ (High Frequency),Grow apart
251,Idiom (สำนวน),patch_things_up,Patch things up,คืนดีกัน / ปรับความเข้าใจเพื่อสมานรอยร้าว,เพื่อน/ครอบครัว,RECOMMENDED,สำนวนร่วมสมัยที่เจ้าของภาษาใช้บ่อยในชีวิตประจำวัน สื่อ การทำงาน เหมาะแก่การจดจำและเรียนรู้ (High Frequency),Patch things up
252,Idiom (สำนวน),hold_a_grudge,Hold a grudge,ผูกใจเจ็บ / ฝังใจโกรธแค้นไม่ยอมปล่อยวาง,เพื่อน/ครอบครัว,RECOMMENDED,สำนวนร่วมสมัยที่เจ้าของภาษาใช้บ่อยในชีวิตประจำวัน สื่อ การทำงาน เหมาะแก่การจดจำและเรียนรู้ (High Frequency),Hold a grudge
253,Idiom (สำนวน),bury_the_hatchet,Bury the hatchet,ยุติความขัดแย้ง / คืนดีกันและเลิกแล้วต่อกัน / ฝังขวานสงบศึก,เพื่อน/ครอบครัว,RECOMMENDED,สำนวนร่วมสมัยที่เจ้าของภาษาใช้บ่อยในชีวิตประจำวัน สื่อ การทำงาน เหมาะแก่การจดจำและเรียนรู้ (High Frequency),Bury the hatchet
254,Idiom (สำนวน),see_eye_to_eye,See eye to eye,เห็นพ้องต้องกัน / มีความคิดเห็นไปในทิศทางเดียวกัน,เพื่อน/ครอบครัว,RECOMMENDED,สำนวนร่วมสมัยที่เจ้าของภาษาใช้บ่อยในชีวิตประจำวัน สื่อ การทำงาน เหมาะแก่การจดจำและเรียนรู้ (High Frequency),See eye to eye
255,Idiom (สำนวน),runs_in_the_family,Runs in the family,เป็นกรรมพันธุ์ / ถ่ายทอดทางสายเลือด / เป็นกันทั้งบ้าน,เพื่อน/ครอบครัว,RECOMMENDED,สำนวนร่วมสมัยที่เจ้าของภาษาใช้บ่อยในชีวิตประจำวัน สื่อ การทำงาน เหมาะแก่การจดจำและเรียนรู้ (High Frequency),Runs in the family
256,Idiom (สำนวน),in_the_same_boat,In the same boat,ลงเรือลำเดียวกัน / ตกอยู่ในชะตากรรมเดียวกัน / เผชิญความยากลำบากร่วมกัน,เพื่อน/ครอบครัว,RECOMMENDED,สำนวนร่วมสมัยที่เจ้าของภาษาใช้บ่อยในชีวิตประจำวัน สื่อ การทำงาน เหมาะแก่การจดจำและเรียนรู้ (High Frequency),In the same boat
257,Idiom (สำนวน),stick_together,Stick together,เกาะกลุ่มกันไว้ / สามัคคีร่วมแรงร่วมใจกัน / ไม่ทอดทิ้งกัน,เพื่อน/ครอบครัว,RECOMMENDED,สำนวนร่วมสมัยที่เจ้าของภาษาใช้บ่อยในชีวิตประจำวัน สื่อ การทำงาน เหมาะแก่การจดจำและเรียนรู้ (High Frequency),Stick together
258,Idiom (สำนวน),go_way_back,Go way back,รู้จักกันมาเนิ่นนาน / คบหากันมาตั้งแต่สมัยก่อน / เป็นคนคุ้นเคยกันมานาน,เพื่อน/ครอบครัว,RECOMMENDED,สำนวนร่วมสมัยที่เจ้าของภาษาใช้บ่อยในชีวิตประจำวัน สื่อ การทำงาน เหมาะแก่การจดจำและเรียนรู้ (High Frequency),Go way back
259,Idiom (สำนวน),lean_on_someone,Lean on someone,พึ่งพาอาศัยใครสักคน / พึ่งพิงยามยาก / ขอความช่วยเหลือและกำลังใจ,เพื่อน/ครอบครัว,RECOMMENDED,สำนวนร่วมสมัยที่เจ้าของภาษาใช้บ่อยในชีวิตประจำวัน สื่อ การทำงาน เหมาะแก่การจดจำและเรียนรู้ (High Frequency),Lean on someone
260,Idiom (สำนวน),two_peas_in_a_pod,Two peas in a pod,เหมือนกันอย่างกับแกะ เข้าขากันสนิทแนบแน่น,เพื่อน/ครอบครัว,RECOMMENDED,สำนวนร่วมสมัยที่เจ้าของภาษาใช้บ่อยในชีวิตประจำวัน สื่อ การทำงาน เหมาะแก่การจดจำและเรียนรู้ (High Frequency),Two peas in a pod
261,Idiom (สำนวน),thick_as_thieves,Thick as thieves,สนิทกันปานจะกลืนกิน / ซี้ปึ้กไม่แยกจากกัน / รู้ไส้รู้พุงกันหมด,เพื่อน/ครอบครัว,RECOMMENDED,สำนวนร่วมสมัยที่เจ้าของภาษาใช้บ่อยในชีวิตประจำวัน สื่อ การทำงาน เหมาะแก่การจดจำและเรียนรู้ (High Frequency),Thick as thieves
262,Idiom (สำนวน),spitting_image,Spitting image,หน้าตาถอดแบบกันมาเป๊ะ สำเนาถูกต้อง เหมือนกันทุกกระเบียดนิ้ว,เพื่อน/ครอบครัว,RECOMMENDED,สำนวนร่วมสมัยที่เจ้าของภาษาใช้บ่อยในชีวิตประจำวัน สื่อ การทำงาน เหมาะแก่การจดจำและเรียนรู้ (High Frequency),Spitting image
263,Idiom (สำนวน),fair_weather_friend,Fair-weather friend,เพื่อนกิน เพื่อนยามสุข เพื่อนที่ทอดทิ้งเมื่อเราตกยาก,เพื่อน/ครอบครัว,RECOMMENDED,สำนวนร่วมสมัยที่เจ้าของภาษาใช้บ่อยในชีวิตประจำวัน สื่อ การทำงาน เหมาะแก่การจดจำและเรียนรู้ (High Frequency),Fair-weather friend
264,Idiom (สำนวน),joined_at_the_hip,Joined at the hip,ตัวติดกันเป็นตังเม แทบไม่เคยแยกจากกัน ไปไหนไปด้วยกันตลอด,เพื่อน/ครอบครัว,RECOMMENDED,สำนวนร่วมสมัยที่เจ้าของภาษาใช้บ่อยในชีวิตประจำวัน สื่อ การทำงาน เหมาะแก่การจดจำและเรียนรู้ (High Frequency),Joined at the hip
265,Idiom (สำนวน),flesh_and_blood,Flesh and blood,เลือดเนื้อเชื้อไข ญาติร่วมสายเลือด,เพื่อน/ครอบครัว,RECOMMENDED,สำนวนร่วมสมัยที่เจ้าของภาษาใช้บ่อยในชีวิตประจำวัน สื่อ การทำงาน เหมาะแก่การจดจำและเรียนรู้ (High Frequency),Flesh and blood
266,Idiom (สำนวน),chip_off_the_old_block,Chip off the old block,ลูกไม้หล่นไม่ไกลต้น สำเนาถูกต้อง นิสัยหรือหน้าตาเหมือนพ่อแม่เป๊ะ,เพื่อน/ครอบครัว,RECOMMENDED,สำนวนร่วมสมัยที่เจ้าของภาษาใช้บ่อยในชีวิตประจำวัน สื่อ การทำงาน เหมาะแก่การจดจำและเรียนรู้ (High Frequency),Chip off the old block
267,Idiom (สำนวน),pal_around,Pal around with,ไปไหนมาไหนด้วยกัน คลุกคลีตีโมงเที่ยวเล่นเป็นเพื่อนสนิท,เพื่อน/ครอบครัว,RECOMMENDED,สำนวนร่วมสมัยที่เจ้าของภาษาใช้บ่อยในชีวิตประจำวัน สื่อ การทำงาน เหมาะแก่การจดจำและเรียนรู้ (High Frequency),Pal around with
268,Idiom (สำนวน),breadwinner,Breadwinner,เสาหลักของครอบครัว คนหาเลี้ยงครอบครัว,เพื่อน/ครอบครัว,RECOMMENDED,สำนวนร่วมสมัยที่เจ้าของภาษาใช้บ่อยในชีวิตประจำวัน สื่อ การทำงาน เหมาะแก่การจดจำและเรียนรู้ (High Frequency),Breadwinner
269,Idiom (สำนวน),bring_up,Bring up,เลี้ยงดูอุ้มชู สั่งสอนอบรมลูกจนเติบใหญ่,เพื่อน/ครอบครัว,RECOMMENDED,สำนวนร่วมสมัยที่เจ้าของภาษาใช้บ่อยในชีวิตประจำวัน สื่อ การทำงาน เหมาะแก่การจดจำและเรียนรู้ (High Frequency),Bring up
270,Idiom (สำนวน),empty_nest,Empty nest,รังร้าง ภาวะบ้านเหงาเมื่อลูกๆ โตและย้ายออกไปหมด,เพื่อน/ครอบครัว,RECOMMENDED,สำนวนร่วมสมัยที่เจ้าของภาษาใช้บ่อยในชีวิตประจำวัน สื่อ การทำงาน เหมาะแก่การจดจำและเรียนรู้ (High Frequency),Empty nest
271,Idiom (สำนวน),sibling_rivalry,Sibling rivalry,การแข่งขันชิงดีชิงเด่นกันระหว่างพี่น้อง,เพื่อน/ครอบครัว,RECOMMENDED,สำนวนร่วมสมัยที่เจ้าของภาษาใช้บ่อยในชีวิตประจำวัน สื่อ การทำงาน เหมาะแก่การจดจำและเรียนรู้ (High Frequency),Sibling rivalry
272,Idiom (สำนวน),born_and_raised,Born and raised,เกิดและโตที่... เป็นคนท้องถิ่นโดยกำเนิด,เพื่อน/ครอบครัว,RECOMMENDED,สำนวนร่วมสมัยที่เจ้าของภาษาใช้บ่อยในชีวิตประจำวัน สื่อ การทำงาน เหมาะแก่การจดจำและเรียนรู้ (High Frequency),Born and raised
273,Idiom (สำนวน),circle_of_friends,Circle of friends,วงเพื่อน กลุ่มเพื่อนสนิท แวดวงเพื่อนฝูง,เพื่อน/ครอบครัว,RECOMMENDED,สำนวนร่วมสมัยที่เจ้าของภาษาใช้บ่อยในชีวิตประจำวัน สื่อ การทำงาน เหมาะแก่การจดจำและเรียนรู้ (High Frequency),Circle of friends
274,Idiom (สำนวน),get_along_like_house_on_fire,Get along like a house on fire,เข้ากันได้อย่างรวดเร็วและสนิทสนมกันไวมาก คุยถูกคอกันทันที,เพื่อน/ครอบครัว,RECOMMENDED,สำนวนร่วมสมัยที่เจ้าของภาษาใช้บ่อยในชีวิตประจำวัน สื่อ การทำงาน เหมาะแก่การจดจำและเรียนรู้ (High Frequency),Get along like a house on fire
275,Idiom (สำนวน),kindred_spirit,Kindred spirit,คนคอเดียวกัน คนที่มีความคิด จิตวิญญาณ หรือรสนิยมตรงกันเป๊ะ,เพื่อน/ครอบครัว,RECOMMENDED,สำนวนร่วมสมัยที่เจ้าของภาษาใช้บ่อยในชีวิตประจำวัน สื่อ การทำงาน เหมาะแก่การจดจำและเรียนรู้ (High Frequency),Kindred spirit
276,Idiom (สำนวน),lend_a_helping_hand,Lend a helping hand,ยื่นมือเข้าช่วยเหลือ ช่วยเหลือเกื้อกูลแบ่งเบาภาระ,เพื่อน/ครอบครัว,RECOMMENDED,สำนวนร่วมสมัยที่เจ้าของภาษาใช้บ่อยในชีวิตประจำวัน สื่อ การทำงาน เหมาะแก่การจดจำและเรียนรู้ (High Frequency),Lend a helping hand
277,Idiom (สำนวน),stand_by_someone,Stand by someone,ยืนเคียงข้าง / ปักหลักสนับสนุน / ไม่ทอดทิ้งยามยากลำบาก,เพื่อน/ครอบครัว,RECOMMENDED,สำนวนร่วมสมัยที่เจ้าของภาษาใช้บ่อยในชีวิตประจำวัน สื่อ การทำงาน เหมาะแก่การจดจำและเรียนรู้ (High Frequency),Stand by someone
278,Idiom (สำนวน),bad_apple,Bad apple,คนไม่ดีที่ทำให้คนอื่นเสีย คนที่สร้างความเสื่อมเสียให้คนในกลุ่ม,เพื่อน/ครอบครัว,RECOMMENDED,สำนวนร่วมสมัยที่เจ้าของภาษาใช้บ่อยในชีวิตประจำวัน สื่อ การทำงาน เหมาะแก่การจดจำและเรียนรู้ (High Frequency),Bad apple
279,Idiom (สำนวน),next_of_kin,Next of kin,ญาติสนิทที่สุด ทายาทหรือผู้มีสิทธิตามกฎหมายในกรณีฉุกเฉิน,เพื่อน/ครอบครัว,RECOMMENDED,สำนวนร่วมสมัยที่เจ้าของภาษาใช้บ่อยในชีวิตประจำวัน สื่อ การทำงาน เหมาะแก่การจดจำและเรียนรู้ (High Frequency),Next of kin
280,Idiom (สำนวน),look_out_for_each_other,Look out for each other,คอยดูแลเอาใจใส่กัน ช่วยกันระวังภัยและเกื้อกูลกัน,เพื่อน/ครอบครัว,RECOMMENDED,สำนวนร่วมสมัยที่เจ้าของภาษาใช้บ่อยในชีวิตประจำวัน สื่อ การทำงาน เหมาะแก่การจดจำและเรียนรู้ (High Frequency),Look out for each other
281,Idiom (สำนวน),partner_in_crime,Partner in crime,เพื่อนคู่หู เพื่อนร่วมหัวจมท้าย คนที่ลุยเรื่องซนๆ สนุกๆ มาด้วยกัน,เพื่อน/ครอบครัว,RECOMMENDED,สำนวนร่วมสมัยที่เจ้าของภาษาใช้บ่อยในชีวิตประจำวัน สื่อ การทำงาน เหมาะแก่การจดจำและเรียนรู้ (High Frequency),Partner in crime
282,Idiom (สำนวน),wingman,Wingman,เพื่อนคู่หูคอยช่วยจีบสาว / คนที่คอยเป็นลูกมือช่วยเหลือสนับสนุน,เพื่อน/ครอบครัว,RECOMMENDED,สำนวนร่วมสมัยที่เจ้าของภาษาใช้บ่อยในชีวิตประจำวัน สื่อ การทำงาน เหมาะแก่การจดจำและเรียนรู้ (High Frequency),Wingman
283,Idiom (สำนวน),spill_the_beans,Spill the beans,เผยความลับ / หลุดปากบอกความจริง / แอบเปิดเผยข้อมูลลับ,ดราม่า/ความขัดแย้ง,RECOMMENDED,สำนวนร่วมสมัยที่เจ้าของภาษาใช้บ่อยในชีวิตประจำวัน สื่อ การทำงาน เหมาะแก่การจดจำและเรียนรู้ (High Frequency),Spill the beans
284,Idiom (สำนวน),behind_your_back,Behind your back,ลับหลัง / ทำลับหลังโดยที่เจ้าตัวไม่รู้เรื่อง,ดราม่า/ความขัดแย้ง,RECOMMENDED,สำนวนร่วมสมัยที่เจ้าของภาษาใช้บ่อยในชีวิตประจำวัน สื่อ การทำงาน เหมาะแก่การจดจำและเรียนรู้ (High Frequency),Behind your back
285,Idiom (สำนวน),stab_someone_in_the_back,Stab someone in the back,แทงข้างหลัง / หักหลังอย่างเลือดเย็น / ทรยศคนที่ไว้ใจ,ดราม่า/ความขัดแย้ง,RECOMMENDED,สำนวนร่วมสมัยที่เจ้าของภาษาใช้บ่อยในชีวิตประจำวัน สื่อ การทำงาน เหมาะแก่การจดจำและเรียนรู้ (High Frequency),Stab someone in the back
286,Idiom (สำนวน),have_a_bone_to_pick,Have a bone to pick,มีเรื่องต้องสะสาง / มีเรื่องข้องใจต้องเคลียร์กันให้รู้เรื่อง,ดราม่า/ความขัดแย้ง,RECOMMENDED,สำนวนร่วมสมัยที่เจ้าของภาษาใช้บ่อยในชีวิตประจำวัน สื่อ การทำงาน เหมาะแก่การจดจำและเรียนรู้ (High Frequency),Have a bone to pick
287,Idiom (สำนวน),blow_the_whistle,Blow the whistle,เป่านกหวีดเปิดโปงการทุจริต / เปิดโปงความไม่ชอบมาพากลสู่สาธารณะ,ดราม่า/ความขัดแย้ง,RECOMMENDED,สำนวนร่วมสมัยที่เจ้าของภาษาใช้บ่อยในชีวิตประจำวัน สื่อ การทำงาน เหมาะแก่การจดจำและเรียนรู้ (High Frequency),Blow the whistle
288,Idiom (สำนวน),skeletons_in_the_closet,Skeletons in the closet,ความลับดำมืดที่ซุกซ่อนไว้ / อดีตอันน่าอับอายที่ไม่อยากให้ใครรู้,ดราม่า/ความขัดแย้ง,RECOMMENDED,สำนวนร่วมสมัยที่เจ้าของภาษาใช้บ่อยในชีวิตประจำวัน สื่อ การทำงาน เหมาะแก่การจดจำและเรียนรู้ (High Frequency),Skeletons in the closet
289,Idiom (สำนวน),keep_someone_in_the_dark,Keep someone in the dark,ปิดบังไม่ให้รู้เรื่อง / ปล่อยให้มืดแปดด้าน / ไม่ยอมบอกความจริง,ดราม่า/ความขัดแย้ง,RECOMMENDED,สำนวนร่วมสมัยที่เจ้าของภาษาใช้บ่อยในชีวิตประจำวัน สื่อ การทำงาน เหมาะแก่การจดจำและเรียนรู้ (High Frequency),Keep someone in the dark
290,Idiom (สำนวน),read_between_the_lines,Read between the lines,อ่านนัยแฝง / ตีความความหมายที่ซ่อนอยู่ / เข้าใจสิ่งที่ไม่ได้พูดออกมาตรงๆ,ดราม่า/ความขัดแย้ง,RECOMMENDED,สำนวนร่วมสมัยที่เจ้าของภาษาใช้บ่อยในชีวิตประจำวัน สื่อ การทำงาน เหมาะแก่การจดจำและเรียนรู้ (High Frequency),Read between the lines
291,Idiom (สำนวน),get_to_the_bottom_of,Get to the bottom of,สืบให้ถึงต้นตอ / ค้นหาความจริงเบื้องลึก / ขุดรากถอนโคนหาต้นเหตุ,ดราม่า/ความขัดแย้ง,RECOMMENDED,สำนวนร่วมสมัยที่เจ้าของภาษาใช้บ่อยในชีวิตประจำวัน สื่อ การทำงาน เหมาะแก่การจดจำและเรียนรู้ (High Frequency),Get to the bottom of
292,Idiom (สำนวน),cover_something_up,Cover something up,ปกปิดความผิด / กลบเกลื่อนร่องรอย / ซ่อนเรื่องอื้อฉาวไม่ให้ใครรู้,ดราม่า/ความขัดแย้ง,RECOMMENDED,สำนวนร่วมสมัยที่เจ้าของภาษาใช้บ่อยในชีวิตประจำวัน สื่อ การทำงาน เหมาะแก่การจดจำและเรียนรู้ (High Frequency),Cover something up
293,Idiom (สำนวน),point_the_finger,Point the finger,ชี้นิ้วกล่าวโทษ / โยนความผิดให้คนอื่น / กล่าวหาผู้อื่น,ดราม่า/ความขัดแย้ง,RECOMMENDED,สำนวนร่วมสมัยที่เจ้าของภาษาใช้บ่อยในชีวิตประจำวัน สื่อ การทำงาน เหมาะแก่การจดจำและเรียนรู้ (High Frequency),Point the finger
294,Idiom (สำนวน),throw_someone_under_the_bus,Throw someone under the bus,โยนความผิดให้คนอื่น / ขายเพื่อนเอาตัวรอด / หักหลังเพื่อปัดความรับผิดชอบ,ดราม่า/ความขัดแย้ง,RECOMMENDED,สำนวนร่วมสมัยที่เจ้าของภาษาใช้บ่อยในชีวิตประจำวัน สื่อ การทำงาน เหมาะแก่การจดจำและเรียนรู้ (High Frequency),Throw someone under the bus
295,Idiom (สำนวน),add_fuel_to_the_fire,Add fuel to the fire,ราดน้ำมันลงบนกองไฟ / เติมเชื้อไฟ / ทำให้สถานการณ์แย่ลงกว่าเดิม,ดราม่า/ความขัดแย้ง,RECOMMENDED,สำนวนร่วมสมัยที่เจ้าของภาษาใช้บ่อยในชีวิตประจำวัน สื่อ การทำงาน เหมาะแก่การจดจำและเรียนรู้ (High Frequency),Add fuel to the fire
296,Idiom (สำนวน),the_last_straw,The last straw,ฟางเส้นสุดท้าย / สิ่งเล็กๆ ที่ทำให้ความอดทนขาดผึง / จุดแตกหัก,ดราม่า/ความขัดแย้ง,RECOMMENDED,สำนวนร่วมสมัยที่เจ้าของภาษาใช้บ่อยในชีวิตประจำวัน สื่อ การทำงาน เหมาะแก่การจดจำและเรียนรู้ (High Frequency),The last straw
297,Idiom (สำนวน),cross_the_line,Cross the line,ล้ำเส้น / ข้ามเส้นความพอดี / ทำเกินขอบเขตที่ยอมรับได้,ดราม่า/ความขัดแย้ง,RECOMMENDED,สำนวนร่วมสมัยที่เจ้าของภาษาใช้บ่อยในชีวิตประจำวัน สื่อ การทำงาน เหมาะแก่การจดจำและเรียนรู้ (High Frequency),Cross the line
298,Idiom (สำนวน),burn_bridges,Burn bridges,เผาสะพาน / ตัดขาดความสัมพันธ์จนต่อไม่ติด / ทำลายโอกาสที่จะหวนกลับมา,ดราม่า/ความขัดแย้ง,RECOMMENDED,สำนวนร่วมสมัยที่เจ้าของภาษาใช้บ่อยในชีวิตประจำวัน สื่อ การทำงาน เหมาะแก่การจดจำและเรียนรู้ (High Frequency),Burn bridges
299,Idiom (สำนวน),clear_the_air,Clear the air,เปิดอกเคลียร์ใจ / ปรับความเข้าใจเพื่อสลายความตึงเครียด / กำจัดความคลางแคลงใจ,ดราม่า/ความขัดแย้ง,RECOMMENDED,สำนวนร่วมสมัยที่เจ้าของภาษาใช้บ่อยในชีวิตประจำวัน สื่อ การทำงาน เหมาะแก่การจดจำและเรียนรู้ (High Frequency),Clear the air
300,Idiom (สำนวน),sweep_it_under_the_rug,Sweep it under the rug,ซุกปัญหาไว้ใต้พรม / กลบเกลื่อนปัญหาแทนที่จะแก้ไข / ซ่อนเร้นเรื่องไม่ดีไว้,ดราม่า/ความขัดแย้ง,RECOMMENDED,สำนวนร่วมสมัยที่เจ้าของภาษาใช้บ่อยในชีวิตประจำวัน สื่อ การทำงาน เหมาะแก่การจดจำและเรียนรู้ (High Frequency),Sweep it under the rug
301,Idiom (สำนวน),come_clean,Come clean,สารภาพความจริง / เปิดอกพูดความจริงทั้งหมด / เลิกโกหกปิดบัง,ดราม่า/ความขัดแย้ง,RECOMMENDED,สำนวนร่วมสมัยที่เจ้าของภาษาใช้บ่อยในชีวิตประจำวัน สื่อ การทำงาน เหมาะแก่การจดจำและเรียนรู้ (High Frequency),Come clean
302,Idiom (สำนวน),i_told_you_so,I told you so,เห็นมั้ย บอกแล้วไง / ว่าแล้วเชียว (ใช้ย้ำว่าตัวเองเตือนแล้ว),ดราม่า/ความขัดแย้ง,RECOMMENDED,สำนวนร่วมสมัยที่เจ้าของภาษาใช้บ่อยในชีวิตประจำวัน สื่อ การทำงาน เหมาะแก่การจดจำและเรียนรู้ (High Frequency),I told you so
303,Idiom (สำนวน),look_whos_talking,Look who's talking,ว่าแต่เขาอิเหนาเป็นเอง / ดูตัวเองก่อนเถอะ (ประชดคนมาตำหนิทั้งที่ตัวเองก็เป็นเหมือนกัน),ดราม่า/ความขัดแย้ง,RECOMMENDED,สำนวนร่วมสมัยที่เจ้าของภาษาใช้บ่อยในชีวิตประจำวัน สื่อ การทำงาน เหมาะแก่การจดจำและเรียนรู้ (High Frequency),Look who's talking
304,Idiom (สำนวน),stir_the_pot,Stir the pot,ยุแยงให้เกิดเรื่อง / กวนน้ำให้ขุ่นให้คนทะเลาะกัน,ดราม่า/ความขัดแย้ง,RECOMMENDED,สำนวนร่วมสมัยที่เจ้าของภาษาใช้บ่อยในชีวิตประจำวัน สื่อ การทำงาน เหมาะแก่การจดจำและเรียนรู้ (High Frequency),Stir the pot
305,Idiom (สำนวน),let_the_cat_out_of_the_bag,Let the cat out of the bag,หลุดปากบอกความลับ / ทำความลับรั่วไหลโดยไม่ได้ตั้งใจ,ดราม่า/ความขัดแย้ง,RECOMMENDED,สำนวนร่วมสมัยที่เจ้าของภาษาใช้บ่อยในชีวิตประจำวัน สื่อ การทำงาน เหมาะแก่การจดจำและเรียนรู้ (High Frequency),Let the cat out of the bag
306,Idiom (สำนวน),bad_blood,Bad blood,ความบาดหมาง / ความเกลียดชังแค้นเคืองที่ฝังลึกกันมานาน,ดราม่า/ความขัดแย้ง,RECOMMENDED,สำนวนร่วมสมัยที่เจ้าของภาษาใช้บ่อยในชีวิตประจำวัน สื่อ การทำงาน เหมาะแก่การจดจำและเรียนรู้ (High Frequency),Bad blood
307,Idiom (สำนวน),bite_the_hand_that_feeds,Bite the hand that feeds you,กินบนเรือนขี้รดบนหลังคา / เนรคุณผู้มีพระคุณ,ดราม่า/ความขัดแย้ง,RECOMMENDED,สำนวนร่วมสมัยที่เจ้าของภาษาใช้บ่อยในชีวิตประจำวัน สื่อ การทำงาน เหมาะแก่การจดจำและเรียนรู้ (High Frequency),Bite the hand that feeds you
308,Idiom (สำนวน),wolf_in_sheeps_clothing,Wolf in sheep's clothing,คนหน้าเนื้อใจเสือ / คนอันตรายที่แสร้งทำตัวเป็นมิตรไร้พิษสง,ดราม่า/ความขัดแย้ง,RECOMMENDED,สำนวนร่วมสมัยที่เจ้าของภาษาใช้บ่อยในชีวิตประจำวัน สื่อ การทำงาน เหมาะแก่การจดจำและเรียนรู้ (High Frequency),Wolf in sheep's clothing
309,Idiom (สำนวน),two_faced,Two-faced,คนตีสองหน้า / หน้าไหว้หลังหลอก / ปากหวานก้นเปรี้ยว,ดราม่า/ความขัดแย้ง,RECOMMENDED,สำนวนร่วมสมัยที่เจ้าของภาษาใช้บ่อยในชีวิตประจำวัน สื่อ การทำงาน เหมาะแก่การจดจำและเรียนรู้ (High Frequency),Two-faced
310,Idiom (สำนวน),cry_wolf,Cry wolf,กุเรื่องหลอก / แจ้งเตือนหลอกจนไม่มีใครเชื่อ (เด็กเลี้ยงแกะ),ดราม่า/ความขัดแย้ง,RECOMMENDED,สำนวนร่วมสมัยที่เจ้าของภาษาใช้บ่อยในชีวิตประจำวัน สื่อ การทำงาน เหมาะแก่การจดจำและเรียนรู้ (High Frequency),Cry wolf
311,Idiom (สำนวน),air_dirty_laundry,Air dirty laundry,สาวไส้ให้กากิน / เอาเรื่องฉาวในบ้านไปป่าวประกาศให้คนอื่นรู้,ดราม่า/ความขัดแย้ง,RECOMMENDED,สำนวนร่วมสมัยที่เจ้าของภาษาใช้บ่อยในชีวิตประจำวัน สื่อ การทำงาน เหมาะแก่การจดจำและเรียนรู้ (High Frequency),Air dirty laundry
312,Idiom (สำนวน),cat_got_your_tongue,Cat got your tongue?,เป็นใบ้ไปแล้วเหรอ? / ทำไมเงียบกริบพูดไม่ออกล่ะ?,ดราม่า/ความขัดแย้ง,RECOMMENDED,สำนวนร่วมสมัยที่เจ้าของภาษาใช้บ่อยในชีวิตประจำวัน สื่อ การทำงาน เหมาะแก่การจดจำและเรียนรู้ (High Frequency),Cat got your tongue?
313,Idiom (สำนวน),poker_face,Poker face,หน้านิ่งเฉยสนิทไม่แสดงอารมณ์ / หน้าตายเพื่อซ่อนความในใจ,ดราม่า/ความขัดแย้ง,RECOMMENDED,สำนวนร่วมสมัยที่เจ้าของภาษาใช้บ่อยในชีวิตประจำวัน สื่อ การทำงาน เหมาะแก่การจดจำและเรียนรู้ (High Frequency),Poker face
314,Idiom (สำนวน),play_both_sides,Play both sides,เหยียบเรือสองแคม / ตีสองหน้าเอาใจทั้งสองฝ่ายเพื่อให้ตัวเองได้ประโยชน์,ดราม่า/ความขัดแย้ง,RECOMMENDED,สำนวนร่วมสมัยที่เจ้าของภาษาใช้บ่อยในชีวิตประจำวัน สื่อ การทำงาน เหมาะแก่การจดจำและเรียนรู้ (High Frequency),Play both sides
315,Idiom (สำนวน),drop_a_bombshell,Drop a bombshell,ทิ้งระเบิด / ประกาศข่าวช็อกที่ทำให้ทุกคนตื่นตะลึง,ดราม่า/ความขัดแย้ง,RECOMMENDED,สำนวนร่วมสมัยที่เจ้าของภาษาใช้บ่อยในชีวิตประจำวัน สื่อ การทำงาน เหมาะแก่การจดจำและเรียนรู้ (High Frequency),Drop a bombshell
316,Idiom (สำนวน),open_a_can_of_worms,Open a can of worms,เปิดประเด็นยุ่งเหยิง / แกว่งเท้าหาเสี้ยนเปิดเรื่องซับซ้อนที่แก้ไม่ตก,ดราม่า/ความขัดแย้ง,RECOMMENDED,สำนวนร่วมสมัยที่เจ้าของภาษาใช้บ่อยในชีวิตประจำวัน สื่อ การทำงาน เหมาะแก่การจดจำและเรียนรู้ (High Frequency),Open a can of worms
317,Idiom (สำนวน),play_with_fire,Play with fire,เล่นกับไฟ / หาเรื่องเสี่ยงอันตรายที่จะย้อนกลับมาทำร้ายตัวเอง,ดราม่า/ความขัดแย้ง,RECOMMENDED,สำนวนร่วมสมัยที่เจ้าของภาษาใช้บ่อยในชีวิตประจำวัน สื่อ การทำงาน เหมาะแก่การจดจำและเรียนรู้ (High Frequency),Play with fire
318,Idiom (สำนวน),rub_salt_in_the_wound,Rub salt in the wound,ซ้ำเติม / โรยเกลือบนบาดแผลทำให้เจ็บปวดยิ่งขึ้น,ดราม่า/ความขัดแย้ง,RECOMMENDED,สำนวนร่วมสมัยที่เจ้าของภาษาใช้บ่อยในชีวิตประจำวัน สื่อ การทำงาน เหมาะแก่การจดจำและเรียนรู้ (High Frequency),Rub salt in the wound
319,Idiom (สำนวน),smoke_and_mirrors,Smoke and mirrors,ภาพลวงตา / การปาหี่หลอกตาเพื่ออำพรางความจริง,ดราม่า/ความขัดแย้ง,RECOMMENDED,สำนวนร่วมสมัยที่เจ้าของภาษาใช้บ่อยในชีวิตประจำวัน สื่อ การทำงาน เหมาะแก่การจดจำและเรียนรู้ (High Frequency),Smoke and mirrors
320,Idiom (สำนวน),snake_in_the_grass,Snake in the grass,คนทรยศที่ซุ่มเงียบ / ศัตรูที่แฝงตัวอยู่อย่างลับๆ คอยลอบกัด,ดราม่า/ความขัดแย้ง,RECOMMENDED,สำนวนร่วมสมัยที่เจ้าของภาษาใช้บ่อยในชีวิตประจำวัน สื่อ การทำงาน เหมาะแก่การจดจำและเรียนรู้ (High Frequency),Snake in the grass
321,Idiom (สำนวน),blow_the_lid_off,Blow the lid off,เปิดโปงความจริง / เผยเบื้องลึกเบื้องหลังหรือคดีอื้อฉาวให้สังคมรับรู้,ดราม่า/ความขัดแย้ง,RECOMMENDED,สำนวนร่วมสมัยที่เจ้าของภาษาใช้บ่อยในชีวิตประจำวัน สื่อ การทำงาน เหมาะแก่การจดจำและเรียนรู้ (High Frequency),Blow the lid off
322,Idiom (สำนวน),take_the_fall,Take the fall,รับเคราะห์แทน / รับความผิดหรือยอมติดคุกแทนคนอื่น,ดราม่า/ความขัดแย้ง,RECOMMENDED,สำนวนร่วมสมัยที่เจ้าของภาษาใช้บ่อยในชีวิตประจำวัน สื่อ การทำงาน เหมาะแก่การจดจำและเรียนรู้ (High Frequency),Take the fall
323,Idiom (สำนวน),scapegoat,Scapegoat,แพะรับบาป / คนที่ถูกโยนความผิดให้ทั้งที่ไม่ได้ทำ,ดราม่า/ความขัดแย้ง,RECOMMENDED,สำนวนร่วมสมัยที่เจ้าของภาษาใช้บ่อยในชีวิตประจำวัน สื่อ การทำงาน เหมาะแก่การจดจำและเรียนรู้ (High Frequency),Scapegoat
324,Idiom (สำนวน),witch_hunt,Witch hunt,การล่าแม่มด / การตามล่าจับผิดหรือกวาดล้างฝ่ายตรงข้ามอย่างอยุติธรรม,ดราม่า/ความขัดแย้ง,RECOMMENDED,สำนวนร่วมสมัยที่เจ้าของภาษาใช้บ่อยในชีวิตประจำวัน สื่อ การทำงาน เหมาะแก่การจดจำและเรียนรู้ (High Frequency),Witch hunt
325,Idiom (สำนวน),mud_slinging,Mudslinging,การสาดโคลนป้ายสี / การด่าทอใส่ร้ายป้ายสีเพื่อทำลายชื่อเสียง,ดราม่า/ความขัดแย้ง,RECOMMENDED,สำนวนร่วมสมัยที่เจ้าของภาษาใช้บ่อยในชีวิตประจำวัน สื่อ การทำงาน เหมาะแก่การจดจำและเรียนรู้ (High Frequency),Mudslinging
326,Idiom (สำนวน),guilty_pleasure,Guilty pleasure,ความสุขที่แอบรู้สึกผิด / สิ่งที่ชอบมากแต่ไม่ค่อยกล้าบอกใครเพราะเขินหรืออาย,ดราม่า/ความขัดแย้ง,RECOMMENDED,สำนวนร่วมสมัยที่เจ้าของภาษาใช้บ่อยในชีวิตประจำวัน สื่อ การทำงาน เหมาะแก่การจดจำและเรียนรู้ (High Frequency),Guilty pleasure
327,Idiom (สำนวน),dark_horse,Dark horse,ม้ามืด / ผู้แข่งขันที่ไม่มีใครคาดคิดแต่กลับคว้าชัยชนะ,ดราม่า/ความขัดแย้ง,RECOMMENDED,สำนวนร่วมสมัยที่เจ้าของภาษาใช้บ่อยในชีวิตประจำวัน สื่อ การทำงาน เหมาะแก่การจดจำและเรียนรู้ (High Frequency),Dark horse
328,Idiom (สำนวน),red_herring,Red herring,สิ่งลวงตา / ประเด็นหลอกที่เบี่ยงเบนความสนใจจากเรื่องจริง,ดราม่า/ความขัดแย้ง,RECOMMENDED,สำนวนร่วมสมัยที่เจ้าของภาษาใช้บ่อยในชีวิตประจำวัน สื่อ การทำงาน เหมาะแก่การจดจำและเรียนรู้ (High Frequency),Red herring
329,Idiom (สำนวน),call_someones_bluff,Call someone's bluff,ท้าเปิดไพ่ / ดัดหลังคนขู่ให้ทำจริงเพราะรู้ว่าแค่ขู่หลอก,ดราม่า/ความขัดแย้ง,RECOMMENDED,สำนวนร่วมสมัยที่เจ้าของภาษาใช้บ่อยในชีวิตประจำวัน สื่อ การทำงาน เหมาะแก่การจดจำและเรียนรู้ (High Frequency),Call someone's bluff
330,Idiom (สำนวน),on_the_run,On the run,กำลังหลบหนีคดี / รอนแรมหนีการตามล่า (หรือยุ่งจนหัวหมุนไม่มีเวลาพัก),แอ็กชัน/สืบสวน,RECOMMENDED,สำนวนร่วมสมัยที่เจ้าของภาษาใช้บ่อยในชีวิตประจำวัน สื่อ การทำงาน เหมาะแก่การจดจำและเรียนรู้ (High Frequency),On the run
331,Idiom (สำนวน),blow_your_cover,Blow your cover,เผยไต๋ / ความลับแตก / ตัวตนจริงถูกเปิดโปง,แอ็กชัน/สืบสวน,RECOMMENDED,สำนวนร่วมสมัยที่เจ้าของภาษาใช้บ่อยในชีวิตประจำวัน สื่อ การทำงาน เหมาะแก่การจดจำและเรียนรู้ (High Frequency),Blow your cover
332,Idiom (สำนวน),close_call,Close call,เหตุการณ์เฉียดฉิว / รอดตัวมาได้อย่างหวุดหวิด,แอ็กชัน/สืบสวน,RECOMMENDED,สำนวนร่วมสมัยที่เจ้าของภาษาใช้บ่อยในชีวิตประจำวัน สื่อ การทำงาน เหมาะแก่การจดจำและเรียนรู้ (High Frequency),Close call
333,Idiom (สำนวน),race_against_time,Race against time,การแข่งกับเวลา / ทำงานแข่งกับเดดไลน์อย่างเร่งด่วน,แอ็กชัน/สืบสวน,RECOMMENDED,สำนวนร่วมสมัยที่เจ้าของภาษาใช้บ่อยในชีวิตประจำวัน สื่อ การทำงาน เหมาะแก่การจดจำและเรียนรู้ (High Frequency),Race against time
334,Idiom (สำนวน),caught_redhanded,Caught red-handed,ถูกจับได้คาหนังคาเขา / จับได้คาตาพร้อมหลักฐานมัดตัว,แอ็กชัน/สืบสวน,RECOMMENDED,สำนวนร่วมสมัยที่เจ้าของภาษาใช้บ่อยในชีวิตประจำวัน สื่อ การทำงาน เหมาะแก่การจดจำและเรียนรู้ (High Frequency),Caught red-handed
335,Idiom (สำนวน),go_rogue,Go rogue,แตกแถว / แหกคอก / ทำนอกคำสั่งตามใจตัวเอง,แอ็กชัน/สืบสวน,RECOMMENDED,สำนวนร่วมสมัยที่เจ้าของภาษาใช้บ่อยในชีวิตประจำวัน สื่อ การทำงาน เหมาะแก่การจดจำและเรียนรู้ (High Frequency),Go rogue
336,Idiom (สำนวน),cut_it_close,Cut it close,ทำเวลาเฉียดฉิว / กะเวลาหรือทรัพยากรไว้กระชั้นชิดจนหวุดหวิด,แอ็กชัน/สืบสวน,RECOMMENDED,สำนวนร่วมสมัยที่เจ้าของภาษาใช้บ่อยในชีวิตประจำวัน สื่อ การทำงาน เหมาะแก่การจดจำและเรียนรู้ (High Frequency),Cut it close
337,Idiom (สำนวน),in_the_nick_of_time,In the nick of time,ทันเวลาพอดีเป๊ะ / ทันเสี้ยววินาทีสุดท้ายแบบเส้นยาแดงผ่าแปด,แอ็กชัน/สืบสวน,RECOMMENDED,สำนวนร่วมสมัยที่เจ้าของภาษาใช้บ่อยในชีวิตประจำวัน สื่อ การทำงาน เหมาะแก่การจดจำและเรียนรู้ (High Frequency),In the nick of time
338,Idiom (สำนวน),down_to_the_wire,Down to the wire,ลุ้นจนถึงวินาทีสุดท้าย / สูสีจนถึงหยดสุดท้าย,แอ็กชัน/สืบสวน,RECOMMENDED,สำนวนร่วมสมัยที่เจ้าของภาษาใช้บ่อยในชีวิตประจำวัน สื่อ การทำงาน เหมาะแก่การจดจำและเรียนรู้ (High Frequency),Down to the wire
339,Idiom (สำนวน),hit_the_ground_running,Hit the ground running,เริ่มลุยงานได้ทันทีอย่างกระตือรือร้น / สตาร์ตติดพร้อมสร้างผลงานทันที,แอ็กชัน/สืบสวน,RECOMMENDED,สำนวนร่วมสมัยที่เจ้าของภาษาใช้บ่อยในชีวิตประจำวัน สื่อ การทำงาน เหมาะแก่การจดจำและเรียนรู้ (High Frequency),Hit the ground running
340,Idiom (สำนวน),keep_someone_at_bay,Keep someone at bay,กันไว้ไม่ให้เข้าใกล้ / สกัดกั้นปัญหาหรือศัตรูไม่ให้คุกคาม,แอ็กชัน/สืบสวน,RECOMMENDED,สำนวนร่วมสมัยที่เจ้าของภาษาใช้บ่อยในชีวิตประจำวัน สื่อ การทำงาน เหมาะแก่การจดจำและเรียนรู้ (High Frequency),Keep someone at bay
341,Idiom (สำนวน),a_ticking_time_bomb,A ticking time bomb,ระเบิดเวลา / ปัญหาร้ายแรงที่ซ่อนอยู่และพร้อมจะปะทุขึ้นมาได้ทุกเมื่อ,แอ็กชัน/สืบสวน,RECOMMENDED,สำนวนร่วมสมัยที่เจ้าของภาษาใช้บ่อยในชีวิตประจำวัน สื่อ การทำงาน เหมาะแก่การจดจำและเรียนรู้ (High Frequency),A ticking time bomb
342,Idiom (สำนวน),man_down,Man down,มีคนล้ม / มีคนหมดสภาพหรือขาดงานไป (ส่งสัญญาณขอความช่วยเหลือหรือแจ้งว่าขาดกำลังคน),แอ็กชัน/สืบสวน,RECOMMENDED,สำนวนร่วมสมัยที่เจ้าของภาษาใช้บ่อยในชีวิตประจำวัน สื่อ การทำงาน เหมาะแก่การจดจำและเรียนรู้ (High Frequency),Man down
343,Idiom (สำนวน),under_the_gun,Under the gun,ถูกกดดันอย่างหนัก / เผชิญแรงกดดันเรื่องเวลาหรือความคาดหวังสูงลิ่ว,แอ็กชัน/สืบสวน,RECOMMENDED,สำนวนร่วมสมัยที่เจ้าของภาษาใช้บ่อยในชีวิตประจำวัน สื่อ การทำงาน เหมาะแก่การจดจำและเรียนรู้ (High Frequency),Under the gun
344,Idiom (สำนวน),go_dark,Go dark,ตัดขาดการติดต่อ / เงียบหายไปอย่างไร้ร่องรอย / ปิดระบบสื่อสาร,แอ็กชัน/สืบสวน,RECOMMENDED,สำนวนร่วมสมัยที่เจ้าของภาษาใช้บ่อยในชีวิตประจำวัน สื่อ การทำงาน เหมาะแก่การจดจำและเรียนรู้ (High Frequency),Go dark
345,Idiom (สำนวน),dead_end,Dead end,ทางตัน / ภาวะชะงักงันที่ไปต่อไม่ได้ / งานหรือแผนการที่ไม่มีอนาคต,แอ็กชัน/สืบสวน,RECOMMENDED,สำนวนร่วมสมัยที่เจ้าของภาษาใช้บ่อยในชีวิตประจำวัน สื่อ การทำงาน เหมาะแก่การจดจำและเรียนรู้ (High Frequency),Dead end
346,Idiom (สำนวน),loose_ends,Loose ends,รายละเอียดเล็กๆ น้อยๆ ที่ยังค้างคา / งานส่วนที่ยังเก็บไม่เรียบร้อย,แอ็กชัน/สืบสวน,RECOMMENDED,สำนวนร่วมสมัยที่เจ้าของภาษาใช้บ่อยในชีวิตประจำวัน สื่อ การทำงาน เหมาะแก่การจดจำและเรียนรู้ (High Frequency),Loose ends
347,Idiom (สำนวน),smoking_gun,Smoking gun,หลักฐานมัดตัวแน่นหนา / หลักฐานเด็ดที่ดิ้นไม่หลุด,แอ็กชัน/สืบสวน,RECOMMENDED,สำนวนร่วมสมัยที่เจ้าของภาษาใช้บ่อยในชีวิตประจำวัน สื่อ การทำงาน เหมาะแก่การจดจำและเรียนรู้ (High Frequency),Smoking gun
348,Idiom (สำนวน),wild_goose_chase,Wild goose chase,การตามหาอย่างไร้ประโยชน์ / เสียเวลาเปล่าคว้าน้ำเหลว,แอ็กชัน/สืบสวน,RECOMMENDED,สำนวนร่วมสมัยที่เจ้าของภาษาใช้บ่อยในชีวิตประจำวัน สื่อ การทำงาน เหมาะแก่การจดจำและเรียนรู้ (High Frequency),Wild goose chase
349,Idiom (สำนวน),have_the_upper_hand,Have the upper hand,ได้เปรียบ / กุมความได้เปรียบ / ถือไพ่เหนือกว่า,แอ็กชัน/สืบสวน,RECOMMENDED,สำนวนร่วมสมัยที่เจ้าของภาษาใช้บ่อยในชีวิตประจำวัน สื่อ การทำงาน เหมาะแก่การจดจำและเรียนรู้ (High Frequency),Have the upper hand
350,Idiom (สำนวน),bite_the_dust,Bite the dust,ตาย / จบเห่ / พังไม่เป็นท่า,แอ็กชัน/สืบสวน,RECOMMENDED,สำนวนร่วมสมัยที่เจ้าของภาษาใช้บ่อยในชีวิตประจำวัน สื่อ การทำงาน เหมาะแก่การจดจำและเรียนรู้ (High Frequency),Bite the dust
351,Idiom (สำนวน),jump_the_gun,Jump the gun,ด่วนลงมือก่อนเวลาอันควร / ใจร้อนชิงทำก่อนสัญญาณ,แอ็กชัน/สืบสวน,RECOMMENDED,สำนวนร่วมสมัยที่เจ้าของภาษาใช้บ่อยในชีวิตประจำวัน สื่อ การทำงาน เหมาะแก่การจดจำและเรียนรู้ (High Frequency),Jump the gun
352,Idiom (สำนวน),hold_the_fort,Hold the fort,อยู่เฝ้าดูแลสถานที่ / รับผิดชอบงานแทนตอนคนอื่นไม่อยู่,แอ็กชัน/สืบสวน,RECOMMENDED,สำนวนร่วมสมัยที่เจ้าของภาษาใช้บ่อยในชีวิตประจำวัน สื่อ การทำงาน เหมาะแก่การจดจำและเรียนรู้ (High Frequency),Hold the fort
353,Idiom (สำนวน),cover_your_tracks,Cover your tracks,กลบรอย / ทำลายหลักฐานเพื่อไม่ให้ใครสืบสาวราวเรื่องได้,แอ็กชัน/สืบสวน,RECOMMENDED,สำนวนร่วมสมัยที่เจ้าของภาษาใช้บ่อยในชีวิตประจำวัน สื่อ การทำงาน เหมาะแก่การจดจำและเรียนรู้ (High Frequency),Cover your tracks
354,Idiom (สำนวน),drop_the_hammer,Drop the hammer,ลงดาบเด็ดขาด / ลงโทษขั้นเด็ดขาด / เหยียบคันเร่งมิดไมล์,แอ็กชัน/สืบสวน,RECOMMENDED,สำนวนร่วมสมัยที่เจ้าของภาษาใช้บ่อยในชีวิตประจำวัน สื่อ การทำงาน เหมาะแก่การจดจำและเรียนรู้ (High Frequency),Drop the hammer
355,Idiom (สำนวน),in_the_line_of_fire,In the line of fire,ตกอยู่ในแนวยิง / ตกเป็นเป้าถูกตำหนิหรือโดนโจมตี,แอ็กชัน/สืบสวน,RECOMMENDED,สำนวนร่วมสมัยที่เจ้าของภาษาใช้บ่อยในชีวิตประจำวัน สื่อ การทำงาน เหมาะแก่การจดจำและเรียนรู้ (High Frequency),In the line of fire
356,Idiom (สำนวน),silver_bullet,Silver bullet,ไม้ตายวิเศษ / วิธีแก้ปัญหามหัศจรรย์ที่จัดการเรื่องยากได้ในพริบตา,แอ็กชัน/สืบสวน,RECOMMENDED,สำนวนร่วมสมัยที่เจ้าของภาษาใช้บ่อยในชีวิตประจำวัน สื่อ การทำงาน เหมาะแก่การจดจำและเรียนรู้ (High Frequency),Silver bullet
357,Idiom (สำนวน),pull_the_trigger,Pull the trigger,ลั่นไก / ตัดสินใจลงมือทำขั้นเด็ดขาด,แอ็กชัน/สืบสวน,RECOMMENDED,สำนวนร่วมสมัยที่เจ้าของภาษาใช้บ่อยในชีวิตประจำวัน สื่อ การทำงาน เหมาะแก่การจดจำและเรียนรู้ (High Frequency),Pull the trigger
358,Idiom (สำนวน),under_lock_and_key,Under lock and key,เก็บไว้อย่างแน่นหนาปลอดภัย / ขังไว้อย่างมิดชิด,แอ็กชัน/สืบสวน,RECOMMENDED,สำนวนร่วมสมัยที่เจ้าของภาษาใช้บ่อยในชีวิตประจำวัน สื่อ การทำงาน เหมาะแก่การจดจำและเรียนรู้ (High Frequency),Under lock and key
359,Idiom (สำนวน),keep_your_eyes_peeled,Keep your eyes peeled,คอยเบิ่งตามอง / สอดส่องเฝ้าระวังอย่างใกล้ชิดตาไม่กะพริบ,แอ็กชัน/สืบสวน,RECOMMENDED,สำนวนร่วมสมัยที่เจ้าของภาษาใช้บ่อยในชีวิตประจำวัน สื่อ การทำงาน เหมาะแก่การจดจำและเรียนรู้ (High Frequency),Keep your eyes peeled
360,Idiom (สำนวน),on_the_scent,On the scent,ได้กลิ่นเบาะแส / เข้าใกล้ร่องรอยหรือความจริงของเรื่องที่ตามหา,แอ็กชัน/สืบสวน,RECOMMENDED,สำนวนร่วมสมัยที่เจ้าของภาษาใช้บ่อยในชีวิตประจำวัน สื่อ การทำงาน เหมาะแก่การจดจำและเรียนรู้ (High Frequency),On the scent
361,Idiom (สำนวน),hot_on_the_trail,Hot on the trail,ตามติดรอยหลังมาติดๆ / ไล่กวดจี้กระชั้นชิดไม่ให้คลาดสายตา,แอ็กชัน/สืบสวน,RECOMMENDED,สำนวนร่วมสมัยที่เจ้าของภาษาใช้บ่อยในชีวิตประจำวัน สื่อ การทำงาน เหมาะแก่การจดจำและเรียนรู้ (High Frequency),Hot on the trail
362,Idiom (สำนวน),shake_a_tail,Shake a tail,สลัดหางหนี / สลัดคนที่สะกดรอยตามให้หลุดพ้น,แอ็กชัน/สืบสวน,RECOMMENDED,สำนวนร่วมสมัยที่เจ้าของภาษาใช้บ่อยในชีวิตประจำวัน สื่อ การทำงาน เหมาะแก่การจดจำและเรียนรู้ (High Frequency),Shake a tail
363,Idiom (สำนวน),throw_off_the_scent,Throw off the scent,ล่อให้หลงทิศ / ทิ้งรอยหลอกเพื่อเบี่ยงเบนความสนใจของผู้ตามล่า,แอ็กชัน/สืบสวน,RECOMMENDED,สำนวนร่วมสมัยที่เจ้าของภาษาใช้บ่อยในชีวิตประจำวัน สื่อ การทำงาน เหมาะแก่การจดจำและเรียนรู้ (High Frequency),Throw off the scent
364,Idiom (สำนวน),stand_your_ground,Stand your ground,ปักหลักสู้ / ยืนหยัดในจุดยืนไม่ยอมถอยหรือยอมจำนน,แอ็กชัน/สืบสวน,RECOMMENDED,สำนวนร่วมสมัยที่เจ้าของภาษาใช้บ่อยในชีวิตประจำวัน สื่อ การทำงาน เหมาะแก่การจดจำและเรียนรู้ (High Frequency),Stand your ground
365,Idiom (สำนวน),brace_for_impact,Brace for impact,เตรียมรับแรงกระแทก / เตรียมใจรับมือกับวิกฤตหรือข่าวร้าย,แอ็กชัน/สืบสวน,RECOMMENDED,สำนวนร่วมสมัยที่เจ้าของภาษาใช้บ่อยในชีวิตประจำวัน สื่อ การทำงาน เหมาะแก่การจดจำและเรียนรู้ (High Frequency),Brace for impact
366,Idiom (สำนวน),call_in_the_cavalry,Call in the cavalry,ขอกำลังเสริม / เรียกผู้เชี่ยวชาญหรือคนเก่งมาช่วยกอบกู้วิกฤต,แอ็กชัน/สืบสวน,RECOMMENDED,สำนวนร่วมสมัยที่เจ้าของภาษาใช้บ่อยในชีวิตประจำวัน สื่อ การทำงาน เหมาะแก่การจดจำและเรียนรู้ (High Frequency),Call in the cavalry
367,Idiom (สำนวน),go_down_swinging,Go down swinging,สู้สุดใจจนหยดสุดท้าย / ยอมแพ้แต่ไม่ยอมถอย ขอแลกหมัดจนวินาทีสุดท้าย,แอ็กชัน/สืบสวน,RECOMMENDED,สำนวนร่วมสมัยที่เจ้าของภาษาใช้บ่อยในชีวิตประจำวัน สื่อ การทำงาน เหมาะแก่การจดจำและเรียนรู้ (High Frequency),Go down swinging
368,Idiom (สำนวน),in_the_crosshairs,In someone's crosshairs,ตกเป็นเป้าหมาย / อยู่ในศูนย์เล็งปืนที่จ้องจะโจมตีหรือกำจัด,แอ็กชัน/สืบสวน,RECOMMENDED,สำนวนร่วมสมัยที่เจ้าของภาษาใช้บ่อยในชีวิตประจำวัน สื่อ การทำงาน เหมาะแก่การจดจำและเรียนรู้ (High Frequency),In someone's crosshairs
369,Idiom (สำนวน),take_down,Take down,โค่นล้ม / จัดการปราบ / รวบตัวผู้ร้าย / ปลดหรือลบเนื้อหาออก,แอ็กชัน/สืบสวน,RECOMMENDED,สำนวนร่วมสมัยที่เจ้าของภาษาใช้บ่อยในชีวิตประจำวัน สื่อ การทำงาน เหมาะแก่การจดจำและเรียนรู้ (High Frequency),Take down
370,Idiom (สำนวน),on_high_alert,On high alert,เตรียมพร้อมขั้นสูงสุด / เฝ้าระวังภัยอย่างเข้มงวด,แอ็กชัน/สืบสวน,RECOMMENDED,สำนวนร่วมสมัยที่เจ้าของภาษาใช้บ่อยในชีวิตประจำวัน สื่อ การทำงาน เหมาะแก่การจดจำและเรียนรู้ (High Frequency),On high alert
371,Idiom (สำนวน),code_red,Code red,ภาวะวิกฤตขั้นสูงสุด / สัญญาณเตือนภัยระดับฉุกเฉิน,แอ็กชัน/สืบสวน,RECOMMENDED,สำนวนร่วมสมัยที่เจ้าของภาษาใช้บ่อยในชีวิตประจำวัน สื่อ การทำงาน เหมาะแก่การจดจำและเรียนรู้ (High Frequency),Code red
372,Idiom (สำนวน),mayday,Mayday,สัญญาณขอความช่วยเหลือฉุกเฉิน / รหัสแจ้งเหตุร้ายแรงถึงแก่ชีวิต,แอ็กชัน/สืบสวน,RECOMMENDED,สำนวนร่วมสมัยที่เจ้าของภาษาใช้บ่อยในชีวิตประจำวัน สื่อ การทำงาน เหมาะแก่การจดจำและเรียนรู้ (High Frequency),Mayday
373,Idiom (สำนวน),all_hands_on_deck,All hands on deck,ระดมพลทุกคน / ทุกคนต้องร่วมแรงร่วมใจช่วยกันด่วน,แอ็กชัน/สืบสวน,RECOMMENDED,สำนวนร่วมสมัยที่เจ้าของภาษาใช้บ่อยในชีวิตประจำวัน สื่อ การทำงาน เหมาะแก่การจดจำและเรียนรู้ (High Frequency),All hands on deck
374,Idiom (สำนวน),stick_to_your_guns,Stick to your guns,ยืนหยัดในจุดยืน / มั่นคงในหลักการและไม่ยอมโอนอ่อนตามแรงกดดัน,แอ็กชัน/สืบสวน,RECOMMENDED,สำนวนร่วมสมัยที่เจ้าของภาษาใช้บ่อยในชีวิตประจำวัน สื่อ การทำงาน เหมาะแก่การจดจำและเรียนรู้ (High Frequency),Stick to your guns
375,Idiom (สำนวน),point_blank,Point-blank,ระยะเผาขน / พูดจาตรงไปตรงมาแบบไม่อ้อมค้อมและขวานผ่าซาก,แอ็กชัน/สืบสวน,RECOMMENDED,สำนวนร่วมสมัยที่เจ้าของภาษาใช้บ่อยในชีวิตประจำวัน สื่อ การทำงาน เหมาะแก่การจดจำและเรียนรู้ (High Frequency),Point-blank
376,Idiom (สำนวน),lock_and_load,Lock and load,เตรียมตัวให้พร้อมลุย / ขึ้นลำบรรจุกระสุนพร้อมออกศึก,แอ็กชัน/สืบสวน,RECOMMENDED,สำนวนร่วมสมัยที่เจ้าของภาษาใช้บ่อยในชีวิตประจำวัน สื่อ การทำงาน เหมาะแก่การจดจำและเรียนรู้ (High Frequency),Lock and load
377,Idiom (สำนวน),fall_in_line,Fall in line,เข้าแถวปฏิบัติตามกฎ / ยอมทำตามคำสั่งและระเบียบของหมู่คณะ,แอ็กชัน/สืบสวน,RECOMMENDED,สำนวนร่วมสมัยที่เจ้าของภาษาใช้บ่อยในชีวิตประจำวัน สื่อ การทำงาน เหมาะแก่การจดจำและเรียนรู้ (High Frequency),Fall in line
378,Idiom (สำนวน),behind_enemy_lines,Behind enemy lines,แทรกซึมหลังแนวข้าศึก / อยู่ในแดนศัตรูท่ามกลางอันตรายและคนที่ไม่เป็นมิตร,แอ็กชัน/สืบสวน,RECOMMENDED,สำนวนร่วมสมัยที่เจ้าของภาษาใช้บ่อยในชีวิตประจำวัน สื่อ การทำงาน เหมาะแก่การจดจำและเรียนรู้ (High Frequency),Behind enemy lines
379,Idiom (สำนวน),get_the_ball_rolling,Get the ball rolling,เริ่มลงมือทำ / จุดชนวนเริ่มกิจกรรมหรือโครงการให้เคลื่อนไปข้างหน้า,งาน/ธุรกิจ,RECOMMENDED,สำนวนร่วมสมัยที่เจ้าของภาษาใช้บ่อยในชีวิตประจำวัน สื่อ การทำงาน เหมาะแก่การจดจำและเรียนรู้ (High Frequency),Get the ball rolling
380,Idiom (สำนวน),back_to_square_one,Back to square one,กลับไปจุดเริ่มต้นใหม่ / นับหนึ่งใหม่เพราะแผนล้มเหลว,งาน/ธุรกิจ,RECOMMENDED,สำนวนร่วมสมัยที่เจ้าของภาษาใช้บ่อยในชีวิตประจำวัน สื่อ การทำงาน เหมาะแก่การจดจำและเรียนรู้ (High Frequency),Back to square one
381,Idiom (สำนวน),learn_the_ropes,Learn the ropes,เรียนรู้งาน / ทำความเข้าใจพื้นฐานและวิธีปฏิบัติของงานใหม่,งาน/ธุรกิจ,RECOMMENDED,สำนวนร่วมสมัยที่เจ้าของภาษาใช้บ่อยในชีวิตประจำวัน สื่อ การทำงาน เหมาะแก่การจดจำและเรียนรู้ (High Frequency),Learn the ropes
382,Idiom (สำนวน),in_charge_of,In charge of,รับผิดชอบ / ดูแลควบคุม / มีอำนาจสั่งการ,งาน/ธุรกิจ,RECOMMENDED,สำนวนร่วมสมัยที่เจ้าของภาษาใช้บ่อยในชีวิตประจำวัน สื่อ การทำงาน เหมาะแก่การจดจำและเรียนรู้ (High Frequency),In charge of
383,Idiom (สำนวน),cut_corners,Cut corners,ลักไก่ / ลัดขั้นตอนแบบชุ่ยๆ เพื่อประหยัดเงินหรือเวลา,งาน/ธุรกิจ,RECOMMENDED,สำนวนร่วมสมัยที่เจ้าของภาษาใช้บ่อยในชีวิตประจำวัน สื่อ การทำงาน เหมาะแก่การจดจำและเรียนรู้ (High Frequency),Cut corners
384,Idiom (สำนวน),think_outside_the_box,Think outside the box,คิดนอกกรอบ / คิดสร้างสรรค์แบบฉีกแนวไม่ยึดติดวิธีเดิมๆ,งาน/ธุรกิจ,RECOMMENDED,สำนวนร่วมสมัยที่เจ้าของภาษาใช้บ่อยในชีวิตประจำวัน สื่อ การทำงาน เหมาะแก่การจดจำและเรียนรู้ (High Frequency),Think outside the box
385,Idiom (สำนวน),call_it_a_day,Call it a day,เลิกงาน / พอแค่นี้ก่อนสำหรับวันนี้,งาน/ธุรกิจ,RECOMMENDED,สำนวนร่วมสมัยที่เจ้าของภาษาใช้บ่อยในชีวิตประจำวัน สื่อ การทำงาน เหมาะแก่การจดจำและเรียนรู้ (High Frequency),Call it a day
386,Idiom (สำนวน),burn_the_midnight_oil,Burn the midnight oil,ทำงานดึกดื่นค่อนคืน / โต้รุ่งอ่านหนังสือหรือปั่นงาน,งาน/ธุรกิจ,RECOMMENDED,สำนวนร่วมสมัยที่เจ้าของภาษาใช้บ่อยในชีวิตประจำวัน สื่อ การทำงาน เหมาะแก่การจดจำและเรียนรู้ (High Frequency),Burn the midnight oil
387,Idiom (สำนวน),go_the_extra_mile,Go the extra mile,ทุ่มเทเป็นพิเศษ / ใส่ใจทำเกินหน้าที่หรือความคาดหมาย,งาน/ธุรกิจ,RECOMMENDED,สำนวนร่วมสมัยที่เจ้าของภาษาใช้บ่อยในชีวิตประจำวัน สื่อ การทำงาน เหมาะแก่การจดจำและเรียนรู้ (High Frequency),Go the extra mile
388,Idiom (สำนวน),climb_the_corporate_ladder,Climb the corporate ladder,ไต่เต้าในสายอาชีพ / เลื่อนขั้นเลื่อนตำแหน่งในองค์กร,งาน/ธุรกิจ,RECOMMENDED,สำนวนร่วมสมัยที่เจ้าของภาษาใช้บ่อยในชีวิตประจำวัน สื่อ การทำงาน เหมาะแก่การจดจำและเรียนรู้ (High Frequency),Climb the corporate ladder
389,Idiom (สำนวน),on_the_same_page,On the same page,เข้าใจตรงกัน / มีเป้าหมายและความคิดเห็นสอดคล้องกัน,งาน/ธุรกิจ,RECOMMENDED,สำนวนร่วมสมัยที่เจ้าของภาษาใช้บ่อยในชีวิตประจำวัน สื่อ การทำงาน เหมาะแก่การจดจำและเรียนรู้ (High Frequency),On the same page
390,Idiom (สำนวน),touch_base,Touch base,แวะมาคุยอัปเดตสั้นๆ / ติดต่อประสานงานเพื่อเช็กสถานะ,งาน/ธุรกิจ,RECOMMENDED,สำนวนร่วมสมัยที่เจ้าของภาษาใช้บ่อยในชีวิตประจำวัน สื่อ การทำงาน เหมาะแก่การจดจำและเรียนรู้ (High Frequency),Touch base
391,Idiom (สำนวน),get_down_to_business,Get down to business,เข้าเรื่องงานจริงจัง / หยุดคุยเล่นแล้วเริ่มลุยประเด็นสำคัญ,งาน/ธุรกิจ,RECOMMENDED,สำนวนร่วมสมัยที่เจ้าของภาษาใช้บ่อยในชีวิตประจำวัน สื่อ การทำงาน เหมาะแก่การจดจำและเรียนรู้ (High Frequency),Get down to business
392,Idiom (สำนวน),put_all_your_eggs_in_one_basket,Put all your eggs in one basket,ทุ่มหมดหน้าตักที่เดียว / ฝากความหวังทั้งหมดไว้กับสิ่งเดียวจนเสี่ยงเกินไป,งาน/ธุรกิจ,RECOMMENDED,สำนวนร่วมสมัยที่เจ้าของภาษาใช้บ่อยในชีวิตประจำวัน สื่อ การทำงาน เหมาะแก่การจดจำและเรียนรู้ (High Frequency),Put all your eggs in one basket
393,Idiom (สำนวน),a_doubleedged_sword,A double-edged sword,ดาบสองคม / สิ่งที่มีทั้งประโยชน์มหาศาลและโทษร้ายแรงในเวลาเดียวกัน,งาน/ธุรกิจ,RECOMMENDED,สำนวนร่วมสมัยที่เจ้าของภาษาใช้บ่อยในชีวิตประจำวัน สื่อ การทำงาน เหมาะแก่การจดจำและเรียนรู้ (High Frequency),A double-edged sword
394,Idiom (สำนวน),raise_the_bar,Raise the bar,ยกระดับมาตรฐาน / สร้างเกณฑ์ความสำเร็จใหม่ที่สูงขึ้นและท้าทายกว่าเดิม,งาน/ธุรกิจ,RECOMMENDED,สำนวนร่วมสมัยที่เจ้าของภาษาใช้บ่อยในชีวิตประจำวัน สื่อ การทำงาน เหมาะแก่การจดจำและเรียนรู้ (High Frequency),Raise the bar
395,Idiom (สำนวน),keep_your_eye_on_the_ball,Keep your eye on the ball,จดจ่อกับเป้าหมายสำคัญ / มีสมาธิแน่วแน่ไม่วอกแวก,งาน/ธุรกิจ,RECOMMENDED,สำนวนร่วมสมัยที่เจ้าของภาษาใช้บ่อยในชีวิตประจำวัน สื่อ การทำงาน เหมาะแก่การจดจำและเรียนรู้ (High Frequency),Keep your eye on the ball
396,Idiom (สำนวน),take_the_lead,Take the lead,ขึ้นเป็นผู้นำ / ชิงเป็นฝ่ายริเริ่มลงมือก่อน / ขึ้นนำในการแข่งขัน,งาน/ธุรกิจ,RECOMMENDED,สำนวนร่วมสมัยที่เจ้าของภาษาใช้บ่อยในชีวิตประจำวัน สื่อ การทำงาน เหมาะแก่การจดจำและเรียนรู้ (High Frequency),Take the lead
397,Idiom (สำนวน),behind_schedule,Behind schedule,ช้ากว่ากำหนดการ / ล่าช้ากว่าแผนที่วางไว้,งาน/ธุรกิจ,RECOMMENDED,สำนวนร่วมสมัยที่เจ้าของภาษาใช้บ่อยในชีวิตประจำวัน สื่อ การทำงาน เหมาะแก่การจดจำและเรียนรู้ (High Frequency),Behind schedule
398,Idiom (สำนวน),make_ends_meet,Make ends meet,หาเงินให้พอใช้เดือนชนเดือน / ชักหน้าให้ถึงหลัง / หมุนเงินให้พอกับค่าใช้จ่าย,งาน/ธุรกิจ,RECOMMENDED,สำนวนร่วมสมัยที่เจ้าของภาษาใช้บ่อยในชีวิตประจำวัน สื่อ การทำงาน เหมาะแก่การจดจำและเรียนรู้ (High Frequency),Make ends meet
399,Idiom (สำนวน),giving_my_notice,Give one's notice,ยื่นใบลาออก / แจ้งลาออกล่วงหน้าตามระเบียบบริษัท,งาน/ธุรกิจ,RECOMMENDED,ปรับรูปวลีเป็นสำนวนมาตรฐาน 'Give one's notice' ตาม Cambridge/Oxford Dictionary พร้อมรองรับ Cloze test,แก้ไขเป็น: Give one's notice
400,Idiom (สำนวน),put_in_a_request,Put in a request,ยื่นคำร้องอย่างเป็นทางการ / ส่งคำขอตามระเบียบขั้นตอน,งาน/ธุรกิจ,RECOMMENDED,ปรับการขึ้นต้นตัวพิมพ์ใหญ่ 'Put in a request' ให้สวยงามและสม่ำเสมอตามแบบแผน,แก้ไขเป็น: Put in a request
401,Idiom (สำนวน),back_to_the_drawing_board,Back to the drawing board,กลับไปเริ่มตั้งหลักวางแผนใหม่ตั้งแต่ต้น,งาน/ธุรกิจ,RECOMMENDED,สำนวนร่วมสมัยที่เจ้าของภาษาใช้บ่อยในชีวิตประจำวัน สื่อ การทำงาน เหมาะแก่การจดจำและเรียนรู้ (High Frequency),Back to the drawing board
402,Idiom (สำนวน),corner_the_market,Corner the market,ผูกขาดตลาด / กวาดครองส่วนแบ่งตลาดแต่เพียงผู้เดียว,งาน/ธุรกิจ,RECOMMENDED,สำนวนร่วมสมัยที่เจ้าของภาษาใช้บ่อยในชีวิตประจำวัน สื่อ การทำงาน เหมาะแก่การจดจำและเรียนรู้ (High Frequency),Corner the market
403,Idiom (สำนวน),ballpark_figure,Ballpark figure,ตัวเลขประเมินคร่าวๆ / ตัวเลขประมาณการ,งาน/ธุรกิจ,RECOMMENDED,สำนวนร่วมสมัยที่เจ้าของภาษาใช้บ่อยในชีวิตประจำวัน สื่อ การทำงาน เหมาะแก่การจดจำและเรียนรู้ (High Frequency),Ballpark figure
404,Idiom (สำนวน),bottom_line,Bottom line,ประเด็นสำคัญที่สุด / สรุปสาระสำคัญ (หรือ กำไรสุทธิ ทางบัญชี),งาน/ธุรกิจ,RECOMMENDED,สำนวนร่วมสมัยที่เจ้าของภาษาใช้บ่อยในชีวิตประจำวัน สื่อ การทำงาน เหมาะแก่การจดจำและเรียนรู้ (High Frequency),Bottom line
405,Idiom (สำนวน),by_the_book,By the book,ทำตามกฎระเบียบเป๊ะๆ / ยึดตามตำราเคร่งครัด,งาน/ธุรกิจ,RECOMMENDED,สำนวนร่วมสมัยที่เจ้าของภาษาใช้บ่อยในชีวิตประจำวัน สื่อ การทำงาน เหมาะแก่การจดจำและเรียนรู้ (High Frequency),By the book
406,Idiom (สำนวน),cash_cow,Cash cow,ธุรกิจหรือสินค้าที่ทำเงินเข้ากระเป๋าได้อย่างต่อเนื่องสม่ำเสมอ,งาน/ธุรกิจ,RECOMMENDED,สำนวนร่วมสมัยที่เจ้าของภาษาใช้บ่อยในชีวิตประจำวัน สื่อ การทำงาน เหมาะแก่การจดจำและเรียนรู้ (High Frequency),Cash cow
407,Idiom (สำนวน),crunch_the_numbers,Crunch the numbers,คำนวณตัวเลขอย่างละเอียด / วิเคราะห์ข้อมูลตัวเลข,งาน/ธุรกิจ,RECOMMENDED,สำนวนร่วมสมัยที่เจ้าของภาษาใช้บ่อยในชีวิตประจำวัน สื่อ การทำงาน เหมาะแก่การจดจำและเรียนรู้ (High Frequency),Crunch the numbers
408,Idiom (สำนวน),game_plan,Game plan,แผนการเชิงกลยุทธ์ / แผนรับมือที่วางไว้,งาน/ธุรกิจ,RECOMMENDED,สำนวนร่วมสมัยที่เจ้าของภาษาใช้บ่อยในชีวิตประจำวัน สื่อ การทำงาน เหมาะแก่การจดจำและเรียนรู้ (High Frequency),Game plan
409,Idiom (สำนวน),glass_ceiling,Glass ceiling,เพดานที่มองไม่เห็น / อุปสรรคแฝงที่ขัดขวางไม่ให้ก้าวหน้าสู่ตำแหน่งผู้นำระดับสูง,งาน/ธุรกิจ,RECOMMENDED,สำนวนร่วมสมัยที่เจ้าของภาษาใช้บ่อยในชีวิตประจำวัน สื่อ การทำงาน เหมาะแก่การจดจำและเรียนรู้ (High Frequency),Glass ceiling
410,Idiom (สำนวน),golden_handshake,Golden handshake,เงินชดเชยการเลิกจ้างหรือเงินเกษียณก้อนโต (เพื่อจูงใจให้ลาออก),งาน/ธุรกิจ,RECOMMENDED,สำนวนร่วมสมัยที่เจ้าของภาษาใช้บ่อยในชีวิตประจำวัน สื่อ การทำงาน เหมาะแก่การจดจำและเรียนรู้ (High Frequency),Golden handshake
411,Idiom (สำนวน),hands_are_tied,My hands are tied,ช่วยอะไรไม่ได้จริงๆ / ติดกฎระเบียบหรือคำสั่งจนขยับตัวไม่สะดวก,งาน/ธุรกิจ,RECOMMENDED,สำนวนร่วมสมัยที่เจ้าของภาษาใช้บ่อยในชีวิตประจำวัน สื่อ การทำงาน เหมาะแก่การจดจำและเรียนรู้ (High Frequency),My hands are tied
412,Idiom (สำนวน),in_the_black,In the black,มีกำไร / ฐานะทางการเงินเป็นบวก ไม่ติดหนี้,งาน/ธุรกิจ,RECOMMENDED,สำนวนร่วมสมัยที่เจ้าของภาษาใช้บ่อยในชีวิตประจำวัน สื่อ การทำงาน เหมาะแก่การจดจำและเรียนรู้ (High Frequency),In the black
413,Idiom (สำนวน),in_the_red,In the red,ขาดทุน / ติดตัวแดง / มีหนี้สินล้นพ้นตัว,งาน/ธุรกิจ,RECOMMENDED,สำนวนร่วมสมัยที่เจ้าของภาษาใช้บ่อยในชีวิตประจำวัน สื่อ การทำงาน เหมาะแก่การจดจำและเรียนรู้ (High Frequency),In the red
414,Idiom (สำนวน),jack_of_all_trades,Jack of all trades,คนทำได้สารพัดอย่าง / รู้รอบหลายด้าน (มักตามด้วยแต่ไม่เชี่ยวชาญสักอย่าง),งาน/ธุรกิจ,RECOMMENDED,สำนวนร่วมสมัยที่เจ้าของภาษาใช้บ่อยในชีวิตประจำวัน สื่อ การทำงาน เหมาะแก่การจดจำและเรียนรู้ (High Frequency),Jack of all trades
415,Idiom (สำนวน),steep_learning_curve,Steep learning curve,สิ่งที่ต้องใช้เวลาและความพยายามอย่างสูงในช่วงแรกในการเรียนรู้,งาน/ธุรกิจ,RECOMMENDED,สำนวนร่วมสมัยที่เจ้าของภาษาใช้บ่อยในชีวิตประจำวัน สื่อ การทำงาน เหมาะแก่การจดจำและเรียนรู้ (High Frequency),Steep learning curve
416,Idiom (สำนวน),move_the_needle,Move the needle,สร้างผลกระทบหรือความเปลี่ยนแปลงที่เห็นผลชัดเจน,งาน/ธุรกิจ,RECOMMENDED,สำนวนร่วมสมัยที่เจ้าของภาษาใช้บ่อยในชีวิตประจำวัน สื่อ การทำงาน เหมาะแก่การจดจำและเรียนรู้ (High Frequency),Move the needle
417,Idiom (สำนวน),out_of_pocket,Out of pocket,ควักเงินส่วนตัวจ่ายเอง / ออกเงินสำรองจ่ายไปก่อน,งาน/ธุรกิจ,RECOMMENDED,สำนวนร่วมสมัยที่เจ้าของภาษาใช้บ่อยในชีวิตประจำวัน สื่อ การทำงาน เหมาะแก่การจดจำและเรียนรู้ (High Frequency),Out of pocket
418,Idiom (สำนวน),pencil_something_in,Pencil something in,ลงตารางนัดไว้คร่าวๆ ก่อน / นัดหมายเบื้องต้นที่ยังปรับเปลี่ยนได้,งาน/ธุรกิจ,RECOMMENDED,สำนวนร่วมสมัยที่เจ้าของภาษาใช้บ่อยในชีวิตประจำวัน สื่อ การทำงาน เหมาะแก่การจดจำและเรียนรู้ (High Frequency),Pencil something in
419,Idiom (สำนวน),in_the_pipeline,In the pipeline,กำลังอยู่ระหว่างดำเนินการ / กำลังอยู่ในขั้นตอนการจัดทำหรือพัฒนา,งาน/ธุรกิจ,RECOMMENDED,สำนวนร่วมสมัยที่เจ้าของภาษาใช้บ่อยในชีวิตประจำวัน สื่อ การทำงาน เหมาะแก่การจดจำและเรียนรู้ (High Frequency),In the pipeline
420,Idiom (สำนวน),red_tape,Red tape,ความล่าช้าจากขั้นตอนและระเบียบราชการที่หยุมหยิมเกินไป,งาน/ธุรกิจ,RECOMMENDED,สำนวนร่วมสมัยที่เจ้าของภาษาใช้บ่อยในชีวิตประจำวัน สื่อ การทำงาน เหมาะแก่การจดจำและเรียนรู้ (High Frequency),Red tape
421,Idiom (สำนวน),a_seat_at_the_table,A seat at the table,สิทธิ์มีเสียงในการตัดสินใจ / การได้ร่วมเป็นหนึ่งในผู้กำหนดทิศทาง,งาน/ธุรกิจ,RECOMMENDED,สำนวนร่วมสมัยที่เจ้าของภาษาใช้บ่อยในชีวิตประจำวัน สื่อ การทำงาน เหมาะแก่การจดจำและเรียนรู้ (High Frequency),A seat at the table
422,Idiom (สำนวน),sweeten_the_deal,Sweeten the deal,เพิ่มข้อเสนอพิเศษหรือผลประโยชน์ให้น่าดึงดูดใจยิ่งขึ้น,งาน/ธุรกิจ,RECOMMENDED,สำนวนร่วมสมัยที่เจ้าของภาษาใช้บ่อยในชีวิตประจำวัน สื่อ การทำงาน เหมาะแก่การจดจำและเรียนรู้ (High Frequency),Sweeten the deal
423,Idiom (สำนวน),take_the_bull_by_the_horns,Take the bull by the horns,เผชิญหน้าจัดการปัญหาอย่างกล้าหาญตรงไปตรงมา ไม่หลบเลี่ยง,งาน/ธุรกิจ,RECOMMENDED,สำนวนร่วมสมัยที่เจ้าของภาษาใช้บ่อยในชีวิตประจำวัน สื่อ การทำงาน เหมาะแก่การจดจำและเรียนรู้ (High Frequency),Take the bull by the horns
424,Idiom (สำนวน),think_on_your_feet,Think on your feet,แก้ปัญหาเฉพาะหน้าได้อย่างฉับไว / ตัดสินใจได้รวดเร็วทันสถานการณ์,งาน/ธุรกิจ,RECOMMENDED,สำนวนร่วมสมัยที่เจ้าของภาษาใช้บ่อยในชีวิตประจำวัน สื่อ การทำงาน เหมาะแก่การจดจำและเรียนรู้ (High Frequency),Think on your feet
425,Idiom (สำนวน),tighten_your_belt,Tighten your belt,รัดเข็มขัด / ประหยัดค่าใช้จ่ายอย่างเข้มงวดช่วงเงินตึงมือ,งาน/ธุรกิจ,RECOMMENDED,สำนวนร่วมสมัยที่เจ้าของภาษาใช้บ่อยในชีวิตประจำวัน สื่อ การทำงาน เหมาะแก่การจดจำและเรียนรู้ (High Frequency),Tighten your belt
426,Idiom (สำนวน),win_win_situation,Win-win situation,สถานการณ์ที่เกิดประโยชน์ร่วมกันทั้งสองฝ่าย / วิน-วินทั้งคู่,งาน/ธุรกิจ,RECOMMENDED,สำนวนร่วมสมัยที่เจ้าของภาษาใช้บ่อยในชีวิตประจำวัน สื่อ การทำงาน เหมาะแก่การจดจำและเรียนรู้ (High Frequency),Win-win situation
427,Idiom (สำนวน),zero_in_on,Zero in on,เพ่งความสนใจอย่างแม่นยำ / พุ่งเป้าไปที่จุดสำคัญ,งาน/ธุรกิจ,RECOMMENDED,สำนวนร่วมสมัยที่เจ้าของภาษาใช้บ่อยในชีวิตประจำวัน สื่อ การทำงาน เหมาะแก่การจดจำและเรียนรู้ (High Frequency),Zero in on
428,Idiom (สำนวน),fast_track,Fast-track,เร่งรัดกระบวนการให้เสร็จเร็วกว่าปกติ / ทางลัดสู่ความก้าวหน้าอย่างรวดเร็ว,งาน/ธุรกิจ,RECOMMENDED,สำนวนร่วมสมัยที่เจ้าของภาษาใช้บ่อยในชีวิตประจำวัน สื่อ การทำงาน เหมาะแก่การจดจำและเรียนรู้ (High Frequency),Fast-track
429,Idiom (สำนวน),long_story_short,Long story short,สรุปสั้นๆ ก็คือ / ตัดตอนเอาแต่เนื้อๆ / สรุปย่อๆ ให้ฟัง,วลีทั่วไป,RECOMMENDED,สำนวนร่วมสมัยที่เจ้าของภาษาใช้บ่อยในชีวิตประจำวัน สื่อ การทำงาน เหมาะแก่การจดจำและเรียนรู้ (High Frequency),Long story short
430,Idiom (สำนวน),at_the_end_of_the_day,At the end of the day,ท้ายที่สุดแล้ว / สรุปแล้วเมื่อพิจารณาทุกแง่มุม / เมื่อมองภาพรวม,วลีทั่วไป,RECOMMENDED,สำนวนร่วมสมัยที่เจ้าของภาษาใช้บ่อยในชีวิตประจำวัน สื่อ การทำงาน เหมาะแก่การจดจำและเรียนรู้ (High Frequency),At the end of the day
431,Idiom (สำนวน),easier_said_than_done,Easier said than done,พูดง่ายแต่ทำยาก / ฟังดูง่ายแต่ปฏิบัติจริงไม่ง่ายเลย,วลีทั่วไป,RECOMMENDED,สำนวนร่วมสมัยที่เจ้าของภาษาใช้บ่อยในชีวิตประจำวัน สื่อ การทำงาน เหมาะแก่การจดจำและเรียนรู้ (High Frequency),Easier said than done
432,Idiom (สำนวน),the_ball_is_in_your_court,The ball is in your court,ตาคุณแล้ว / ขึ้นอยู่กับการตัดสินใจของคุณแล้ว / บอลมาอยู่ในแดนคุณแล้ว,วลีทั่วไป,RECOMMENDED,สำนวนร่วมสมัยที่เจ้าของภาษาใช้บ่อยในชีวิตประจำวัน สื่อ การทำงาน เหมาะแก่การจดจำและเรียนรู้ (High Frequency),The ball is in your court
433,Idiom (สำนวน),it_is_what_it_is,It is what it is,มันก็เป็นแบบนั้นแหละ / ต้องยอมรับความจริงตามสภาพ / ทำใจยอมรับสิ่งที่เปลี่ยนไม่ได้,วลีทั่วไป,RECOMMENDED,สำนวนร่วมสมัยที่เจ้าของภาษาใช้บ่อยในชีวิตประจำวัน สื่อ การทำงาน เหมาะแก่การจดจำและเรียนรู้ (High Frequency),It is what it is
434,Idiom (สำนวน),let_bygones_be_bygones,Let bygones be bygones,ให้อดีตผ่านพ้นไป / อะไรที่แล้วมาก็ให้แล้วกันไป / ยกโทษไม่ถือสาหาความกันอีก,วลีทั่วไป,RECOMMENDED,สำนวนร่วมสมัยที่เจ้าของภาษาใช้บ่อยในชีวิตประจำวัน สื่อ การทำงาน เหมาะแก่การจดจำและเรียนรู้ (High Frequency),Let bygones be bygones
435,Idiom (สำนวน),live_and_learn,Live and learn,ผิดเป็นครู / ประสบการณ์สอนให้โตขึ้น / อยู่ไปก็ได้เรียนรู้ไป,วลีทั่วไป,RECOMMENDED,สำนวนร่วมสมัยที่เจ้าของภาษาใช้บ่อยในชีวิตประจำวัน สื่อ การทำงาน เหมาะแก่การจดจำและเรียนรู้ (High Frequency),Live and learn
436,Idiom (สำนวน),the_world_is_your_oyster,The world is your oyster,โลกทั้งใบอยู่ในกำมือคุณ / โอกาสเปิดกว้างพร้อมให้คุณออกไปคว้าความสำเร็จ,วลีทั่วไป,RECOMMENDED,สำนวนร่วมสมัยที่เจ้าของภาษาใช้บ่อยในชีวิตประจำวัน สื่อ การทำงาน เหมาะแก่การจดจำและเรียนรู้ (High Frequency),The world is your oyster
437,Idiom (สำนวน),break_the_ice,Break the ice,ทำลายความเงียบ / ละลายพฤติกรรม / ผูกมิตรเปิดบทสนทนาให้รู้สึกผ่อนคลาย,วลีทั่วไป,RECOMMENDED,สำนวนร่วมสมัยที่เจ้าของภาษาใช้บ่อยในชีวิตประจำวัน สื่อ การทำงาน เหมาะแก่การจดจำและเรียนรู้ (High Frequency),Break the ice
438,Idiom (สำนวน),wish_you_all_the_best,Wish you all the best,ขออวยพรให้พบเจอแต่สิ่งที่ดีที่สุด / ขอให้โชคดีและประสบความสำเร็จในทุกสิ่ง,วลีทั่วไป,RECOMMENDED,สำนวนร่วมสมัยที่เจ้าของภาษาใช้บ่อยในชีวิตประจำวัน สื่อ การทำงาน เหมาะแก่การจดจำและเรียนรู้ (High Frequency),Wish you all the best
439,Idiom (สำนวน),the_elephant_in_the_room,The elephant in the room,ปัญหาใหญ่ที่เห็นตำตาแต่ทุกคนแกล้งทำเป็นมองไม่เห็นหรือไม่พูดถึง,วลีทั่วไป,RECOMMENDED,สำนวนร่วมสมัยที่เจ้าของภาษาใช้บ่อยในชีวิตประจำวัน สื่อ การทำงาน เหมาะแก่การจดจำและเรียนรู้ (High Frequency),The elephant in the room
440,Idiom (สำนวน),no_brainer,No-brainer,เรื่องที่ตัดสินใจได้ง่ายมาก ไม่ต้องเสียเวลาคิดเลย,วลีทั่วไป,RECOMMENDED,สำนวนร่วมสมัยที่เจ้าของภาษาใช้บ่อยในชีวิตประจำวัน สื่อ การทำงาน เหมาะแก่การจดจำและเรียนรู้ (High Frequency),No-brainer
441,Idiom (สำนวน),take_it_with_a_grain_of_salt,Take it with a grain of salt,ฟังหูไว้หู / อย่าเพิ่งปักใจเชื่อทั้งหมด,วลีทั่วไป,RECOMMENDED,สำนวนร่วมสมัยที่เจ้าของภาษาใช้บ่อยในชีวิตประจำวัน สื่อ การทำงาน เหมาะแก่การจดจำและเรียนรู้ (High Frequency),Take it with a grain of salt
442,Idiom (สำนวน),drop_the_mic,Drop the mic,ทิ้งไมค์โชว์ความเหนือชั้น / ปิดฉากการพูดได้อย่างเด็ดขาดจนไม่มีใครกล้าเถียงต่อ,วลีทั่วไป,RECOMMENDED,สำนวนร่วมสมัยที่เจ้าของภาษาใช้บ่อยในชีวิตประจำวัน สื่อ การทำงาน เหมาะแก่การจดจำและเรียนรู้ (High Frequency),Drop the mic
443,Idiom (สำนวน),barking_up_the_wrong_tree,Barking up the wrong tree,เข้าใจผิดคน / สงสัยผิดที่ / ดำเนินการผิดทางจนเสียเวลาเปล่า,วลีทั่วไป,RECOMMENDED,สำนวนร่วมสมัยที่เจ้าของภาษาใช้บ่อยในชีวิตประจำวัน สื่อ การทำงาน เหมาะแก่การจดจำและเรียนรู้ (High Frequency),Barking up the wrong tree
444,Idiom (สำนวน),play_devils_advocate,Play devil's advocate,แกล้งเล่นบทคัดค้าน / แกล้งโต้แย้งเพื่อทดสอบความสมบูรณ์ของแนวคิด,วลีทั่วไป,RECOMMENDED,สำนวนร่วมสมัยที่เจ้าของภาษาใช้บ่อยในชีวิตประจำวัน สื่อ การทำงาน เหมาะแก่การจดจำและเรียนรู้ (High Frequency),Play devil's advocate
445,Idiom (สำนวน),the_devil_is_in_the_details,The devil is in the details,ปัญหาหรือความยุ่งยากมักซ่อนอยู่ในรายละเอียดเล็กๆ น้อยๆ,วลีทั่วไป,RECOMMENDED,สำนวนร่วมสมัยที่เจ้าของภาษาใช้บ่อยในชีวิตประจำวัน สื่อ การทำงาน เหมาะแก่การจดจำและเรียนรู้ (High Frequency),The devil is in the details
446,Idiom (สำนวน),face_the_music,Face the music,ยอมรับความจริงและผลกรรม / ยืดอกรับผลลัพธ์จากการกระทำของตนเอง,วลีทั่วไป,RECOMMENDED,สำนวนร่วมสมัยที่เจ้าของภาษาใช้บ่อยในชีวิตประจำวัน สื่อ การทำงาน เหมาะแก่การจดจำและเรียนรู้ (High Frequency),Face the music
447,Idiom (สำนวน),jump_on_the_bandwagon,Jump on the bandwagon,แห่ทำตามกระแส / โหนกระแสนิยมตามคนหมู่มาก,วลีทั่วไป,RECOMMENDED,สำนวนร่วมสมัยที่เจ้าของภาษาใช้บ่อยในชีวิตประจำวัน สื่อ การทำงาน เหมาะแก่การจดจำและเรียนรู้ (High Frequency),Jump on the bandwagon
448,Idiom (สำนวน),miss_the_boat,Miss the boat,พลาดโอกาสทอง / ตกขบวนแห่งความสำเร็จ,วลีทั่วไป,RECOMMENDED,สำนวนร่วมสมัยที่เจ้าของภาษาใช้บ่อยในชีวิตประจำวัน สื่อ การทำงาน เหมาะแก่การจดจำและเรียนรู้ (High Frequency),Miss the boat
449,Idiom (สำนวน),pull_someones_leg,Pull someone's leg,ล้อเล่น / แกล้งอำเล่นเพื่อความสนุกสนาน,วลีทั่วไป,RECOMMENDED,สำนวนร่วมสมัยที่เจ้าของภาษาใช้บ่อยในชีวิตประจำวัน สื่อ การทำงาน เหมาะแก่การจดจำและเรียนรู้ (High Frequency),Pull someone's leg
450,Idiom (สำนวน),steal_someones_thunder,Steal someone's thunder,แย่งซีน / ชิงเอาความดีความชอบหรือความสนใจไปจากคนอื่น,วลีทั่วไป,RECOMMENDED,สำนวนร่วมสมัยที่เจ้าของภาษาใช้บ่อยในชีวิตประจำวัน สื่อ การทำงาน เหมาะแก่การจดจำและเรียนรู้ (High Frequency),Steal someone's thunder
451,Idiom (สำนวน),straight_from_the_horses_mouth,Straight from the horse's mouth,ได้ยินมาจากแหล่งข่าววงในโดยตรง / ได้ข้อมูลจากปากเจ้าตัวผู้รู้จริง,วลีทั่วไป,RECOMMENDED,สำนวนร่วมสมัยที่เจ้าของภาษาใช้บ่อยในชีวิตประจำวัน สื่อ การทำงาน เหมาะแก่การจดจำและเรียนรู้ (High Frequency),Straight from the horse's mouth
452,Idiom (สำนวน),throw_in_the_towel,Throw in the towel,ยอมแพ้ / ถอดใจยอมรับความพ่ายแพ้,วลีทั่วไป,RECOMMENDED,สำนวนร่วมสมัยที่เจ้าของภาษาใช้บ่อยในชีวิตประจำวัน สื่อ การทำงาน เหมาะแก่การจดจำและเรียนรู้ (High Frequency),Throw in the towel
453,Idiom (สำนวน),under_the_table,Under the table,ใต้โต๊ะ / อย่างลับๆ ผิดกฎหมาย ไม่เปิดเผย,วลีทั่วไป,RECOMMENDED,สำนวนร่วมสมัยที่เจ้าของภาษาใช้บ่อยในชีวิตประจำวัน สื่อ การทำงาน เหมาะแก่การจดจำและเรียนรู้ (High Frequency),Under the table
454,Idiom (สำนวน),up_in_the_air,Up in the air,ยังไม่แน่นอน / ยังไม่มีข้อสรุปชัดเจน ยังค้างคาอยู่,วลีทั่วไป,RECOMMENDED,สำนวนร่วมสมัยที่เจ้าของภาษาใช้บ่อยในชีวิตประจำวัน สื่อ การทำงาน เหมาะแก่การจดจำและเรียนรู้ (High Frequency),Up in the air
455,Idiom (สำนวน),wrap_your_head_around,Wrap your head around,ทำความเข้าใจเรื่องที่ซับซ้อนหรือแปลกใหม่ / พยายามคิดตามจนเข้าใจ,วลีทั่วไป,RECOMMENDED,สำนวนร่วมสมัยที่เจ้าของภาษาใช้บ่อยในชีวิตประจำวัน สื่อ การทำงาน เหมาะแก่การจดจำและเรียนรู้ (High Frequency),Wrap your head around
456,Idiom (สำนวน),you_can_say_that_again,You can say that again,เห็นด้วยอย่างยิ่ง / พูดอีกก็ถูกอีก / จริงแท้แน่นอน,วลีทั่วไป,RECOMMENDED,สำนวนร่วมสมัยที่เจ้าของภาษาใช้บ่อยในชีวิตประจำวัน สื่อ การทำงาน เหมาะแก่การจดจำและเรียนรู้ (High Frequency),You can say that again
457,Idiom (สำนวน),burn_the_candle_at_both_ends,Burn the candle at both ends,โหมงานหนักจนเกินตัว / ใช้ชีวิตหักโหมทั้งวันทั้งคืนจนเสี่ยงหมดไฟ,วลีทั่วไป,RECOMMENDED,สำนวนร่วมสมัยที่เจ้าของภาษาใช้บ่อยในชีวิตประจำวัน สื่อ การทำงาน เหมาะแก่การจดจำและเรียนรู้ (High Frequency),Burn the candle at both ends
458,Idiom (สำนวน),cost_an_arm_and_a_leg,Cost an arm and a leg,ราคาแพงมหาโหด / แพงหูฉี่,วลีทั่วไป,RECOMMENDED,สำนวนร่วมสมัยที่เจ้าของภาษาใช้บ่อยในชีวิตประจำวัน สื่อ การทำงาน เหมาะแก่การจดจำและเรียนรู้ (High Frequency),Cost an arm and a leg
459,Idiom (สำนวน),tip_of_the_iceberg,Tip of the iceberg,ยอดภูเขาน้ำแข็ง / เพียงแค่เศษเสี้ยวเล็กๆ ของปัญหาใหญ่ทั้งหมด,วลีทั่วไป,RECOMMENDED,สำนวนร่วมสมัยที่เจ้าของภาษาใช้บ่อยในชีวิตประจำวัน สื่อ การทำงาน เหมาะแก่การจดจำและเรียนรู้ (High Frequency),Tip of the iceberg
460,Idiom (สำนวน),rule_of_thumb,Rule of thumb,เกณฑ์ประเมินคร่าวๆ ตามประสบการณ์ / หลักเกณฑ์ทั่วไปที่ใช้ได้ผลในทางปฏิบัติ,วลีทั่วไป,RECOMMENDED,สำนวนร่วมสมัยที่เจ้าของภาษาใช้บ่อยในชีวิตประจำวัน สื่อ การทำงาน เหมาะแก่การจดจำและเรียนรู้ (High Frequency),Rule of thumb
461,Idiom (สำนวน),skeleton_crew,Skeleton crew,ทีมงานขั้นต่ำสุดเท่าที่จำเป็น / กำลังพลน้อยที่สุดเพื่อให้งานดำเนินต่อไปได้,วลีทั่วไป,RECOMMENDED,สำนวนร่วมสมัยที่เจ้าของภาษาใช้บ่อยในชีวิตประจำวัน สื่อ การทำงาน เหมาะแก่การจดจำและเรียนรู้ (High Frequency),Skeleton crew
462,Idiom (สำนวน),wild_card,Wild card,ตัวแปรที่คาดเดาไม่ได้ / ปัจจัยที่อาจพลิกผลลัพธ์ได้อย่างเหนือความคาดหมาย,วลีทั่วไป,RECOMMENDED,สำนวนร่วมสมัยที่เจ้าของภาษาใช้บ่อยในชีวิตประจำวัน สื่อ การทำงาน เหมาะแก่การจดจำและเรียนรู้ (High Frequency),Wild card
463,Idiom (สำนวน),silver_tongue,Silver-tongued,คารมคมคาย / วาทศิลป์เป็นเลิศ พูดจาหวานหว่านล้อมเก่ง,วลีทั่วไป,RECOMMENDED,สำนวนร่วมสมัยที่เจ้าของภาษาใช้บ่อยในชีวิตประจำวัน สื่อ การทำงาน เหมาะแก่การจดจำและเรียนรู้ (High Frequency),Silver-tongued
464,Idiom (สำนวน),last_but_not_least,Last but not least,คนสุดท้ายแต่ไม่ท้ายสุด / ลำดับสุดท้ายแต่สำคัญไม่ยิ่งหย่อนไปกว่ากัน,วลีทั่วไป,RECOMMENDED,สำนวนร่วมสมัยที่เจ้าของภาษาใช้บ่อยในชีวิตประจำวัน สื่อ การทำงาน เหมาะแก่การจดจำและเรียนรู้ (High Frequency),Last but not least
465,Sentence (ประโยค),st_0001,"Hi, how are you?",สวัสดี สบายดีไหม,ทักทาย เปิดบทสนทนา,RECOMMENDED,ประโยคสนทนาร่วมสมัยที่ใช้งานได้จริงในชีวิตประจำวัน การเดินทาง และการทำงาน (Natural Spoken English),"Hi, how are you?"
466,Sentence (ประโยค),st_0002,How's it going?,เป็นไงบ้าง,ทักทาย เปิดบทสนทนา,RECOMMENDED,ประโยคสนทนาร่วมสมัยที่ใช้งานได้จริงในชีวิตประจำวัน การเดินทาง และการทำงาน (Natural Spoken English),How's it going?
467,Sentence (ประโยค),st_0003,What's up?,ว่าไง / มีอะไรเหรอ,ทักทาย เปิดบทสนทนา,RECOMMENDED,ประโยคสนทนาร่วมสมัยที่ใช้งานได้จริงในชีวิตประจำวัน การเดินทาง และการทำงาน (Natural Spoken English),What's up?
468,Sentence (ประโยค),st_0004,How have you been?,ช่วงนี้เป็นไงบ้าง,ทักทาย เปิดบทสนทนา,RECOMMENDED,ประโยคสนทนาร่วมสมัยที่ใช้งานได้จริงในชีวิตประจำวัน การเดินทาง และการทำงาน (Natural Spoken English),How have you been?
469,Sentence (ประโยค),st_0005,Long time no see.,ไม่เจอกันนานเลย,ทักทาย เปิดบทสนทนา,RECOMMENDED,ประโยคสนทนาร่วมสมัยที่ใช้งานได้จริงในชีวิตประจำวัน การเดินทาง และการทำงาน (Natural Spoken English),Long time no see.
470,Sentence (ประโยค),st_0006,It's been a while.,ผ่านมานานแล้วนะ,ทักทาย เปิดบทสนทนา,RECOMMENDED,ประโยคสนทนาร่วมสมัยที่ใช้งานได้จริงในชีวิตประจำวัน การเดินทาง และการทำงาน (Natural Spoken English),It's been a while.
471,Sentence (ประโยค),st_0007,Good to see you again.,ดีใจที่ได้เจอคุณอีกครั้ง,ทักทาย เปิดบทสนทนา,RECOMMENDED,ประโยคสนทนาร่วมสมัยที่ใช้งานได้จริงในชีวิตประจำวัน การเดินทาง และการทำงาน (Natural Spoken English),Good to see you again.
472,Sentence (ประโยค),st_0008,Nice to meet you.,ยินดีที่ได้รู้จัก,ทักทาย เปิดบทสนทนา,RECOMMENDED,ประโยคสนทนาร่วมสมัยที่ใช้งานได้จริงในชีวิตประจำวัน การเดินทาง และการทำงาน (Natural Spoken English),Nice to meet you.
473,Sentence (ประโยค),st_0009,The pleasure is mine.,ยินดีเช่นกันครับ / ด้วยความยินดีครับ,ทักทาย เปิดบทสนทนา,RECOMMENDED,ประโยคสนทนาร่วมสมัยที่ใช้งานได้จริงในชีวิตประจำวัน การเดินทาง และการทำงาน (Natural Spoken English),The pleasure is mine.
474,Sentence (ประโยค),st_0010,What brings you here?,อะไรทำให้คุณมาที่นี่,ทักทาย เปิดบทสนทนา,RECOMMENDED,ประโยคสนทนาร่วมสมัยที่ใช้งานได้จริงในชีวิตประจำวัน การเดินทาง และการทำงาน (Natural Spoken English),What brings you here?
475,Sentence (ประโยค),st_0011,How's everything going?,ทุกอย่างเป็นยังไงบ้าง,ทักทาย เปิดบทสนทนา,RECOMMENDED,ประโยคสนทนาร่วมสมัยที่ใช้งานได้จริงในชีวิตประจำวัน การเดินทาง และการทำงาน (Natural Spoken English),How's everything going?
476,Sentence (ประโยค),st_0012,How are things at home?,ที่บ้านเป็นยังไงบ้าง,ทักทาย เปิดบทสนทนา,RECOMMENDED,ประโยคสนทนาร่วมสมัยที่ใช้งานได้จริงในชีวิตประจำวัน การเดินทาง และการทำงาน (Natural Spoken English),How are things at home?
477,Sentence (ประโยค),st_0013,How's your family?,ครอบครัวคุณเป็นยังไงบ้าง,ทักทาย เปิดบทสนทนา,RECOMMENDED,ประโยคสนทนาร่วมสมัยที่ใช้งานได้จริงในชีวิตประจำวัน การเดินทาง และการทำงาน (Natural Spoken English),How's your family?
478,Sentence (ประโยค),st_0014,Are you feeling okay?,คุณรู้สึกโอเคไหม,ทักทาย เปิดบทสนทนา,RECOMMENDED,ประโยคสนทนาร่วมสมัยที่ใช้งานได้จริงในชีวิตประจำวัน การเดินทาง และการทำงาน (Natural Spoken English),Are you feeling okay?
479,Sentence (ประโยค),st_0015,You look great today.,วันนี้คุณดูดีมาก,ทักทาย เปิดบทสนทนา,RECOMMENDED,ประโยคสนทนาร่วมสมัยที่ใช้งานได้จริงในชีวิตประจำวัน การเดินทาง และการทำงาน (Natural Spoken English),You look great today.
480,Sentence (ประโยค),st_0016,You look tired.,คุณดูเหนื่อยๆ นะ,ทักทาย เปิดบทสนทนา,RECOMMENDED,ประโยคสนทนาร่วมสมัยที่ใช้งานได้จริงในชีวิตประจำวัน การเดินทาง และการทำงาน (Natural Spoken English),You look tired.
481,Sentence (ประโยค),st_0017,Did you sleep well?,นอนหลับดีไหม,ทักทาย เปิดบทสนทนา,RECOMMENDED,ประโยคสนทนาร่วมสมัยที่ใช้งานได้จริงในชีวิตประจำวัน การเดินทาง และการทำงาน (Natural Spoken English),Did you sleep well?
482,Sentence (ประโยค),st_0018,I slept like a baby.,นอนหลับสนิทมาก,ทักทาย เปิดบทสนทนา,RECOMMENDED,ประโยคสนทนาร่วมสมัยที่ใช้งานได้จริงในชีวิตประจำวัน การเดินทาง และการทำงาน (Natural Spoken English),I slept like a baby.
483,Sentence (ประโยค),st_0019,"I'm doing fine, thanks.",ฉันสบายดี ขอบคุณ,ทักทาย เปิดบทสนทนา,RECOMMENDED,ประโยคสนทนาร่วมสมัยที่ใช้งานได้จริงในชีวิตประจำวัน การเดินทาง และการทำงาน (Natural Spoken English),"I'm doing fine, thanks."
484,Sentence (ประโยค),st_0020,I can't complain.,ก็ยังดี ไม่มีอะไรให้บ่น,ทักทาย เปิดบทสนทนา,RECOMMENDED,ประโยคสนทนาร่วมสมัยที่ใช้งานได้จริงในชีวิตประจำวัน การเดินทาง และการทำงาน (Natural Spoken English),I can't complain.
485,Sentence (ประโยค),st_0021,Same as usual.,เหมือนเดิม,ทักทาย เปิดบทสนทนา,RECOMMENDED,ประโยคสนทนาร่วมสมัยที่ใช้งานได้จริงในชีวิตประจำวัน การเดินทาง และการทำงาน (Natural Spoken English),Same as usual.
486,Sentence (ประโยค),st_0022,Nothing much.,ก็ไม่มีอะไร,ทักทาย เปิดบทสนทนา,RECOMMENDED,ประโยคสนทนาร่วมสมัยที่ใช้งานได้จริงในชีวิตประจำวัน การเดินทาง และการทำงาน (Natural Spoken English),Nothing much.
487,Sentence (ประโยค),st_0023,What have you been up to?,ช่วงนี้ทำอะไรอยู่,ทักทาย เปิดบทสนทนา,RECOMMENDED,ประโยคสนทนาร่วมสมัยที่ใช้งานได้จริงในชีวิตประจำวัน การเดินทาง และการทำงาน (Natural Spoken English),What have you been up to?
488,Sentence (ประโยค),st_0024,Just working as usual.,ก็ทำงานตามปกติ,ทักทาย เปิดบทสนทนา,RECOMMENDED,ประโยคสนทนาร่วมสมัยที่ใช้งานได้จริงในชีวิตประจำวัน การเดินทาง และการทำงาน (Natural Spoken English),Just working as usual.
489,Sentence (ประโยค),st_0025,I've been pretty busy.,ฉันค่อนข้างยุ่งเลย,ทักทาย เปิดบทสนทนา,RECOMMENDED,ประโยคสนทนาร่วมสมัยที่ใช้งานได้จริงในชีวิตประจำวัน การเดินทาง และการทำงาน (Natural Spoken English),I've been pretty busy.
490,Sentence (ประโยค),st_0026,"Well, look who's here!",เฮ้ ดูสิใครมา,ทักทาย เปิดบทสนทนา,RECOMMENDED,ประโยคสนทนาร่วมสมัยที่ใช้งานได้จริงในชีวิตประจำวัน การเดินทาง และการทำงาน (Natural Spoken English),"Well, look who's here!"
491,Sentence (ประโยค),st_0027,Fancy meeting you here.,บังเอิญมาเจอกันที่นี่ได้,ทักทาย เปิดบทสนทนา,RECOMMENDED,ประโยคสนทนาร่วมสมัยที่ใช้งานได้จริงในชีวิตประจำวัน การเดินทาง และการทำงาน (Natural Spoken English),Fancy meeting you here.
492,Sentence (ประโยค),st_0028,"Small world, isn't it?",โลกกลมจริงๆ นะ,ทักทาย เปิดบทสนทนา,RECOMMENDED,ประโยคสนทนาร่วมสมัยที่ใช้งานได้จริงในชีวิตประจำวัน การเดินทาง และการทำงาน (Natural Spoken English),"Small world, isn't it?"
493,Sentence (ประโยค),st_0029,It's so nice outside.,ข้างนอกดีมากเลย,ทักทาย เปิดบทสนทนา,RECOMMENDED,ประโยคสนทนาร่วมสมัยที่ใช้งานได้จริงในชีวิตประจำวัน การเดินทาง และการทำงาน (Natural Spoken English),It's so nice outside.
494,Sentence (ประโยค),st_0030,How was your weekend?,สุดสัปดาห์เป็นยังไงบ้าง,ทักทาย เปิดบทสนทนา,RECOMMENDED,ประโยคสนทนาร่วมสมัยที่ใช้งานได้จริงในชีวิตประจำวัน การเดินทาง และการทำงาน (Natural Spoken English),How was your weekend?
495,Sentence (ประโยค),st_0031,Did you have a good weekend?,สุดสัปดาห์สบายดีไหม,ทักทาย เปิดบทสนทนา,RECOMMENDED,ประโยคสนทนาร่วมสมัยที่ใช้งานได้จริงในชีวิตประจำวัน การเดินทาง และการทำงาน (Natural Spoken English),Did you have a good weekend?
496,Sentence (ประโยค),st_0032,My weekend was great.,สุดสัปดาห์ของฉันดีมาก,ทักทาย เปิดบทสนทนา,RECOMMENDED,ประโยคสนทนาร่วมสมัยที่ใช้งานได้จริงในชีวิตประจำวัน การเดินทาง และการทำงาน (Natural Spoken English),My weekend was great.
497,Sentence (ประโยค),st_0033,What did you do last night?,เมื่อคืนทำอะไร,ทักทาย เปิดบทสนทนา,RECOMMENDED,ประโยคสนทนาร่วมสมัยที่ใช้งานได้จริงในชีวิตประจำวัน การเดินทาง และการทำงาน (Natural Spoken English),What did you do last night?
498,Sentence (ประโยค),st_0034,I just stayed home.,ก็แค่อยู่บ้าน,ทักทาย เปิดบทสนทนา,RECOMMENDED,ประโยคสนทนาร่วมสมัยที่ใช้งานได้จริงในชีวิตประจำวัน การเดินทาง และการทำงาน (Natural Spoken English),I just stayed home.
499,Sentence (ประโยค),st_0035,Let's catch up sometime.,ว่างๆ เจอกันคุยกันบ้างนะ,ทักทาย เปิดบทสนทนา,RECOMMENDED,ประโยคสนทนาร่วมสมัยที่ใช้งานได้จริงในชีวิตประจำวัน การเดินทาง และการทำงาน (Natural Spoken English),Let's catch up sometime.
500,Sentence (ประโยค),st_0036,We should talk more often.,เราควรคุยกันบ่อยกว่านี้,ทักทาย เปิดบทสนทนา,RECOMMENDED,ประโยคสนทนาร่วมสมัยที่ใช้งานได้จริงในชีวิตประจำวัน การเดินทาง และการทำงาน (Natural Spoken English),We should talk more often.
501,Sentence (ประโยค),st_0037,How do you know her?,คุณรู้จักเธอได้ยังไง,ทักทาย เปิดบทสนทนา,RECOMMENDED,ประโยคสนทนาร่วมสมัยที่ใช้งานได้จริงในชีวิตประจำวัน การเดินทาง และการทำงาน (Natural Spoken English),How do you know her?
502,Sentence (ประโยค),st_0038,We went to school together.,เราเรียนโรงเรียนเดียวกัน,ทักทาย เปิดบทสนทนา,RECOMMENDED,ประโยคสนทนาร่วมสมัยที่ใช้งานได้จริงในชีวิตประจำวัน การเดินทาง และการทำงาน (Natural Spoken English),We went to school together.
503,Sentence (ประโยค),st_0039,I've heard a lot about you.,ได้ยินเรื่องของคุณมามาก,ทักทาย เปิดบทสนทนา,RECOMMENDED,ประโยคสนทนาร่วมสมัยที่ใช้งานได้จริงในชีวิตประจำวัน การเดินทาง และการทำงาน (Natural Spoken English),I've heard a lot about you.
504,Sentence (ประโยค),st_0040,I've heard nothing but good things about you!,ฉันได้ยินแต่เรื่องดีๆ เกี่ยวกับคุณมาตลอดเลย!,ทักทาย เปิดบทสนทนา,RECOMMENDED,ประโยคสนทนาร่วมสมัยที่ใช้งานได้จริงในชีวิตประจำวัน การเดินทาง และการทำงาน (Natural Spoken English),I've heard nothing but good things about you!
505,Sentence (ประโยค),st_0041,You have a nice smile.,คุณยิ้มสวยจัง,ทักทาย เปิดบทสนทนา,RECOMMENDED,ประโยคสนทนาร่วมสมัยที่ใช้งานได้จริงในชีวิตประจำวัน การเดินทาง และการทำงาน (Natural Spoken English),You have a nice smile.
506,Sentence (ประโยค),st_0042,Thanks for coming today.,ขอบคุณที่มาวันนี้,ทักทาย เปิดบทสนทนา,RECOMMENDED,ประโยคสนทนาร่วมสมัยที่ใช้งานได้จริงในชีวิตประจำวัน การเดินทาง และการทำงาน (Natural Spoken English),Thanks for coming today.
507,Sentence (ประโยค),st_0043,I'm glad you could make it.,ดีใจที่คุณมาได้,ทักทาย เปิดบทสนทนา,RECOMMENDED,ประโยคสนทนาร่วมสมัยที่ใช้งานได้จริงในชีวิตประจำวัน การเดินทาง และการทำงาน (Natural Spoken English),I'm glad you could make it.
508,Sentence (ประโยค),st_0044,Welcome to our place.,ยินดีต้อนรับสู่บ้านเรา,ทักทาย เปิดบทสนทนา,RECOMMENDED,ประโยคสนทนาร่วมสมัยที่ใช้งานได้จริงในชีวิตประจำวัน การเดินทาง และการทำงาน (Natural Spoken English),Welcome to our place.
509,Sentence (ประโยค),st_0045,Make yourself at home.,ตามสบายเหมือนอยู่บ้านเลยนะ,ทักทาย เปิดบทสนทนา,RECOMMENDED,ประโยคสนทนาร่วมสมัยที่ใช้งานได้จริงในชีวิตประจำวัน การเดินทาง และการทำงาน (Natural Spoken English),Make yourself at home.
510,Sentence (ประโยค),st_0046,Can I get you a drink?,รับเครื่องดื่มอะไรไหม,ทักทาย เปิดบทสนทนา,RECOMMENDED,ประโยคสนทนาร่วมสมัยที่ใช้งานได้จริงในชีวิตประจำวัน การเดินทาง และการทำงาน (Natural Spoken English),Can I get you a drink?
511,Sentence (ประโยค),st_0047,Would you like some coffee?,อยากได้กาแฟไหม,ทักทาย เปิดบทสนทนา,RECOMMENDED,ประโยคสนทนาร่วมสมัยที่ใช้งานได้จริงในชีวิตประจำวัน การเดินทาง และการทำงาน (Natural Spoken English),Would you like some coffee?
512,Sentence (ประโยค),st_0048,Have a seat.,เชิญนั่งเลย,ทักทาย เปิดบทสนทนา,RECOMMENDED,ประโยคสนทนาร่วมสมัยที่ใช้งานได้จริงในชีวิตประจำวัน การเดินทาง และการทำงาน (Natural Spoken English),Have a seat.
513,Sentence (ประโยค),st_0049,Let me introduce you to everyone.,ให้ฉันแนะนำคุณให้รู้จักทุกคนนะ,ทักทาย เปิดบทสนทนา,RECOMMENDED,ประโยคสนทนาร่วมสมัยที่ใช้งานได้จริงในชีวิตประจำวัน การเดินทาง และการทำงาน (Natural Spoken English),Let me introduce you to everyone.
514,Sentence (ประโยค),st_0050,"Everyone, this is my friend John.",ทุกคน นี่คือเพื่อนของฉันชื่อจอห์น,ทักทาย เปิดบทสนทนา,RECOMMENDED,ประโยคสนทนาร่วมสมัยที่ใช้งานได้จริงในชีวิตประจำวัน การเดินทาง และการทำงาน (Natural Spoken English),"Everyone, this is my friend John."
515,Sentence (ประโยค),st_0051,What do you do for a living?,คุณทำงานอะไร,สนทนาทั่วไป,RECOMMENDED,ประโยคสนทนาร่วมสมัยที่ใช้งานได้จริงในชีวิตประจำวัน การเดินทาง และการทำงาน (Natural Spoken English),What do you do for a living?
516,Sentence (ประโยค),st_0052,I'm a teacher.,ฉันเป็นครู,สนทนาทั่วไป,RECOMMENDED,ประโยคสนทนาร่วมสมัยที่ใช้งานได้จริงในชีวิตประจำวัน การเดินทาง และการทำงาน (Natural Spoken English),I'm a teacher.
517,Sentence (ประโยค),st_0053,Where do you work?,คุณทำงานที่ไหน,สนทนาทั่วไป,RECOMMENDED,ประโยคสนทนาร่วมสมัยที่ใช้งานได้จริงในชีวิตประจำวัน การเดินทาง และการทำงาน (Natural Spoken English),Where do you work?
518,Sentence (ประโยค),st_0054,How long have you worked there?,ทำงานที่นั่นมานานแค่ไหน,สนทนาทั่วไป,RECOMMENDED,ประโยคสนทนาร่วมสมัยที่ใช้งานได้จริงในชีวิตประจำวัน การเดินทาง และการทำงาน (Natural Spoken English),How long have you worked there?
519,Sentence (ประโยค),st_0055,I've been there for five years.,อยู่ที่นั่นมาห้าปีแล้ว,สนทนาทั่วไป,RECOMMENDED,ประโยคสนทนาร่วมสมัยที่ใช้งานได้จริงในชีวิตประจำวัน การเดินทาง และการทำงาน (Natural Spoken English),I've been there for five years.
520,Sentence (ประโยค),st_0056,Do you like your job?,คุณชอบงานของคุณไหม,สนทนาทั่วไป,RECOMMENDED,ประโยคสนทนาร่วมสมัยที่ใช้งานได้จริงในชีวิตประจำวัน การเดินทาง และการทำงาน (Natural Spoken English),Do you like your job?
521,Sentence (ประโยค),st_0057,I love what I do.,ฉันรักงานที่ทำ,สนทนาทั่วไป,RECOMMENDED,ประโยคสนทนาร่วมสมัยที่ใช้งานได้จริงในชีวิตประจำวัน การเดินทาง และการทำงาน (Natural Spoken English),I love what I do.
522,Sentence (ประโยค),st_0058,It's a bit stressful sometimes.,บางทีก็เครียดหน่อยๆ,สนทนาทั่วไป,RECOMMENDED,ประโยคสนทนาร่วมสมัยที่ใช้งานได้จริงในชีวิตประจำวัน การเดินทาง และการทำงาน (Natural Spoken English),It's a bit stressful sometimes.
523,Sentence (ประโยค),st_0059,Where are you from originally?,แต่เดิมคุณมาจากไหน,สนทนาทั่วไป,RECOMMENDED,ประโยคสนทนาร่วมสมัยที่ใช้งานได้จริงในชีวิตประจำวัน การเดินทาง และการทำงาน (Natural Spoken English),Where are you from originally?
524,Sentence (ประโยค),st_0060,I'm from Bangkok.,ฉันมาจากกรุงเทพฯ,สนทนาทั่วไป,RECOMMENDED,ประโยคสนทนาร่วมสมัยที่ใช้งานได้จริงในชีวิตประจำวัน การเดินทาง และการทำงาน (Natural Spoken English),I'm from Bangkok.
525,Sentence (ประโยค),st_0061,What part of Thailand are you from?,มาจากภาคไหนของไทย,สนทนาทั่วไป,RECOMMENDED,ประโยคสนทนาร่วมสมัยที่ใช้งานได้จริงในชีวิตประจำวัน การเดินทาง และการทำงาน (Natural Spoken English),What part of Thailand are you from?
526,Sentence (ประโยค),st_0062,Do you live around here?,คุณอยู่แถวนี้ไหม,สนทนาทั่วไป,RECOMMENDED,ประโยคสนทนาร่วมสมัยที่ใช้งานได้จริงในชีวิตประจำวัน การเดินทาง และการทำงาน (Natural Spoken English),Do you live around here?
527,Sentence (ประโยค),st_0063,I live nearby.,ฉันอยู่ใกล้ๆ นี้,สนทนาทั่วไป,RECOMMENDED,ประโยคสนทนาร่วมสมัยที่ใช้งานได้จริงในชีวิตประจำวัน การเดินทาง และการทำงาน (Natural Spoken English),I live nearby.
528,Sentence (ประโยค),st_0064,It's about ten minutes away.,ไกลออกไปประมาณสิบนาที,สนทนาทั่วไป,RECOMMENDED,ประโยคสนทนาร่วมสมัยที่ใช้งานได้จริงในชีวิตประจำวัน การเดินทาง และการทำงาน (Natural Spoken English),It's about ten minutes away.
529,Sentence (ประโยค),st_0065,How long does it take to get there?,ใช้เวลาเดินทางนานแค่ไหน,สนทนาทั่วไป,RECOMMENDED,ประโยคสนทนาร่วมสมัยที่ใช้งานได้จริงในชีวิตประจำวัน การเดินทาง และการทำงาน (Natural Spoken English),How long does it take to get there?
530,Sentence (ประโยค),st_0066,It takes about thirty minutes.,ใช้เวลาประมาณครึ่งชั่วโมง,สนทนาทั่วไป,RECOMMENDED,ประโยคสนทนาร่วมสมัยที่ใช้งานได้จริงในชีวิตประจำวัน การเดินทาง และการทำงาน (Natural Spoken English),It takes about thirty minutes.
531,Sentence (ประโยค),st_0067,Do you come here often?,คุณมาที่นี่บ่อยไหม,สนทนาทั่วไป,RECOMMENDED,ประโยคสนทนาร่วมสมัยที่ใช้งานได้จริงในชีวิตประจำวัน การเดินทาง และการทำงาน (Natural Spoken English),Do you come here often?
532,Sentence (ประโยค),st_0068,This is my first time here.,นี่เป็นครั้งแรกที่มาที่นี่,สนทนาทั่วไป,RECOMMENDED,ประโยคสนทนาร่วมสมัยที่ใช้งานได้จริงในชีวิตประจำวัน การเดินทาง และการทำงาน (Natural Spoken English),This is my first time here.
533,Sentence (ประโยค),st_0069,I come here every week.,ฉันมาที่นี่ทุกอาทิตย์,สนทนาทั่วไป,RECOMMENDED,ประโยคสนทนาร่วมสมัยที่ใช้งานได้จริงในชีวิตประจำวัน การเดินทาง และการทำงาน (Natural Spoken English),I come here every week.
534,Sentence (ประโยค),st_0070,What do you think about it?,คุณคิดยังไงกับเรื่องนี้,สนทนาทั่วไป,RECOMMENDED,ประโยคสนทนาร่วมสมัยที่ใช้งานได้จริงในชีวิตประจำวัน การเดินทาง และการทำงาน (Natural Spoken English),What do you think about it?
535,Sentence (ประโยค),st_0071,"In my opinion, it's worth it.",ในความคิดของฉัน มันคุ้มค่า,สนทนาทั่วไป,RECOMMENDED,ประโยคสนทนาร่วมสมัยที่ใช้งานได้จริงในชีวิตประจำวัน การเดินทาง และการทำงาน (Natural Spoken English),"In my opinion, it's worth it."
536,Sentence (ประโยค),st_0072,I couldn't agree more.,เห็นด้วยสุดๆ,สนทนาทั่วไป,RECOMMENDED,ประโยคสนทนาร่วมสมัยที่ใช้งานได้จริงในชีวิตประจำวัน การเดินทาง และการทำงาน (Natural Spoken English),I couldn't agree more.
537,Sentence (ประโยค),st_0073,That's a good point.,นั่นเป็นประเด็นที่ดี,สนทนาทั่วไป,RECOMMENDED,ประโยคสนทนาร่วมสมัยที่ใช้งานได้จริงในชีวิตประจำวัน การเดินทาง และการทำงาน (Natural Spoken English),That's a good point.
538,Sentence (ประโยค),st_0074,I never thought about it that way.,ฉันไม่เคยคิดแบบนั้นเลย,สนทนาทั่วไป,RECOMMENDED,ประโยคสนทนาร่วมสมัยที่ใช้งานได้จริงในชีวิตประจำวัน การเดินทาง และการทำงาน (Natural Spoken English),I never thought about it that way.
539,Sentence (ประโยค),st_0075,You have a point there.,คุณก็มีเหตุผลนะ,สนทนาทั่วไป,RECOMMENDED,ประโยคสนทนาร่วมสมัยที่ใช้งานได้จริงในชีวิตประจำวัน การเดินทาง และการทำงาน (Natural Spoken English),You have a point there.
540,Sentence (ประโยค),st_0076,Let's change the subject.,เปลี่ยนเรื่องกันเถอะ,สนทนาทั่วไป,RECOMMENDED,ประโยคสนทนาร่วมสมัยที่ใช้งานได้จริงในชีวิตประจำวัน การเดินทาง และการทำงาน (Natural Spoken English),Let's change the subject.
541,Sentence (ประโยค),st_0077,Speaking of which...,พูดถึงเรื่องนั้น...,สนทนาทั่วไป,RECOMMENDED,ประโยคสนทนาร่วมสมัยที่ใช้งานได้จริงในชีวิตประจำวัน การเดินทาง และการทำงาน (Natural Spoken English),Speaking of which...
542,Sentence (ประโยค),st_0078,"By the way, how's your brother?",อ้อ แล้วพี่ชายคุณเป็นไงบ้าง,สนทนาทั่วไป,RECOMMENDED,ประโยคสนทนาร่วมสมัยที่ใช้งานได้จริงในชีวิตประจำวัน การเดินทาง และการทำงาน (Natural Spoken English),"By the way, how's your brother?"
543,Sentence (ประโยค),st_0079,"Anyway, back to the topic.",เอาล่ะ กลับมาที่เรื่องเดิม,สนทนาทั่วไป,RECOMMENDED,ประโยคสนทนาร่วมสมัยที่ใช้งานได้จริงในชีวิตประจำวัน การเดินทาง และการทำงาน (Natural Spoken English),"Anyway, back to the topic."
544,Sentence (ประโยค),st_0080,Where were we?,เราคุยกันค้างไว้ตรงไหน,สนทนาทั่วไป,RECOMMENDED,ประโยคสนทนาร่วมสมัยที่ใช้งานได้จริงในชีวิตประจำวัน การเดินทาง และการทำงาน (Natural Spoken English),Where were we?
545,Sentence (ประโยค),st_0081,I totally forgot what I was saying.,ลืมไปเลยว่าจะพูดอะไร,สนทนาทั่วไป,RECOMMENDED,ประโยคสนทนาร่วมสมัยที่ใช้งานได้จริงในชีวิตประจำวัน การเดินทาง และการทำงาน (Natural Spoken English),I totally forgot what I was saying.
546,Sentence (ประโยค),st_0082,Give me a second to think.,ขอเวลาคิดแป๊บนึง,สนทนาทั่วไป,RECOMMENDED,ประโยคสนทนาร่วมสมัยที่ใช้งานได้จริงในชีวิตประจำวัน การเดินทาง และการทำงาน (Natural Spoken English),Give me a second to think.
547,Sentence (ประโยค),st_0083,That's interesting.,น่าสนใจดี,สนทนาทั่วไป,RECOMMENDED,ประโยคสนทนาร่วมสมัยที่ใช้งานได้จริงในชีวิตประจำวัน การเดินทาง และการทำงาน (Natural Spoken English),That's interesting.
548,Sentence (ประโยค),st_0084,Really? That's surprising.,จริงเหรอ น่าแปลกใจ,สนทนาทั่วไป,RECOMMENDED,ประโยคสนทนาร่วมสมัยที่ใช้งานได้จริงในชีวิตประจำวัน การเดินทาง และการทำงาน (Natural Spoken English),Really? That's surprising.
549,Sentence (ประโยค),st_0085,I didn't know that.,ฉันไม่รู้มาก่อนเลย,สนทนาทั่วไป,RECOMMENDED,ประโยคสนทนาร่วมสมัยที่ใช้งานได้จริงในชีวิตประจำวัน การเดินทาง และการทำงาน (Natural Spoken English),I didn't know that.
550,Sentence (ประโยค),st_0086,That explains everything.,นั่นอธิบายทุกอย่างได้,สนทนาทั่วไป,RECOMMENDED,ประโยคสนทนาร่วมสมัยที่ใช้งานได้จริงในชีวิตประจำวัน การเดินทาง และการทำงาน (Natural Spoken English),That explains everything.
551,Sentence (ประโยค),st_0087,Now it makes sense.,ตอนนี้ก็เข้าใจขึ้นแล้ว,สนทนาทั่วไป,RECOMMENDED,ประโยคสนทนาร่วมสมัยที่ใช้งานได้จริงในชีวิตประจำวัน การเดินทาง และการทำงาน (Natural Spoken English),Now it makes sense.
552,Sentence (ประโยค),st_0088,Is that so?,อย่างนั้นเหรอ,สนทนาทั่วไป,RECOMMENDED,ประโยคสนทนาร่วมสมัยที่ใช้งานได้จริงในชีวิตประจำวัน การเดินทาง และการทำงาน (Natural Spoken English),Is that so?
553,Sentence (ประโยค),st_0089,Tell me more about it.,เล่าให้ฟังเพิ่มอีกหน่อย,สนทนาทั่วไป,RECOMMENDED,ประโยคสนทนาร่วมสมัยที่ใช้งานได้จริงในชีวิตประจำวัน การเดินทาง และการทำงาน (Natural Spoken English),Tell me more about it.
554,Sentence (ประโยค),st_0090,What happened next?,แล้วเกิดอะไรขึ้นต่อ,สนทนาทั่วไป,RECOMMENDED,ประโยคสนทนาร่วมสมัยที่ใช้งานได้จริงในชีวิตประจำวัน การเดินทาง และการทำงาน (Natural Spoken English),What happened next?
555,Sentence (ประโยค),st_0091,And then what?,แล้วหลังจากนั้นล่ะ,สนทนาทั่วไป,RECOMMENDED,ประโยคสนทนาร่วมสมัยที่ใช้งานได้จริงในชีวิตประจำวัน การเดินทาง และการทำงาน (Natural Spoken English),And then what?
556,Sentence (ประโยค),st_0092,How did it end?,จบลงยังไง,สนทนาทั่วไป,RECOMMENDED,ประโยคสนทนาร่วมสมัยที่ใช้งานได้จริงในชีวิตประจำวัน การเดินทาง และการทำงาน (Natural Spoken English),How did it end?
557,Sentence (ประโยค),st_0093,That sounds amazing.,ฟังดูสุดยอดเลย,สนทนาทั่วไป,RECOMMENDED,ประโยคสนทนาร่วมสมัยที่ใช้งานได้จริงในชีวิตประจำวัน การเดินทาง และการทำงาน (Natural Spoken English),That sounds amazing.
558,Sentence (ประโยค),st_0094,That must have been scary.,คงน่ากลัวมากแน่ๆ,สนทนาทั่วไป,RECOMMENDED,ประโยคสนทนาร่วมสมัยที่ใช้งานได้จริงในชีวิตประจำวัน การเดินทาง และการทำงาน (Natural Spoken English),That must have been scary.
559,Sentence (ประโยค),st_0095,I bet you were worried.,เดาว่าคุณคงกังวลมาก,สนทนาทั่วไป,RECOMMENDED,ประโยคสนทนาร่วมสมัยที่ใช้งานได้จริงในชีวิตประจำวัน การเดินทาง และการทำงาน (Natural Spoken English),I bet you were worried.
560,Sentence (ประโยค),st_0096,I'm happy to hear that.,ดีใจที่ได้ยินแบบนั้น,สนทนาทั่วไป,RECOMMENDED,ประโยคสนทนาร่วมสมัยที่ใช้งานได้จริงในชีวิตประจำวัน การเดินทาง และการทำงาน (Natural Spoken English),I'm happy to hear that.
561,Sentence (ประโยค),st_0097,I'm sorry to hear that.,เสียใจด้วยที่ได้ยินแบบนั้น,สนทนาทั่วไป,RECOMMENDED,ประโยคสนทนาร่วมสมัยที่ใช้งานได้จริงในชีวิตประจำวัน การเดินทาง และการทำงาน (Natural Spoken English),I'm sorry to hear that.
562,Sentence (ประโยค),st_0098,That's too bad.,แย่จังเลย,สนทนาทั่วไป,RECOMMENDED,ประโยคสนทนาร่วมสมัยที่ใช้งานได้จริงในชีวิตประจำวัน การเดินทาง และการทำงาน (Natural Spoken English),That's too bad.
563,Sentence (ประโยค),st_0099,What a shame.,น่าเสียดายจริงๆ,สนทนาทั่วไป,RECOMMENDED,ประโยคสนทนาร่วมสมัยที่ใช้งานได้จริงในชีวิตประจำวัน การเดินทาง และการทำงาน (Natural Spoken English),What a shame.
564,Sentence (ประโยค),st_0100,"Don't worry, it'll be fine.",ไม่ต้องกังวล เดี๋ยวมันจะดีเอง,สนทนาทั่วไป,RECOMMENDED,ประโยคสนทนาร่วมสมัยที่ใช้งานได้จริงในชีวิตประจำวัน การเดินทาง และการทำงาน (Natural Spoken English),"Don't worry, it'll be fine."
565,Sentence (ประโยค),st_0101,Everything will work out.,ทุกอย่างจะผ่านไปด้วยดี,สนทนาทั่วไป,RECOMMENDED,ประโยคสนทนาร่วมสมัยที่ใช้งานได้จริงในชีวิตประจำวัน การเดินทาง และการทำงาน (Natural Spoken English),Everything will work out.
566,Sentence (ประโยค),st_0102,Cheer up!,ร่าเริงหน่อยนะ / ยิ้มเข้าไว้,สนทนาทั่วไป,RECOMMENDED,ประโยคสนทนาร่วมสมัยที่ใช้งานได้จริงในชีวิตประจำวัน การเดินทาง และการทำงาน (Natural Spoken English),Cheer up!
567,Sentence (ประโยค),st_0103,Things could be worse.,มันอาจจะแย่กว่านี้ก็ได้,สนทนาทั่วไป,RECOMMENDED,ประโยคสนทนาร่วมสมัยที่ใช้งานได้จริงในชีวิตประจำวัน การเดินทาง และการทำงาน (Natural Spoken English),Things could be worse.
568,Sentence (ประโยค),st_0104,Look on the bright side.,มองในแง่ดีสิ,สนทนาทั่วไป,RECOMMENDED,ประโยคสนทนาร่วมสมัยที่ใช้งานได้จริงในชีวิตประจำวัน การเดินทาง และการทำงาน (Natural Spoken English),Look on the bright side.
569,Sentence (ประโยค),st_0105,There's always a solution.,ทางแก้มันมีเสมอ,สนทนาทั่วไป,RECOMMENDED,ประโยคสนทนาร่วมสมัยที่ใช้งานได้จริงในชีวิตประจำวัน การเดินทาง และการทำงาน (Natural Spoken English),There's always a solution.
570,Sentence (ประโยค),st_0106,Let's not talk about it now.,ตอนนี้ยังไม่ต้องพูดถึงเรื่องนั้น,สนทนาทั่วไป,RECOMMENDED,ประโยคสนทนาร่วมสมัยที่ใช้งานได้จริงในชีวิตประจำวัน การเดินทาง และการทำงาน (Natural Spoken English),Let's not talk about it now.
571,Sentence (ประโยค),st_0107,I'd rather not discuss that.,ฉันไม่อยากคุยเรื่องนั้น,สนทนาทั่วไป,RECOMMENDED,ประโยคสนทนาร่วมสมัยที่ใช้งานได้จริงในชีวิตประจำวัน การเดินทาง และการทำงาน (Natural Spoken English),I'd rather not discuss that.
572,Sentence (ประโยค),st_0108,Can we talk about something else?,คุยเรื่องอื่นแทนได้ไหม,สนทนาทั่วไป,RECOMMENDED,ประโยคสนทนาร่วมสมัยที่ใช้งานได้จริงในชีวิตประจำวัน การเดินทาง และการทำงาน (Natural Spoken English),Can we talk about something else?
573,Sentence (ประโยค),st_0109,I don't feel comfortable talking about it.,ฉันไม่ค่อยสะดวกใจจะพูดเรื่องนั้น,สนทนาทั่วไป,RECOMMENDED,ประโยคสนทนาร่วมสมัยที่ใช้งานได้จริงในชีวิตประจำวัน การเดินทาง และการทำงาน (Natural Spoken English),I don't feel comfortable talking about it.
574,Sentence (ประโยค),st_0110,Let's keep it between us.,เก็บไว้ระหว่างเราสองคนนะ,สนทนาทั่วไป,RECOMMENDED,ประโยคสนทนาร่วมสมัยที่ใช้งานได้จริงในชีวิตประจำวัน การเดินทาง และการทำงาน (Natural Spoken English),Let's keep it between us.
575,Sentence (ประโยค),st_0111,Promise you won't tell anyone.,สัญญาว่าจะไม่บอกใคร,สนทนาทั่วไป,RECOMMENDED,ประโยคสนทนาร่วมสมัยที่ใช้งานได้จริงในชีวิตประจำวัน การเดินทาง และการทำงาน (Natural Spoken English),Promise you won't tell anyone.
576,Sentence (ประโยค),st_0112,I'll keep it a secret.,ฉันจะเก็บเป็นความลับ,สนทนาทั่วไป,RECOMMENDED,ประโยคสนทนาร่วมสมัยที่ใช้งานได้จริงในชีวิตประจำวัน การเดินทาง และการทำงาน (Natural Spoken English),I'll keep it a secret.
577,Sentence (ประโยค),st_0113,It's our little secret.,เป็นความลับระหว่างเราสองคน,สนทนาทั่วไป,RECOMMENDED,ประโยคสนทนาร่วมสมัยที่ใช้งานได้จริงในชีวิตประจำวัน การเดินทาง และการทำงาน (Natural Spoken English),It's our little secret.
578,Sentence (ประโยค),st_0114,Word of mouth travels fast.,ข่าวมันแพร่เร็ว,สนทนาทั่วไป,RECOMMENDED,ประโยคสนทนาร่วมสมัยที่ใช้งานได้จริงในชีวิตประจำวัน การเดินทาง และการทำงาน (Natural Spoken English),Word of mouth travels fast.
579,Sentence (ประโยค),st_0115,I heard through the grapevine.,ได้ยินข่าวแว่วๆ มา,สนทนาทั่วไป,RECOMMENDED,ประโยคสนทนาร่วมสมัยที่ใช้งานได้จริงในชีวิตประจำวัน การเดินทาง และการทำงาน (Natural Spoken English),I heard through the grapevine.
580,Sentence (ประโยค),st_0116,Let's not jump to conclusions.,อย่าเพิ่งด่วนสรุป,สนทนาทั่วไป,RECOMMENDED,ประโยคสนทนาร่วมสมัยที่ใช้งานได้จริงในชีวิตประจำวัน การเดินทาง และการทำงาน (Natural Spoken English),Let's not jump to conclusions.
581,Sentence (ประโยค),st_0117,We need more facts first.,เราต้องหาข้อมูลเพิ่มก่อน,สนทนาทั่วไป,RECOMMENDED,ประโยคสนทนาร่วมสมัยที่ใช้งานได้จริงในชีวิตประจำวัน การเดินทาง และการทำงาน (Natural Spoken English),We need more facts first.
582,Sentence (ประโยค),st_0118,Don't judge a book by its cover.,อย่าตัดสินคนจากรูปลักษณ์ภายนอก,สนทนาทั่วไป,RECOMMENDED,ประโยคสนทนาร่วมสมัยที่ใช้งานได้จริงในชีวิตประจำวัน การเดินทาง และการทำงาน (Natural Spoken English),Don't judge a book by its cover.
583,Sentence (ประโยค),st_0119,Appearances can be deceiving.,รูปลักษณ์ภายนอกหลอกได้,สนทนาทั่วไป,RECOMMENDED,ประโยคสนทนาร่วมสมัยที่ใช้งานได้จริงในชีวิตประจำวัน การเดินทาง และการทำงาน (Natural Spoken English),Appearances can be deceiving.
584,Sentence (ประโยค),st_0120,You never know until you try.,ไม่ลองก็ไม่รู้,สนทนาทั่วไป,RECOMMENDED,ประโยคสนทนาร่วมสมัยที่ใช้งานได้จริงในชีวิตประจำวัน การเดินทาง และการทำงาน (Natural Spoken English),You never know until you try.
585,Sentence (ประโยค),st_0121,It's worth a shot.,ลองดูก็คุ้ม,สนทนาทั่วไป,RECOMMENDED,ประโยคสนทนาร่วมสมัยที่ใช้งานได้จริงในชีวิตประจำวัน การเดินทาง และการทำงาน (Natural Spoken English),It's worth a shot.
586,Sentence (ประโยค),st_0122,Better safe than sorry.,ปลอดภัยไว้ก่อนดีกว่า,สนทนาทั่วไป,RECOMMENDED,ประโยคสนทนาร่วมสมัยที่ใช้งานได้จริงในชีวิตประจำวัน การเดินทาง และการทำงาน (Natural Spoken English),Better safe than sorry.
587,Sentence (ประโยค),st_0123,I wake up at six every morning.,ฉันตื่นนอนหกโมงเช้าทุกวัน,ชีวิตประจำวัน,RECOMMENDED,ประโยคสนทนาร่วมสมัยที่ใช้งานได้จริงในชีวิตประจำวัน การเดินทาง และการทำงาน (Natural Spoken English),I wake up at six every morning.
588,Sentence (ประโยค),st_0124,My alarm didn't go off.,นาฬิกาปลุกไม่ดัง,ชีวิตประจำวัน,RECOMMENDED,ประโยคสนทนาร่วมสมัยที่ใช้งานได้จริงในชีวิตประจำวัน การเดินทาง และการทำงาน (Natural Spoken English),My alarm didn't go off.
589,Sentence (ประโยค),st_0125,I hit the snooze button.,ฉันกดปุ่มพักนาฬิกาปลุก,ชีวิตประจำวัน,RECOMMENDED,ประโยคสนทนาร่วมสมัยที่ใช้งานได้จริงในชีวิตประจำวัน การเดินทาง และการทำงาน (Natural Spoken English),I hit the snooze button.
590,Sentence (ประโยค),st_0126,I overslept this morning.,เมื่อเช้าตื่นสาย,ชีวิตประจำวัน,RECOMMENDED,ประโยคสนทนาร่วมสมัยที่ใช้งานได้จริงในชีวิตประจำวัน การเดินทาง และการทำงาน (Natural Spoken English),I overslept this morning.
591,Sentence (ประโยค),st_0127,I need to hurry up.,ฉันต้องรีบแล้ว,ชีวิตประจำวัน,RECOMMENDED,ประโยคสนทนาร่วมสมัยที่ใช้งานได้จริงในชีวิตประจำวัน การเดินทาง และการทำงาน (Natural Spoken English),I need to hurry up.
592,Sentence (ประโยค),st_0128,I'm running late for work.,ฉันกำลังจะไปทำงานสาย,ชีวิตประจำวัน,RECOMMENDED,ประโยคสนทนาร่วมสมัยที่ใช้งานได้จริงในชีวิตประจำวัน การเดินทาง และการทำงาน (Natural Spoken English),I'm running late for work.
593,Sentence (ประโยค),st_0129,I take a shower every morning.,ฉันอาบน้ำทุกเช้า,ชีวิตประจำวัน,RECOMMENDED,ประโยคสนทนาร่วมสมัยที่ใช้งานได้จริงในชีวิตประจำวัน การเดินทาง และการทำงาน (Natural Spoken English),I take a shower every morning.
594,Sentence (ประโยค),st_0130,I brush my teeth twice a day.,ฉันแปรงฟันวันละสองครั้ง,ชีวิตประจำวัน,RECOMMENDED,ประโยคสนทนาร่วมสมัยที่ใช้งานได้จริงในชีวิตประจำวัน การเดินทาง และการทำงาน (Natural Spoken English),I brush my teeth twice a day.
595,Sentence (ประโยค),st_0131,I get dressed for work.,ฉันแต่งตัวไปทำงาน,ชีวิตประจำวัน,RECOMMENDED,ประโยคสนทนาร่วมสมัยที่ใช้งานได้จริงในชีวิตประจำวัน การเดินทาง และการทำงาน (Natural Spoken English),I get dressed for work.
596,Sentence (ประโยค),st_0132,I have breakfast at seven.,ฉันทานอาหารเช้าตอนเจ็ดโมง,ชีวิตประจำวัน,RECOMMENDED,ประโยคสนทนาร่วมสมัยที่ใช้งานได้จริงในชีวิตประจำวัน การเดินทาง และการทำงาน (Natural Spoken English),I have breakfast at seven.
597,Sentence (ประโยค),st_0133,I usually have coffee in the morning.,ปกติฉันดื่มกาแฟตอนเช้า,ชีวิตประจำวัน,RECOMMENDED,ประโยคสนทนาร่วมสมัยที่ใช้งานได้จริงในชีวิตประจำวัน การเดินทาง และการทำงาน (Natural Spoken English),I usually have coffee in the morning.
598,Sentence (ประโยค),st_0134,I read the news while eating.,ฉันอ่านข่าวระหว่างทานข้าว,ชีวิตประจำวัน,RECOMMENDED,ประโยคสนทนาร่วมสมัยที่ใช้งานได้จริงในชีวิตประจำวัน การเดินทาง และการทำงาน (Natural Spoken English),I read the news while eating.
599,Sentence (ประโยค),st_0135,I take the bus to work.,ฉันนั่งรถเมล์ไปทำงาน,ชีวิตประจำวัน,RECOMMENDED,ประโยคสนทนาร่วมสมัยที่ใช้งานได้จริงในชีวิตประจำวัน การเดินทาง และการทำงาน (Natural Spoken English),I take the bus to work.
600,Sentence (ประโยค),st_0136,I drive to the office.,ฉันขับรถไปออฟฟิศ,ชีวิตประจำวัน,RECOMMENDED,ประโยคสนทนาร่วมสมัยที่ใช้งานได้จริงในชีวิตประจำวัน การเดินทาง และการทำงาน (Natural Spoken English),I drive to the office.
601,Sentence (ประโยค),st_0137,The traffic was terrible.,รถติดมาก,ชีวิตประจำวัน,RECOMMENDED,ประโยคสนทนาร่วมสมัยที่ใช้งานได้จริงในชีวิตประจำวัน การเดินทาง และการทำงาน (Natural Spoken English),The traffic was terrible.
602,Sentence (ประโยค),st_0138,I got stuck in traffic.,ฉันเจอรถติดหนักมาก / รถติดแหง็กเลย,ชีวิตประจำวัน,RECOMMENDED,ประโยคสนทนาร่วมสมัยที่ใช้งานได้จริงในชีวิตประจำวัน การเดินทาง และการทำงาน (Natural Spoken English),I got stuck in traffic.
603,Sentence (ประโยค),st_0139,I clock in at nine.,ฉันลงเวลางานเก้าโมง,ชีวิตประจำวัน,RECOMMENDED,ประโยคสนทนาร่วมสมัยที่ใช้งานได้จริงในชีวิตประจำวัน การเดินทาง และการทำงาน (Natural Spoken English),I clock in at nine.
604,Sentence (ประโยค),st_0140,I check my email first thing.,ฉันเช็คอีเมลสิ่งแรกเลย,ชีวิตประจำวัน,RECOMMENDED,ประโยคสนทนาร่วมสมัยที่ใช้งานได้จริงในชีวิตประจำวัน การเดินทาง และการทำงาน (Natural Spoken English),I check my email first thing.
605,Sentence (ประโยค),st_0141,I have a meeting at ten.,ฉันมีประชุมตอนสิบโมง,ชีวิตประจำวัน,RECOMMENDED,ประโยคสนทนาร่วมสมัยที่ใช้งานได้จริงในชีวิตประจำวัน การเดินทาง และการทำงาน (Natural Spoken English),I have a meeting at ten.
606,Sentence (ประโยค),st_0142,I eat lunch at noon.,ฉันทานข้าวเที่ยงตอนเที่ยง,ชีวิตประจำวัน,RECOMMENDED,ประโยคสนทนาร่วมสมัยที่ใช้งานได้จริงในชีวิตประจำวัน การเดินทาง และการทำงาน (Natural Spoken English),I eat lunch at noon.
607,Sentence (ประโยค),st_0143,I usually eat out for lunch.,ปกติฉันทานข้าวเที่ยงข้างนอก,ชีวิตประจำวัน,RECOMMENDED,ประโยคสนทนาร่วมสมัยที่ใช้งานได้จริงในชีวิตประจำวัน การเดินทาง และการทำงาน (Natural Spoken English),I usually eat out for lunch.
608,Sentence (ประโยค),st_0144,I'm on my lunch break.,ฉันกำลังพักเที่ยง,ชีวิตประจำวัน,RECOMMENDED,ประโยคสนทนาร่วมสมัยที่ใช้งานได้จริงในชีวิตประจำวัน การเดินทาง และการทำงาน (Natural Spoken English),I'm on my lunch break.
609,Sentence (ประโยค),st_0145,I finish work at six.,ฉันเลิกงานหกโมง,ชีวิตประจำวัน,RECOMMENDED,ประโยคสนทนาร่วมสมัยที่ใช้งานได้จริงในชีวิตประจำวัน การเดินทาง และการทำงาน (Natural Spoken English),I finish work at six.
610,Sentence (ประโยค),st_0146,I clock out at six.,ฉันลงเวลาออกตอนหกโมง,ชีวิตประจำวัน,RECOMMENDED,ประโยคสนทนาร่วมสมัยที่ใช้งานได้จริงในชีวิตประจำวัน การเดินทาง และการทำงาน (Natural Spoken English),I clock out at six.
611,Sentence (ประโยค),st_0147,I go home after work.,ฉันกลับบ้านหลังเลิกงาน,ชีวิตประจำวัน,RECOMMENDED,ประโยคสนทนาร่วมสมัยที่ใช้งานได้จริงในชีวิตประจำวัน การเดินทาง และการทำงาน (Natural Spoken English),I go home after work.
612,Sentence (ประโยค),st_0148,I cook dinner at home.,ฉันทำอาหารเย็นที่บ้าน,ชีวิตประจำวัน,RECOMMENDED,ประโยคสนทนาร่วมสมัยที่ใช้งานได้จริงในชีวิตประจำวัน การเดินทาง และการทำงาน (Natural Spoken English),I cook dinner at home.
613,Sentence (ประโยค),st_0149,We're ordering takeout tonight.,คืนนี้เราสั่งอาหารมากินกัน,ชีวิตประจำวัน,RECOMMENDED,ประโยคสนทนาร่วมสมัยที่ใช้งานได้จริงในชีวิตประจำวัน การเดินทาง และการทำงาน (Natural Spoken English),We're ordering takeout tonight.
614,Sentence (ประโยค),st_0150,I wash the dishes after dinner.,ฉันล้างจานหลังทานเย็น,ชีวิตประจำวัน,RECOMMENDED,ประโยคสนทนาร่วมสมัยที่ใช้งานได้จริงในชีวิตประจำวัน การเดินทาง และการทำงาน (Natural Spoken English),I wash the dishes after dinner.
615,Sentence (ประโยค),st_0151,I watch TV in the evening.,ฉันดูทีวีตอนเย็น,ชีวิตประจำวัน,RECOMMENDED,ประโยคสนทนาร่วมสมัยที่ใช้งานได้จริงในชีวิตประจำวัน การเดินทาง และการทำงาน (Natural Spoken English),I watch TV in the evening.
616,Sentence (ประโยค),st_0152,I scroll through my phone.,ฉันเลื่อนดูโทรศัพท์,ชีวิตประจำวัน,RECOMMENDED,ประโยคสนทนาร่วมสมัยที่ใช้งานได้จริงในชีวิตประจำวัน การเดินทาง และการทำงาน (Natural Spoken English),I scroll through my phone.
617,Sentence (ประโยค),st_0153,I read before going to bed.,ฉันอ่านหนังสือก่อนนอน,ชีวิตประจำวัน,RECOMMENDED,ประโยคสนทนาร่วมสมัยที่ใช้งานได้จริงในชีวิตประจำวัน การเดินทาง และการทำงาน (Natural Spoken English),I read before going to bed.
618,Sentence (ประโยค),st_0154,I go to bed around eleven.,ฉันเข้านอนประมาณห้าทุ่ม,ชีวิตประจำวัน,RECOMMENDED,ประโยคสนทนาร่วมสมัยที่ใช้งานได้จริงในชีวิตประจำวัน การเดินทาง และการทำงาน (Natural Spoken English),I go to bed around eleven.
619,Sentence (ประโยค),st_0155,I can't fall asleep easily.,ฉันนอนหลับยาก,ชีวิตประจำวัน,RECOMMENDED,ประโยคสนทนาร่วมสมัยที่ใช้งานได้จริงในชีวิตประจำวัน การเดินทาง และการทำงาน (Natural Spoken English),I can't fall asleep easily.
620,Sentence (ประโยค),st_0156,I set my alarm before sleeping.,ฉันตั้งนาฬิกาปลุกก่อนนอน,ชีวิตประจำวัน,RECOMMENDED,ประโยคสนทนาร่วมสมัยที่ใช้งานได้จริงในชีวิตประจำวัน การเดินทาง และการทำงาน (Natural Spoken English),I set my alarm before sleeping.
621,Sentence (ประโยค),st_0157,I forgot to buy groceries.,ลืมซื้อของเข้าบ้าน,ชีวิตประจำวัน,RECOMMENDED,ประโยคสนทนาร่วมสมัยที่ใช้งานได้จริงในชีวิตประจำวัน การเดินทาง และการทำงาน (Natural Spoken English),I forgot to buy groceries.
622,Sentence (ประโยค),st_0158,The fridge is empty.,ตู้เย็นว่างเปล่า,ชีวิตประจำวัน,RECOMMENDED,ประโยคสนทนาร่วมสมัยที่ใช้งานได้จริงในชีวิตประจำวัน การเดินทาง และการทำงาน (Natural Spoken English),The fridge is empty.
623,Sentence (ประโยค),st_0159,We're out of milk.,นมหมดแล้ว,ชีวิตประจำวัน,RECOMMENDED,ประโยคสนทนาร่วมสมัยที่ใช้งานได้จริงในชีวิตประจำวัน การเดินทาง และการทำงาน (Natural Spoken English),We're out of milk.
624,Sentence (ประโยค),st_0160,I need to go to the store.,ฉันต้องไปร้านค้า,ชีวิตประจำวัน,RECOMMENDED,ประโยคสนทนาร่วมสมัยที่ใช้งานได้จริงในชีวิตประจำวัน การเดินทาง และการทำงาน (Natural Spoken English),I need to go to the store.
625,Sentence (ประโยค),st_0161,I'll be back in an hour.,ฉันจะกลับมาในอีกหนึ่งชั่วโมง,ชีวิตประจำวัน,RECOMMENDED,ประโยคสนทนาร่วมสมัยที่ใช้งานได้จริงในชีวิตประจำวัน การเดินทาง และการทำงาน (Natural Spoken English),I'll be back in an hour.
626,Sentence (ประโยค),st_0162,I'm just going to the bank.,ฉันแค่จะไปธนาคาร,ชีวิตประจำวัน,RECOMMENDED,ประโยคสนทนาร่วมสมัยที่ใช้งานได้จริงในชีวิตประจำวัน การเดินทาง และการทำงาน (Natural Spoken English),I'm just going to the bank.
627,Sentence (ประโยค),st_0163,I need to withdraw some cash.,ฉันต้องกดเงินสด,ชีวิตประจำวัน,RECOMMENDED,ประโยคสนทนาร่วมสมัยที่ใช้งานได้จริงในชีวิตประจำวัน การเดินทาง และการทำงาน (Natural Spoken English),I need to withdraw some cash.
628,Sentence (ประโยค),st_0164,I'll pay by card.,ฉันจะจ่ายด้วยบัตร,ชีวิตประจำวัน,RECOMMENDED,ประโยคสนทนาร่วมสมัยที่ใช้งานได้จริงในชีวิตประจำวัน การเดินทาง และการทำงาน (Natural Spoken English),I'll pay by card.
629,Sentence (ประโยค),st_0165,I left my wallet at home.,ฉันลืมกระเป๋าสตางค์ไว้ที่บ้าน,ชีวิตประจำวัน,RECOMMENDED,ประโยคสนทนาร่วมสมัยที่ใช้งานได้จริงในชีวิตประจำวัน การเดินทาง และการทำงาน (Natural Spoken English),I left my wallet at home.
630,Sentence (ประโยค),st_0166,Did you see my keys?,เห็นกุญแจฉันไหม,ชีวิตประจำวัน,RECOMMENDED,ประโยคสนทนาร่วมสมัยที่ใช้งานได้จริงในชีวิตประจำวัน การเดินทาง และการทำงาน (Natural Spoken English),Did you see my keys?
631,Sentence (ประโยค),st_0167,I can't find my phone.,หาโทรศัพท์ไม่เจอ,ชีวิตประจำวัน,RECOMMENDED,ประโยคสนทนาร่วมสมัยที่ใช้งานได้จริงในชีวิตประจำวัน การเดินทาง และการทำงาน (Natural Spoken English),I can't find my phone.
632,Sentence (ประโยค),st_0168,I left my phone at the office.,ฉันลืมโทรศัพท์ไว้ที่ออฟฟิศ,ชีวิตประจำวัน,RECOMMENDED,ประโยคสนทนาร่วมสมัยที่ใช้งานได้จริงในชีวิตประจำวัน การเดินทาง และการทำงาน (Natural Spoken English),I left my phone at the office.
633,Sentence (ประโยค),st_0169,My phone is dead.,โทรศัพท์แบตหมด,ชีวิตประจำวัน,RECOMMENDED,ประโยคสนทนาร่วมสมัยที่ใช้งานได้จริงในชีวิตประจำวัน การเดินทาง และการทำงาน (Natural Spoken English),My phone is dead.
634,Sentence (ประโยค),st_0170,I need to charge my phone.,ฉันต้องชาร์จโทรศัพท์,ชีวิตประจำวัน,RECOMMENDED,ประโยคสนทนาร่วมสมัยที่ใช้งานได้จริงในชีวิตประจำวัน การเดินทาง และการทำงาน (Natural Spoken English),I need to charge my phone.
635,Sentence (ประโยค),st_0171,Do you have a charger?,มีที่ชาร์จไหม,ชีวิตประจำวัน,RECOMMENDED,ประโยคสนทนาร่วมสมัยที่ใช้งานได้จริงในชีวิตประจำวัน การเดินทาง และการทำงาน (Natural Spoken English),Do you have a charger?
636,Sentence (ประโยค),st_0172,I'm out of battery.,แบตเตอรี่หมด,ชีวิตประจำวัน,RECOMMENDED,ประโยคสนทนาร่วมสมัยที่ใช้งานได้จริงในชีวิตประจำวัน การเดินทาง และการทำงาน (Natural Spoken English),I'm out of battery.
637,Sentence (ประโยค),st_0173,The Wi-Fi is not working.,ไวไฟใช้ไม่ได้,ชีวิตประจำวัน,RECOMMENDED,ประโยคสนทนาร่วมสมัยที่ใช้งานได้จริงในชีวิตประจำวัน การเดินทาง และการทำงาน (Natural Spoken English),The Wi-Fi is not working.
638,Sentence (ประโยค),st_0174,The internet is slow today.,อินเทอร์เน็ตช้าจังวันนี้,ชีวิตประจำวัน,RECOMMENDED,ประโยคสนทนาร่วมสมัยที่ใช้งานได้จริงในชีวิตประจำวัน การเดินทาง และการทำงาน (Natural Spoken English),The internet is slow today.
639,Sentence (ประโยค),st_0175,I can't connect to the network.,เชื่อมต่อเน็ตเวิร์กไม่ได้,ชีวิตประจำวัน,RECOMMENDED,ประโยคสนทนาร่วมสมัยที่ใช้งานได้จริงในชีวิตประจำวัน การเดินทาง และการทำงาน (Natural Spoken English),I can't connect to the network.
640,Sentence (ประโยค),st_0176,Please turn off the lights.,กรุณาปิดไฟ,ชีวิตประจำวัน,RECOMMENDED,ประโยคสนทนาร่วมสมัยที่ใช้งานได้จริงในชีวิตประจำวัน การเดินทาง และการทำงาน (Natural Spoken English),Please turn off the lights.
641,Sentence (ประโยค),st_0177,Don't forget to lock the door.,อย่าลืมล็อกประตู,ชีวิตประจำวัน,RECOMMENDED,ประโยคสนทนาร่วมสมัยที่ใช้งานได้จริงในชีวิตประจำวัน การเดินทาง และการทำงาน (Natural Spoken English),Don't forget to lock the door.
642,Sentence (ประโยค),st_0178,Lock the door behind you.,ล็อกประตูตามหลังด้วย,ชีวิตประจำวัน,RECOMMENDED,ประโยคสนทนาร่วมสมัยที่ใช้งานได้จริงในชีวิตประจำวัน การเดินทาง และการทำงาน (Natural Spoken English),Lock the door behind you.
643,Sentence (ประโยค),st_0179,"Close the window, please.",ปิดหน้าต่างหน่อย,ชีวิตประจำวัน,RECOMMENDED,ประโยคสนทนาร่วมสมัยที่ใช้งานได้จริงในชีวิตประจำวัน การเดินทาง และการทำงาน (Natural Spoken English),"Close the window, please."
644,Sentence (ประโยค),st_0180,It's cold in here.,ที่นี่หนาวจัง,ชีวิตประจำวัน,RECOMMENDED,ประโยคสนทนาร่วมสมัยที่ใช้งานได้จริงในชีวิตประจำวัน การเดินทาง และการทำงาน (Natural Spoken English),It's cold in here.
645,Sentence (ประโยค),st_0181,Turn on the heater.,เปิดเครื่องทำความร้อน,ชีวิตประจำวัน,RECOMMENDED,ประโยคสนทนาร่วมสมัยที่ใช้งานได้จริงในชีวิตประจำวัน การเดินทาง และการทำงาน (Natural Spoken English),Turn on the heater.
646,Sentence (ประโยค),st_0182,Could you crank up the AC? It's boiling hot in here.,ช่วยเร่งแอร์หน่อยได้ไหม ข้างในนี้ร้อนอบอ้าวมาก,ชีวิตประจำวัน,RECOMMENDED,ประโยคสนทนาร่วมสมัยที่ใช้งานได้จริงในชีวิตประจำวัน การเดินทาง และการทำงาน (Natural Spoken English),Could you crank up the AC? It's boiling hot in here.
647,Sentence (ประโยค),st_0183,Could you lower the volume?,ช่วยลดเสียงหน่อยได้ไหม,ชีวิตประจำวัน,RECOMMENDED,ประโยคสนทนาร่วมสมัยที่ใช้งานได้จริงในชีวิตประจำวัน การเดินทาง และการทำงาน (Natural Spoken English),Could you lower the volume?
648,Sentence (ประโยค),st_0184,It's too loud in here.,ที่นี่ดังเกินไป,ชีวิตประจำวัน,RECOMMENDED,ประโยคสนทนาร่วมสมัยที่ใช้งานได้จริงในชีวิตประจำวัน การเดินทาง และการทำงาน (Natural Spoken English),It's too loud in here.
649,Sentence (ประโยค),st_0185,I need some peace and quiet.,ฉันต้องการความเงียบสงบ,ชีวิตประจำวัน,RECOMMENDED,ประโยคสนทนาร่วมสมัยที่ใช้งานได้จริงในชีวิตประจำวัน การเดินทาง และการทำงาน (Natural Spoken English),I need some peace and quiet.
650,Sentence (ประโยค),st_0186,Please keep it down.,ช่วยเงียบๆ หน่อย,ชีวิตประจำวัน,RECOMMENDED,ประโยคสนทนาร่วมสมัยที่ใช้งานได้จริงในชีวิตประจำวัน การเดินทาง และการทำงาน (Natural Spoken English),Please keep it down.
651,Sentence (ประโยค),st_0187,Make sure everything is turned off.,ตรวจสอบให้แน่ใจว่าปิดทุกอย่างแล้ว,ชีวิตประจำวัน,RECOMMENDED,ประโยคสนทนาร่วมสมัยที่ใช้งานได้จริงในชีวิตประจำวัน การเดินทาง และการทำงาน (Natural Spoken English),Make sure everything is turned off.
652,Sentence (ประโยค),st_0188,I have a lot to do today.,วันนี้ฉันมีอะไรต้องทำเยอะ,ชีวิตประจำวัน,RECOMMENDED,ประโยคสนทนาร่วมสมัยที่ใช้งานได้จริงในชีวิตประจำวัน การเดินทาง และการทำงาน (Natural Spoken English),I have a lot to do today.
653,Sentence (ประโยค),st_0189,Let me make a to-do list.,ขอเขียนลิสต์สิ่งที่ต้องทำก่อน,ชีวิตประจำวัน,RECOMMENDED,ประโยคสนทนาร่วมสมัยที่ใช้งานได้จริงในชีวิตประจำวัน การเดินทาง และการทำงาน (Natural Spoken English),Let me make a to-do list.
654,Sentence (ประโยค),st_0190,I need to prioritize my tasks.,ฉันต้องจัดลำดับความสำคัญของงาน,ชีวิตประจำวัน,RECOMMENDED,ประโยคสนทนาร่วมสมัยที่ใช้งานได้จริงในชีวิตประจำวัน การเดินทาง และการทำงาน (Natural Spoken English),I need to prioritize my tasks.
655,Sentence (ประโยค),st_0191,I'm behind schedule.,ฉันล่าช้ากว่ากำหนด,ชีวิตประจำวัน,RECOMMENDED,ประโยคสนทนาร่วมสมัยที่ใช้งานได้จริงในชีวิตประจำวัน การเดินทาง และการทำงาน (Natural Spoken English),I'm behind schedule.
656,Sentence (ประโยค),st_0192,I'm ahead of schedule.,ฉันเสร็จเร็วกว่ากำหนด,ชีวิตประจำวัน,RECOMMENDED,ประโยคสนทนาร่วมสมัยที่ใช้งานได้จริงในชีวิตประจำวัน การเดินทาง และการทำงาน (Natural Spoken English),I'm ahead of schedule.
657,Sentence (ประโยค),st_0193,I'll do it right away.,ฉันจะทำทันที,ชีวิตประจำวัน,RECOMMENDED,ประโยคสนทนาร่วมสมัยที่ใช้งานได้จริงในชีวิตประจำวัน การเดินทาง และการทำงาน (Natural Spoken English),I'll do it right away.
658,Sentence (ประโยค),st_0194,Let's get started.,เริ่มกันเลย,ชีวิตประจำวัน,RECOMMENDED,ประโยคสนทนาร่วมสมัยที่ใช้งานได้จริงในชีวิตประจำวัน การเดินทาง และการทำงาน (Natural Spoken English),Let's get started.
659,Sentence (ประโยค),st_0195,I'm almost done.,ฉันเกือบเสร็จแล้ว,ชีวิตประจำวัน,RECOMMENDED,ประโยคสนทนาร่วมสมัยที่ใช้งานได้จริงในชีวิตประจำวัน การเดินทาง และการทำงาน (Natural Spoken English),I'm almost done.
660,Sentence (ประโยค),st_0196,I've just finished.,ฉันเพิ่งทำเสร็จ,ชีวิตประจำวัน,RECOMMENDED,ประโยคสนทนาร่วมสมัยที่ใช้งานได้จริงในชีวิตประจำวัน การเดินทาง และการทำงาน (Natural Spoken English),I've just finished.
661,Sentence (ประโยค),st_0197,"Good job, everyone.",ทำได้ดีมาก ทุกคน,ชีวิตประจำวัน,RECOMMENDED,ประโยคสนทนาร่วมสมัยที่ใช้งานได้จริงในชีวิตประจำวัน การเดินทาง และการทำงาน (Natural Spoken English),"Good job, everyone."
662,Sentence (ประโยค),st_0198,This is my mother.,นี่คือแม่ของฉัน,ครอบครัว บ้าน,RECOMMENDED,ประโยคสนทนาร่วมสมัยที่ใช้งานได้จริงในชีวิตประจำวัน การเดินทาง และการทำงาน (Natural Spoken English),This is my mother.
663,Sentence (ประโยค),st_0199,This is my father.,นี่คือพ่อของฉัน,ครอบครัว บ้าน,RECOMMENDED,ประโยคสนทนาร่วมสมัยที่ใช้งานได้จริงในชีวิตประจำวัน การเดินทาง และการทำงาน (Natural Spoken English),This is my father.
664,Sentence (ประโยค),st_0200,These are my parents.,นี่คือพ่อแม่ของฉัน,ครอบครัว บ้าน,RECOMMENDED,ประโยคสนทนาร่วมสมัยที่ใช้งานได้จริงในชีวิตประจำวัน การเดินทาง และการทำงาน (Natural Spoken English),These are my parents.
665,Sentence (ประโยค),st_0201,I have two sisters.,ฉันมีพี่สาวน้องสาวสองคน,ครอบครัว บ้าน,RECOMMENDED,ประโยคสนทนาร่วมสมัยที่ใช้งานได้จริงในชีวิตประจำวัน การเดินทาง และการทำงาน (Natural Spoken English),I have two sisters.
666,Sentence (ประโยค),st_0202,I'm an only child.,ฉันเป็นลูกคนเดียว,ครอบครัว บ้าน,RECOMMENDED,ประโยคสนทนาร่วมสมัยที่ใช้งานได้จริงในชีวิตประจำวัน การเดินทาง และการทำงาน (Natural Spoken English),I'm an only child.
667,Sentence (ประโยค),st_0203,My brother is older than me.,พี่ชายอายุมากกว่าฉัน,ครอบครัว บ้าน,RECOMMENDED,ประโยคสนทนาร่วมสมัยที่ใช้งานได้จริงในชีวิตประจำวัน การเดินทาง และการทำงาน (Natural Spoken English),My brother is older than me.
668,Sentence (ประโยค),st_0204,My younger sister is in college.,น้องสาวฉันเรียนมหาวิทยาลัย,ครอบครัว บ้าน,RECOMMENDED,ประโยคสนทนาร่วมสมัยที่ใช้งานได้จริงในชีวิตประจำวัน การเดินทาง และการทำงาน (Natural Spoken English),My younger sister is in college.
669,Sentence (ประโยค),st_0205,We look a lot alike.,เราเหมือนกันมาก,ครอบครัว บ้าน,RECOMMENDED,ประโยคสนทนาร่วมสมัยที่ใช้งานได้จริงในชีวิตประจำวัน การเดินทาง และการทำงาน (Natural Spoken English),We look a lot alike.
670,Sentence (ประโยค),st_0206,He takes after his father.,เขาหน้าเหมือนพ่อ,ครอบครัว บ้าน,RECOMMENDED,ประโยคสนทนาร่วมสมัยที่ใช้งานได้จริงในชีวิตประจำวัน การเดินทาง และการทำงาน (Natural Spoken English),He takes after his father.
671,Sentence (ประโยค),st_0207,She has her mother's eyes.,เธอมีดวงตาเหมือนแม่,ครอบครัว บ้าน,RECOMMENDED,ประโยคสนทนาร่วมสมัยที่ใช้งานได้จริงในชีวิตประจำวัน การเดินทาง และการทำงาน (Natural Spoken English),She has her mother's eyes.
672,Sentence (ประโยค),st_0208,My grandparents live in the countryside.,ปู่ย่าตายายอยู่ต่างจังหวัด,ครอบครัว บ้าน,RECOMMENDED,ประโยคสนทนาร่วมสมัยที่ใช้งานได้จริงในชีวิตประจำวัน การเดินทาง และการทำงาน (Natural Spoken English),My grandparents live in the countryside.
673,Sentence (ประโยค),st_0209,We visit them every month.,เราไปเยี่ยมพวกเขาทุกเดือน,ครอบครัว บ้าน,RECOMMENDED,ประโยคสนทนาร่วมสมัยที่ใช้งานได้จริงในชีวิตประจำวัน การเดินทาง และการทำงาน (Natural Spoken English),We visit them every month.
674,Sentence (ประโยค),st_0210,The whole family gathers for dinner.,ทั้งครอบครัวรวมตัวกันทานข้าวเย็น,ครอบครัว บ้าน,RECOMMENDED,ประโยคสนทนาร่วมสมัยที่ใช้งานได้จริงในชีวิตประจำวัน การเดินทาง และการทำงาน (Natural Spoken English),The whole family gathers for dinner.
675,Sentence (ประโยค),st_0211,Family comes first.,ครอบครัวต้องมาก่อน,ครอบครัว บ้าน,RECOMMENDED,ประโยคสนทนาร่วมสมัยที่ใช้งานได้จริงในชีวิตประจำวัน การเดินทาง และการทำงาน (Natural Spoken English),Family comes first.
676,Sentence (ประโยค),st_0212,Home is where the heart is.,บ้านคือที่ที่หัวใจอยู่,ครอบครัว บ้าน,RECOMMENDED,ประโยคสนทนาร่วมสมัยที่ใช้งานได้จริงในชีวิตประจำวัน การเดินทาง และการทำงาน (Natural Spoken English),Home is where the heart is.
677,Sentence (ประโยค),st_0213,There's no place like home.,ไม่มีที่ไหนเหมือนบ้าน,ครอบครัว บ้าน,RECOMMENDED,ประโยคสนทนาร่วมสมัยที่ใช้งานได้จริงในชีวิตประจำวัน การเดินทาง และการทำงาน (Natural Spoken English),There's no place like home.
678,Sentence (ประโยค),st_0214,I miss my family.,ฉันคิดถึงครอบครัว,ครอบครัว บ้าน,RECOMMENDED,ประโยคสนทนาร่วมสมัยที่ใช้งานได้จริงในชีวิตประจำวัน การเดินทาง และการทำงาน (Natural Spoken English),I miss my family.
679,Sentence (ประโยค),st_0215,I call them every week.,ฉันโทรหาพวกเขาทุกอาทิตย์,ครอบครัว บ้าน,RECOMMENDED,ประโยคสนทนาร่วมสมัยที่ใช้งานได้จริงในชีวิตประจำวัน การเดินทาง และการทำงาน (Natural Spoken English),I call them every week.
680,Sentence (ประโยค),st_0216,My mom is a great cook.,แม่ฉันทำอาหารเก่งมาก,ครอบครัว บ้าน,RECOMMENDED,ประโยคสนทนาร่วมสมัยที่ใช้งานได้จริงในชีวิตประจำวัน การเดินทาง และการทำงาน (Natural Spoken English),My mom is a great cook.
681,Sentence (ประโยค),st_0217,My dad likes gardening.,พ่อฉันชอบทำสวน,ครอบครัว บ้าน,RECOMMENDED,ประโยคสนทนาร่วมสมัยที่ใช้งานได้จริงในชีวิตประจำวัน การเดินทาง และการทำงาน (Natural Spoken English),My dad likes gardening.
682,Sentence (ประโยค),st_0218,We have dinner together every night.,เราทานข้าวเย็นด้วยกันทุกคืน,ครอบครัว บ้าน,RECOMMENDED,ประโยคสนทนาร่วมสมัยที่ใช้งานได้จริงในชีวิตประจำวัน การเดินทาง และการทำงาน (Natural Spoken English),We have dinner together every night.
683,Sentence (ประโยค),st_0219,It's important to spend time with family.,การใช้เวลากับครอบครัวสำคัญมาก,ครอบครัว บ้าน,RECOMMENDED,ประโยคสนทนาร่วมสมัยที่ใช้งานได้จริงในชีวิตประจำวัน การเดินทาง และการทำงาน (Natural Spoken English),It's important to spend time with family.
684,Sentence (ประโยค),st_0220,Let's have a family reunion.,จัดงานรวมญาติกันเถอะ,ครอบครัว บ้าน,RECOMMENDED,ประโยคสนทนาร่วมสมัยที่ใช้งานได้จริงในชีวิตประจำวัน การเดินทาง และการทำงาน (Natural Spoken English),Let's have a family reunion.
685,Sentence (ประโยค),st_0221,How's your wife doing?,ภรรยาเป็นยังไงบ้าง,ครอบครัว บ้าน,RECOMMENDED,ประโยคสนทนาร่วมสมัยที่ใช้งานได้จริงในชีวิตประจำวัน การเดินทาง และการทำงาน (Natural Spoken English),How's your wife doing?
686,Sentence (ประโยค),st_0222,How's your husband?,สามีเป็นยังไงบ้าง,ครอบครัว บ้าน,RECOMMENDED,ประโยคสนทนาร่วมสมัยที่ใช้งานได้จริงในชีวิตประจำวัน การเดินทาง และการทำงาน (Natural Spoken English),How's your husband?
687,Sentence (ประโยค),st_0223,We've been married for ten years.,เราแต่งงานกันมาสิบปีแล้ว,ครอบครัว บ้าน,RECOMMENDED,ประโยคสนทนาร่วมสมัยที่ใช้งานได้จริงในชีวิตประจำวัน การเดินทาง และการทำงาน (Natural Spoken English),We've been married for ten years.
688,Sentence (ประโยค),st_0224,We got married last year.,เราแต่งงานกันปีที่แล้ว,ครอบครัว บ้าน,RECOMMENDED,ประโยคสนทนาร่วมสมัยที่ใช้งานได้จริงในชีวิตประจำวัน การเดินทาง และการทำงาน (Natural Spoken English),We got married last year.
689,Sentence (ประโยค),st_0225,This is my son.,นี่คือลูกชายของฉัน,ครอบครัว บ้าน,RECOMMENDED,ประโยคสนทนาร่วมสมัยที่ใช้งานได้จริงในชีวิตประจำวัน การเดินทาง และการทำงาน (Natural Spoken English),This is my son.
690,Sentence (ประโยค),st_0226,This is my daughter.,นี่คือลูกสาวของฉัน,ครอบครัว บ้าน,RECOMMENDED,ประโยคสนทนาร่วมสมัยที่ใช้งานได้จริงในชีวิตประจำวัน การเดินทาง และการทำงาน (Natural Spoken English),This is my daughter.
691,Sentence (ประโยค),st_0227,The kids are playing outside.,เด็กๆ กำลังเล่นอยู่ข้างนอก,ครอบครัว บ้าน,RECOMMENDED,ประโยคสนทนาร่วมสมัยที่ใช้งานได้จริงในชีวิตประจำวัน การเดินทาง และการทำงาน (Natural Spoken English),The kids are playing outside.
692,Sentence (ประโยค),st_0228,The children are asleep.,เด็กๆ หลับแล้ว,ครอบครัว บ้าน,RECOMMENDED,ประโยคสนทนาร่วมสมัยที่ใช้งานได้จริงในชีวิตประจำวัน การเดินทาง และการทำงาน (Natural Spoken English),The children are asleep.
693,Sentence (ประโยค),st_0229,Put the kids to bed.,พาเด็กๆ เข้านอน,ครอบครัว บ้าน,RECOMMENDED,ประโยคสนทนาร่วมสมัยที่ใช้งานได้จริงในชีวิตประจำวัน การเดินทาง และการทำงาน (Natural Spoken English),Put the kids to bed.
694,Sentence (ประโยค),st_0230,Read them a bedtime story.,อ่านนิทานก่อนนอนให้พวกเขาฟัง,ครอบครัว บ้าน,RECOMMENDED,ประโยคสนทนาร่วมสมัยที่ใช้งานได้จริงในชีวิตประจำวัน การเดินทาง และการทำงาน (Natural Spoken English),Read them a bedtime story.
695,Sentence (ประโยค),st_0231,My baby is crying.,ลูกของฉันร้องไห้,ครอบครัว บ้าน,RECOMMENDED,ประโยคสนทนาร่วมสมัยที่ใช้งานได้จริงในชีวิตประจำวัน การเดินทาง และการทำงาน (Natural Spoken English),My baby is crying.
696,Sentence (ประโยค),st_0232,The baby needs to be fed.,ต้องให้นมลูกแล้ว,ครอบครัว บ้าน,RECOMMENDED,ประโยคสนทนาร่วมสมัยที่ใช้งานได้จริงในชีวิตประจำวัน การเดินทาง และการทำงาน (Natural Spoken English),The baby needs to be fed.
697,Sentence (ประโยค),st_0233,I need to change the diaper.,ฉันต้องเปลี่ยนผ้าอ้อม,ครอบครัว บ้าน,RECOMMENDED,ประโยคสนทนาร่วมสมัยที่ใช้งานได้จริงในชีวิตประจำวัน การเดินทาง และการทำงาน (Natural Spoken English),I need to change the diaper.
698,Sentence (ประโยค),st_0234,My daughter just started school.,ลูกสาวเพิ่งเริ่มเข้าโรงเรียน,ครอบครัว บ้าน,RECOMMENDED,ประโยคสนทนาร่วมสมัยที่ใช้งานได้จริงในชีวิตประจำวัน การเดินทาง และการทำงาน (Natural Spoken English),My daughter just started school.
699,Sentence (ประโยค),st_0235,My son is doing well in school.,ลูกชายเรียนเก่ง,ครอบครัว บ้าน,RECOMMENDED,ประโยคสนทนาร่วมสมัยที่ใช้งานได้จริงในชีวิตประจำวัน การเดินทาง และการทำงาน (Natural Spoken English),My son is doing well in school.
700,Sentence (ประโยค),st_0236,The kids are growing up so fast.,เด็กๆ โตเร็วมาก,ครอบครัว บ้าน,RECOMMENDED,ประโยคสนทนาร่วมสมัยที่ใช้งานได้จริงในชีวิตประจำวัน การเดินทาง และการทำงาน (Natural Spoken English),The kids are growing up so fast.
701,Sentence (ประโยค),st_0237,I can't believe how big they've grown.,ไม่อยากเชื่อว่าโตขนาดนี้แล้ว,ครอบครัว บ้าน,RECOMMENDED,ประโยคสนทนาร่วมสมัยที่ใช้งานได้จริงในชีวิตประจำวัน การเดินทาง และการทำงาน (Natural Spoken English),I can't believe how big they've grown.
702,Sentence (ประโยค),st_0238,We're thinking about moving.,เรากำลังคิดจะย้ายบ้าน,ครอบครัว บ้าน,RECOMMENDED,ประโยคสนทนาร่วมสมัยที่ใช้งานได้จริงในชีวิตประจำวัน การเดินทาง และการทำงาน (Natural Spoken English),We're thinking about moving.
703,Sentence (ประโยค),st_0239,We bought a new house.,เราซื้อบ้านหลังใหม่,ครอบครัว บ้าน,RECOMMENDED,ประโยคสนทนาร่วมสมัยที่ใช้งานได้จริงในชีวิตประจำวัน การเดินทาง และการทำงาน (Natural Spoken English),We bought a new house.
704,Sentence (ประโยค),st_0240,We're renting an apartment.,เราอยู่คอนโดเช่า,ครอบครัว บ้าน,RECOMMENDED,ประโยคสนทนาร่วมสมัยที่ใช้งานได้จริงในชีวิตประจำวัน การเดินทาง และการทำงาน (Natural Spoken English),We're renting an apartment.
705,Sentence (ประโยค),st_0241,The rent is a bit high.,ค่าเช่าแพงไปหน่อย,ครอบครัว บ้าน,RECOMMENDED,ประโยคสนทนาร่วมสมัยที่ใช้งานได้จริงในชีวิตประจำวัน การเดินทาง และการทำงาน (Natural Spoken English),The rent is a bit high.
706,Sentence (ประโยค),st_0242,Our neighbor is very friendly.,เพื่อนบ้านเราน่ารักมาก,ครอบครัว บ้าน,RECOMMENDED,ประโยคสนทนาร่วมสมัยที่ใช้งานได้จริงในชีวิตประจำวัน การเดินทาง และการทำงาน (Natural Spoken English),Our neighbor is very friendly.
707,Sentence (ประโยค),st_0243,The neighbors are having a party.,เพื่อนบ้านจัดปาร์ตี้กัน,ครอบครัว บ้าน,RECOMMENDED,ประโยคสนทนาร่วมสมัยที่ใช้งานได้จริงในชีวิตประจำวัน การเดินทาง และการทำงาน (Natural Spoken English),The neighbors are having a party.
708,Sentence (ประโยค),st_0244,Can you keep the noise down?,ช่วยลดเสียงลงหน่อยได้ไหม,ครอบครัว บ้าน,RECOMMENDED,ประโยคสนทนาร่วมสมัยที่ใช้งานได้จริงในชีวิตประจำวัน การเดินทาง และการทำงาน (Natural Spoken English),Can you keep the noise down?
709,Sentence (ประโยค),st_0245,It's very quiet in this area.,บริเวณนี้เงียบสงบมาก,ครอบครัว บ้าน,RECOMMENDED,ประโยคสนทนาร่วมสมัยที่ใช้งานได้จริงในชีวิตประจำวัน การเดินทาง และการทำงาน (Natural Spoken English),It's very quiet in this area.
710,Sentence (ประโยค),st_0246,The apartment has a great view.,คอนโดนี้วิวสวยมาก,ครอบครัว บ้าน,RECOMMENDED,ประโยคสนทนาร่วมสมัยที่ใช้งานได้จริงในชีวิตประจำวัน การเดินทาง และการทำงาน (Natural Spoken English),The apartment has a great view.
711,Sentence (ประโยค),st_0247,We live on the tenth floor.,เราอยู่ชั้นสิบ,ครอบครัว บ้าน,RECOMMENDED,ประโยคสนทนาร่วมสมัยที่ใช้งานได้จริงในชีวิตประจำวัน การเดินทาง และการทำงาน (Natural Spoken English),We live on the tenth floor.
712,Sentence (ประโยค),st_0248,The elevator is out of order.,ลิฟต์เสีย,ครอบครัว บ้าน,RECOMMENDED,ประโยคสนทนาร่วมสมัยที่ใช้งานได้จริงในชีวิตประจำวัน การเดินทาง และการทำงาน (Natural Spoken English),The elevator is out of order.
713,Sentence (ประโยค),st_0249,I'll take the stairs.,ฉันจะเดินขึ้นบันได,ครอบครัว บ้าน,RECOMMENDED,ประโยคสนทนาร่วมสมัยที่ใช้งานได้จริงในชีวิตประจำวัน การเดินทาง และการทำงาน (Natural Spoken English),I'll take the stairs.
714,Sentence (ประโยค),st_0250,The house needs repairs.,บ้านต้องซ่อมแล้ว,ครอบครัว บ้าน,RECOMMENDED,ประโยคสนทนาร่วมสมัยที่ใช้งานได้จริงในชีวิตประจำวัน การเดินทาง และการทำงาน (Natural Spoken English),The house needs repairs.
715,Sentence (ประโยค),st_0251,The roof is leaking.,หลังคารั่ว,ครอบครัว บ้าน,RECOMMENDED,ประโยคสนทนาร่วมสมัยที่ใช้งานได้จริงในชีวิตประจำวัน การเดินทาง และการทำงาน (Natural Spoken English),The roof is leaking.
716,Sentence (ประโยค),st_0252,The pipe is broken.,ท่อน้ำแตก,ครอบครัว บ้าน,RECOMMENDED,ประโยคสนทนาร่วมสมัยที่ใช้งานได้จริงในชีวิตประจำวัน การเดินทาง และการทำงาน (Natural Spoken English),The pipe is broken.
717,Sentence (ประโยค),st_0253,We should repaint the walls.,เราควรทาสีผนังใหม่,ครอบครัว บ้าน,RECOMMENDED,ประโยคสนทนาร่วมสมัยที่ใช้งานได้จริงในชีวิตประจำวัน การเดินทาง และการทำงาน (Natural Spoken English),We should repaint the walls.
718,Sentence (ประโยค),st_0254,Let's clean the house this weekend.,สุดสัปดาห์นี้ทำความสะอาดบ้านกันเถอะ,ครอบครัว บ้าน,RECOMMENDED,ประโยคสนทนาร่วมสมัยที่ใช้งานได้จริงในชีวิตประจำวัน การเดินทาง และการทำงาน (Natural Spoken English),Let's clean the house this weekend.
719,Sentence (ประโยค),st_0255,I'll vacuum the living room.,ฉันจะดูดฝุ่นห้องนั่งเล่น,ครอบครัว บ้าน,RECOMMENDED,ประโยคสนทนาร่วมสมัยที่ใช้งานได้จริงในชีวิตประจำวัน การเดินทาง และการทำงาน (Natural Spoken English),I'll vacuum the living room.
720,Sentence (ประโยค),st_0256,Please mop the floor.,ช่วยถูพื้นหน่อย,ครอบครัว บ้าน,RECOMMENDED,ประโยคสนทนาร่วมสมัยที่ใช้งานได้จริงในชีวิตประจำวัน การเดินทาง และการทำงาน (Natural Spoken English),Please mop the floor.
721,Sentence (ประโยค),st_0257,Take out the trash.,เอาขยะไปทิ้ง,ครอบครัว บ้าน,RECOMMENDED,ประโยคสนทนาร่วมสมัยที่ใช้งานได้จริงในชีวิตประจำวัน การเดินทาง และการทำงาน (Natural Spoken English),Take out the trash.
722,Sentence (ประโยค),st_0258,"My stomach is growling, I need to get something to eat.",ท้องฉันร้องจ๊อกๆ แล้ว ต้องหาอะไรกินหน่อย,อาหาร เครื่องดื่ม,RECOMMENDED,ประโยคสนทนาร่วมสมัยที่ใช้งานได้จริงในชีวิตประจำวัน การเดินทาง และการทำงาน (Natural Spoken English),"My stomach is growling, I need to get something to eat."
723,Sentence (ประโยค),st_0259,I'm starving.,ฉันหิวมาก,อาหาร เครื่องดื่ม,RECOMMENDED,ประโยคสนทนาร่วมสมัยที่ใช้งานได้จริงในชีวิตประจำวัน การเดินทาง และการทำงาน (Natural Spoken English),I'm starving.
724,Sentence (ประโยค),st_0260,What should we eat?,เราควรกินอะไรดี,อาหาร เครื่องดื่ม,RECOMMENDED,ประโยคสนทนาร่วมสมัยที่ใช้งานได้จริงในชีวิตประจำวัน การเดินทาง และการทำงาน (Natural Spoken English),What should we eat?
725,Sentence (ประโยค),st_0261,I'm in the mood for pizza.,อยากกินพิซซ่า,อาหาร เครื่องดื่ม,RECOMMENDED,ประโยคสนทนาร่วมสมัยที่ใช้งานได้จริงในชีวิตประจำวัน การเดินทาง และการทำงาน (Natural Spoken English),I'm in the mood for pizza.
726,Sentence (ประโยค),st_0262,Let's get something to eat.,ไปหาอะไรกินกันเถอะ,อาหาร เครื่องดื่ม,RECOMMENDED,ประโยคสนทนาร่วมสมัยที่ใช้งานได้จริงในชีวิตประจำวัน การเดินทาง และการทำงาน (Natural Spoken English),Let's get something to eat.
727,Sentence (ประโยค),st_0263,I'll whip up something for dinner tonight.,เดี๋ยวคืนนี้ฉันเข้าครัวทำอะไรให้กินเอง,อาหาร เครื่องดื่ม,RECOMMENDED,ประโยคสนทนาร่วมสมัยที่ใช้งานได้จริงในชีวิตประจำวัน การเดินทาง และการทำงาน (Natural Spoken English),I'll whip up something for dinner tonight.
728,Sentence (ประโยค),st_0264,Do you want takeout?,อยากสั่งอาหารกลับบ้านไหม,อาหาร เครื่องดื่ม,RECOMMENDED,ประโยคสนทนาร่วมสมัยที่ใช้งานได้จริงในชีวิตประจำวัน การเดินทาง และการทำงาน (Natural Spoken English),Do you want takeout?
729,Sentence (ประโยค),st_0265,Let's order delivery.,สั่งเดลิเวอรี่กันเถอะ,อาหาร เครื่องดื่ม,RECOMMENDED,ประโยคสนทนาร่วมสมัยที่ใช้งานได้จริงในชีวิตประจำวัน การเดินทาง และการทำงาน (Natural Spoken English),Let's order delivery.
730,Sentence (ประโยค),st_0266,The delivery will take an hour.,เดลิเวอรี่ใช้เวลาหนึ่งชั่วโมง,อาหาร เครื่องดื่ม,RECOMMENDED,ประโยคสนทนาร่วมสมัยที่ใช้งานได้จริงในชีวิตประจำวัน การเดินทาง และการทำงาน (Natural Spoken English),The delivery will take an hour.
731,Sentence (ประโยค),st_0267,What do you want to order?,อยากสั่งอะไร,อาหาร เครื่องดื่ม,RECOMMENDED,ประโยคสนทนาร่วมสมัยที่ใช้งานได้จริงในชีวิตประจำวัน การเดินทาง และการทำงาน (Natural Spoken English),What do you want to order?
732,Sentence (ประโยค),st_0268,I'll have a burger and fries.,ฉันเอาเบอร์เกอร์กับเฟรนช์ฟรายส์,อาหาร เครื่องดื่ม,RECOMMENDED,ประโยคสนทนาร่วมสมัยที่ใช้งานได้จริงในชีวิตประจำวัน การเดินทาง และการทำงาน (Natural Spoken English),I'll have a burger and fries.
733,Sentence (ประโยค),st_0269,"Make that two, please.",ขอเหมือนกันสองที่ครับ/ค่ะ,อาหาร เครื่องดื่ม,RECOMMENDED,ประโยคสนทนาร่วมสมัยที่ใช้งานได้จริงในชีวิตประจำวัน การเดินทาง และการทำงาน (Natural Spoken English),"Make that two, please."
734,Sentence (ประโยค),st_0270,Can I see the menu?,ขอดูเมนูหน่อยได้ไหม,อาหาร เครื่องดื่ม,RECOMMENDED,ประโยคสนทนาร่วมสมัยที่ใช้งานได้จริงในชีวิตประจำวัน การเดินทาง และการทำงาน (Natural Spoken English),Can I see the menu?
735,Sentence (ประโยค),st_0271,What do you recommend?,แนะนำอะไรดี,อาหาร เครื่องดื่ม,RECOMMENDED,ประโยคสนทนาร่วมสมัยที่ใช้งานได้จริงในชีวิตประจำวัน การเดินทาง และการทำงาน (Natural Spoken English),What do you recommend?
736,Sentence (ประโยค),st_0272,The soup is really good here.,ซุปที่นี่อร่อยมาก,อาหาร เครื่องดื่ม,RECOMMENDED,ประโยคสนทนาร่วมสมัยที่ใช้งานได้จริงในชีวิตประจำวัน การเดินทาง และการทำงาน (Natural Spoken English),The soup is really good here.
737,Sentence (ประโยค),st_0273,I'll have the grilled chicken.,ฉันเอาไก่ย่าง,อาหาร เครื่องดื่ม,RECOMMENDED,ประโยคสนทนาร่วมสมัยที่ใช้งานได้จริงในชีวิตประจำวัน การเดินทาง และการทำงาน (Natural Spoken English),I'll have the grilled chicken.
738,Sentence (ประโยค),st_0274,Is it spicy?,เผ็ดไหม,อาหาร เครื่องดื่ม,RECOMMENDED,ประโยคสนทนาร่วมสมัยที่ใช้งานได้จริงในชีวิตประจำวัน การเดินทาง และการทำงาน (Natural Spoken English),Is it spicy?
739,Sentence (ประโยค),st_0275,I can't eat spicy food.,ฉันกินเผ็ดไม่ได้,อาหาร เครื่องดื่ม,RECOMMENDED,ประโยคสนทนาร่วมสมัยที่ใช้งานได้จริงในชีวิตประจำวัน การเดินทาง และการทำงาน (Natural Spoken English),I can't eat spicy food.
740,Sentence (ประโยค),st_0276,I'm allergic to peanuts.,ฉันแพ้ถั่วลิสง,อาหาร เครื่องดื่ม,RECOMMENDED,ประโยคสนทนาร่วมสมัยที่ใช้งานได้จริงในชีวิตประจำวัน การเดินทาง และการทำงาน (Natural Spoken English),I'm allergic to peanuts.
741,Sentence (ประโยค),st_0277,Do you have any allergies?,คุณแพ้อะไรไหม,อาหาร เครื่องดื่ม,RECOMMENDED,ประโยคสนทนาร่วมสมัยที่ใช้งานได้จริงในชีวิตประจำวัน การเดินทาง และการทำงาน (Natural Spoken English),Do you have any allergies?
742,Sentence (ประโยค),st_0278,I don't eat meat.,ฉันไม่กินเนื้อสัตว์,อาหาร เครื่องดื่ม,RECOMMENDED,ประโยคสนทนาร่วมสมัยที่ใช้งานได้จริงในชีวิตประจำวัน การเดินทาง และการทำงาน (Natural Spoken English),I don't eat meat.
743,Sentence (ประโยค),st_0279,I'm a vegetarian.,ฉันเป็นมังสวิรัติ,อาหาร เครื่องดื่ม,RECOMMENDED,ประโยคสนทนาร่วมสมัยที่ใช้งานได้จริงในชีวิตประจำวัน การเดินทาง และการทำงาน (Natural Spoken English),I'm a vegetarian.
744,Sentence (ประโยค),st_0280,Please make it less spicy.,ช่วยทำเผ็ดน้อยๆ หน่อย,อาหาร เครื่องดื่ม,RECOMMENDED,ประโยคสนทนาร่วมสมัยที่ใช้งานได้จริงในชีวิตประจำวัน การเดินทาง และการทำงาน (Natural Spoken English),Please make it less spicy.
745,Sentence (ประโยค),st_0281,Could I get some water?,ขอน้ำหน่อยได้ไหม,อาหาร เครื่องดื่ม,RECOMMENDED,ประโยคสนทนาร่วมสมัยที่ใช้งานได้จริงในชีวิตประจำวัน การเดินทาง และการทำงาน (Natural Spoken English),Could I get some water?
746,Sentence (ประโยค),st_0282,Can I have some more water?,ขอน้ำเพิ่มได้ไหม,อาหาร เครื่องดื่ม,RECOMMENDED,ประโยคสนทนาร่วมสมัยที่ใช้งานได้จริงในชีวิตประจำวัน การเดินทาง และการทำงาน (Natural Spoken English),Can I have some more water?
747,Sentence (ประโยค),st_0283,This is delicious!,อันนี้อร่อยมาก,อาหาร เครื่องดื่ม,RECOMMENDED,ประโยคสนทนาร่วมสมัยที่ใช้งานได้จริงในชีวิตประจำวัน การเดินทาง และการทำงาน (Natural Spoken English),This is delicious!
748,Sentence (ประโยค),st_0284,It tastes great.,รสชาติดีมาก,อาหาร เครื่องดื่ม,RECOMMENDED,ประโยคสนทนาร่วมสมัยที่ใช้งานได้จริงในชีวิตประจำวัน การเดินทาง และการทำงาน (Natural Spoken English),It tastes great.
749,Sentence (ประโยค),st_0285,This is too salty.,เค็มเกินไป,อาหาร เครื่องดื่ม,RECOMMENDED,ประโยคสนทนาร่วมสมัยที่ใช้งานได้จริงในชีวิตประจำวัน การเดินทาง และการทำงาน (Natural Spoken English),This is too salty.
750,Sentence (ประโยค),st_0286,It's a bit sweet.,หวานไปนิดหน่อย,อาหาร เครื่องดื่ม,RECOMMENDED,ประโยคสนทนาร่วมสมัยที่ใช้งานได้จริงในชีวิตประจำวัน การเดินทาง และการทำงาน (Natural Spoken English),It's a bit sweet.
751,Sentence (ประโยค),st_0287,The food here is amazing.,อาหารที่นี่สุดยอด,อาหาร เครื่องดื่ม,RECOMMENDED,ประโยคสนทนาร่วมสมัยที่ใช้งานได้จริงในชีวิตประจำวัน การเดินทาง และการทำงาน (Natural Spoken English),The food here is amazing.
752,Sentence (ประโยค),st_0288,I love Thai food.,ฉันชอบอาหารไทย,อาหาร เครื่องดื่ม,RECOMMENDED,ประโยคสนทนาร่วมสมัยที่ใช้งานได้จริงในชีวิตประจำวัน การเดินทาง และการทำงาน (Natural Spoken English),I love Thai food.
753,Sentence (ประโยค),st_0289,Could you pass the salt?,ช่วยส่งเกลือหน่อยได้ไหม,อาหาร เครื่องดื่ม,RECOMMENDED,ประโยคสนทนาร่วมสมัยที่ใช้งานได้จริงในชีวิตประจำวัน การเดินทาง และการทำงาน (Natural Spoken English),Could you pass the salt?
754,Sentence (ประโยค),st_0290,"Pass me the pepper, please.",ส่งพริกไทยให้ฉันหน่อย,อาหาร เครื่องดื่ม,RECOMMENDED,ประโยคสนทนาร่วมสมัยที่ใช้งานได้จริงในชีวิตประจำวัน การเดินทาง และการทำงาน (Natural Spoken English),"Pass me the pepper, please."
755,Sentence (ประโยค),st_0291,"Could I get a knife and fork, please?",ขอมีดกับส้อมหน่อยได้ไหมครับ/ค่ะ,อาหาร เครื่องดื่ม,RECOMMENDED,ประโยคสนทนาร่วมสมัยที่ใช้งานได้จริงในชีวิตประจำวัน การเดินทาง และการทำงาน (Natural Spoken English),"Could I get a knife and fork, please?"
756,Sentence (ประโยค),st_0292,This fork is dirty.,ส้อมนี้สกปรก,อาหาร เครื่องดื่ม,RECOMMENDED,ประโยคสนทนาร่วมสมัยที่ใช้งานได้จริงในชีวิตประจำวัน การเดินทาง และการทำงาน (Natural Spoken English),This fork is dirty.
757,Sentence (ประโยค),st_0293,Can I get another plate?,ขอจานใหม่อีกใบได้ไหม,อาหาร เครื่องดื่ม,RECOMMENDED,ประโยคสนทนาร่วมสมัยที่ใช้งานได้จริงในชีวิตประจำวัน การเดินทาง และการทำงาน (Natural Spoken English),Can I get another plate?
758,Sentence (ประโยค),st_0294,The portion is too big.,ปริมาณเยอะเกินไป,อาหาร เครื่องดื่ม,RECOMMENDED,ประโยคสนทนาร่วมสมัยที่ใช้งานได้จริงในชีวิตประจำวัน การเดินทาง และการทำงาน (Natural Spoken English),The portion is too big.
759,Sentence (ประโยค),st_0295,"I'm completely stuffed, I couldn't eat another bite.",ฉันอิ่มแปล้เลย กินต่ออีกคำไม่ไหวแล้ว,อาหาร เครื่องดื่ม,RECOMMENDED,ประโยคสนทนาร่วมสมัยที่ใช้งานได้จริงในชีวิตประจำวัน การเดินทาง และการทำงาน (Natural Spoken English),"I'm completely stuffed, I couldn't eat another bite."
760,Sentence (ประโยค),st_0296,I can't eat any more.,กินไม่ไหวแล้ว,อาหาร เครื่องดื่ม,RECOMMENDED,ประโยคสนทนาร่วมสมัยที่ใช้งานได้จริงในชีวิตประจำวัน การเดินทาง และการทำงาน (Natural Spoken English),I can't eat any more.
761,Sentence (ประโยค),st_0297,That was a great meal.,มื้อนี้อร่อยมาก,อาหาร เครื่องดื่ม,RECOMMENDED,ประโยคสนทนาร่วมสมัยที่ใช้งานได้จริงในชีวิตประจำวัน การเดินทาง และการทำงาน (Natural Spoken English),That was a great meal.
762,Sentence (ประโยค),st_0298,Let's have dessert.,กินของหวานกันเถอะ,อาหาร เครื่องดื่ม,RECOMMENDED,ประโยคสนทนาร่วมสมัยที่ใช้งานได้จริงในชีวิตประจำวัน การเดินทาง และการทำงาน (Natural Spoken English),Let's have dessert.
763,Sentence (ประโยค),st_0299,I have a sweet tooth.,ฉันชอบของหวาน,อาหาร เครื่องดื่ม,RECOMMENDED,ประโยคสนทนาร่วมสมัยที่ใช้งานได้จริงในชีวิตประจำวัน การเดินทาง และการทำงาน (Natural Spoken English),I have a sweet tooth.
764,Sentence (ประโยค),st_0300,What's for dessert?,ของหวานมีอะไรบ้าง,อาหาร เครื่องดื่ม,RECOMMENDED,ประโยคสนทนาร่วมสมัยที่ใช้งานได้จริงในชีวิตประจำวัน การเดินทาง และการทำงาน (Natural Spoken English),What's for dessert?
765,Sentence (ประโยค),st_0301,I'll have some ice cream.,ฉันเอาไอศกรีม,อาหาร เครื่องดื่ม,RECOMMENDED,ประโยคสนทนาร่วมสมัยที่ใช้งานได้จริงในชีวิตประจำวัน การเดินทาง และการทำงาน (Natural Spoken English),I'll have some ice cream.
766,Sentence (ประโยค),st_0302,Let me get the bill.,คิดเงินหน่อย,อาหาร เครื่องดื่ม,RECOMMENDED,ประโยคสนทนาร่วมสมัยที่ใช้งานได้จริงในชีวิตประจำวัน การเดินทาง และการทำงาน (Natural Spoken English),Let me get the bill.
767,Sentence (ประโยค),st_0303,"Can we have the check, please?",ขอบิลหน่อยได้ไหม,อาหาร เครื่องดื่ม,RECOMMENDED,ประโยคสนทนาร่วมสมัยที่ใช้งานได้จริงในชีวิตประจำวัน การเดินทาง และการทำงาน (Natural Spoken English),"Can we have the check, please?"
768,Sentence (ประโยค),st_0304,I'll pay for dinner.,ฉันจะจ่ายค่าข้าวเย็นเอง,อาหาร เครื่องดื่ม,RECOMMENDED,ประโยคสนทนาร่วมสมัยที่ใช้งานได้จริงในชีวิตประจำวัน การเดินทาง และการทำงาน (Natural Spoken English),I'll pay for dinner.
769,Sentence (ประโยค),st_0305,It's on me.,ฉันเลี้ยงเอง,อาหาร เครื่องดื่ม,RECOMMENDED,ประโยคสนทนาร่วมสมัยที่ใช้งานได้จริงในชีวิตประจำวัน การเดินทาง และการทำงาน (Natural Spoken English),It's on me.
770,Sentence (ประโยค),st_0306,Let's split the bill.,แยกจ่ายกันเถอะ,อาหาร เครื่องดื่ม,RECOMMENDED,ประโยคสนทนาร่วมสมัยที่ใช้งานได้จริงในชีวิตประจำวัน การเดินทาง และการทำงาน (Natural Spoken English),Let's split the bill.
771,Sentence (ประโยค),st_0307,How much do I owe you?,ฉันต้องจ่ายเท่าไหร่,อาหาร เครื่องดื่ม,RECOMMENDED,ประโยคสนทนาร่วมสมัยที่ใช้งานได้จริงในชีวิตประจำวัน การเดินทาง และการทำงาน (Natural Spoken English),How much do I owe you?
772,Sentence (ประโยค),st_0308,Keep the change.,ไม่ต้องทอน,อาหาร เครื่องดื่ม,RECOMMENDED,ประโยคสนทนาร่วมสมัยที่ใช้งานได้จริงในชีวิตประจำวัน การเดินทาง และการทำงาน (Natural Spoken English),Keep the change.
773,Sentence (ประโยค),st_0309,The service was great.,บริการดีมาก,อาหาร เครื่องดื่ม,RECOMMENDED,ประโยคสนทนาร่วมสมัยที่ใช้งานได้จริงในชีวิตประจำวัน การเดินทาง และการทำงาน (Natural Spoken English),The service was great.
774,Sentence (ประโยค),st_0310,We should come here again.,เราควรกลับมาที่นี่อีก,อาหาร เครื่องดื่ม,RECOMMENDED,ประโยคสนทนาร่วมสมัยที่ใช้งานได้จริงในชีวิตประจำวัน การเดินทาง และการทำงาน (Natural Spoken English),We should come here again.
775,Sentence (ประโยค),st_0311,Could I get a glass of juice?,ขอน้ำผลไม้สักแก้วได้ไหม,อาหาร เครื่องดื่ม,RECOMMENDED,ประโยคสนทนาร่วมสมัยที่ใช้งานได้จริงในชีวิตประจำวัน การเดินทาง และการทำงาน (Natural Spoken English),Could I get a glass of juice?
776,Sentence (ประโยค),st_0312,"I'll have coffee, please.",ขอกาแฟแก้วหนึ่งครับ/ค่ะ,อาหาร เครื่องดื่ม,RECOMMENDED,ประโยคสนทนาร่วมสมัยที่ใช้งานได้จริงในชีวิตประจำวัน การเดินทาง และการทำงาน (Natural Spoken English),"I'll have coffee, please."
777,Sentence (ประโยค),st_0313,Would you like tea or coffee?,จะเอาชาหรือกาแฟ,อาหาร เครื่องดื่ม,RECOMMENDED,ประโยคสนทนาร่วมสมัยที่ใช้งานได้จริงในชีวิตประจำวัน การเดินทาง และการทำงาน (Natural Spoken English),Would you like tea or coffee?
778,Sentence (ประโยค),st_0314,"Make that two cups, please.",ขอเป็นสองแก้วครับ/ค่ะ,อาหาร เครื่องดื่ม,RECOMMENDED,ประโยคสนทนาร่วมสมัยที่ใช้งานได้จริงในชีวิตประจำวัน การเดินทาง และการทำงาน (Natural Spoken English),"Make that two cups, please."
779,Sentence (ประโยค),st_0315,I need to buy some groceries.,ฉันต้องไปซื้อของเข้าบ้าน,อาหาร เครื่องดื่ม,RECOMMENDED,ประโยคสนทนาร่วมสมัยที่ใช้งานได้จริงในชีวิตประจำวัน การเดินทาง และการทำงาน (Natural Spoken English),I need to buy some groceries.
780,Sentence (ประโยค),st_0316,Let's go to the market.,ไปตลาดกันเถอะ,อาหาร เครื่องดื่ม,RECOMMENDED,ประโยคสนทนาร่วมสมัยที่ใช้งานได้จริงในชีวิตประจำวัน การเดินทาง และการทำงาน (Natural Spoken English),Let's go to the market.
781,Sentence (ประโยค),st_0317,The market is crowded.,ตลาดคนเยอะมาก,อาหาร เครื่องดื่ม,RECOMMENDED,ประโยคสนทนาร่วมสมัยที่ใช้งานได้จริงในชีวิตประจำวัน การเดินทาง และการทำงาน (Natural Spoken English),The market is crowded.
782,Sentence (ประโยค),st_0318,I'll pick up some fruit.,ฉันจะซื้อผลไม้หน่อย,อาหาร เครื่องดื่ม,RECOMMENDED,ประโยคสนทนาร่วมสมัยที่ใช้งานได้จริงในชีวิตประจำวัน การเดินทาง และการทำงาน (Natural Spoken English),I'll pick up some fruit.
783,Sentence (ประโยค),st_0319,These mangoes look ripe.,มะม่วงพวกนี้สุกแล้ว,อาหาร เครื่องดื่ม,RECOMMENDED,ประโยคสนทนาร่วมสมัยที่ใช้งานได้จริงในชีวิตประจำวัน การเดินทาง และการทำงาน (Natural Spoken English),These mangoes look ripe.
784,Sentence (ประโยค),st_0320,How much are these apples?,แอปเปิลพวกนี้ราคาเท่าไหร่,อาหาร เครื่องดื่ม,RECOMMENDED,ประโยคสนทนาร่วมสมัยที่ใช้งานได้จริงในชีวิตประจำวัน การเดินทาง และการทำงาน (Natural Spoken English),How much are these apples?
785,Sentence (ประโยค),st_0321,Where are we going?,เราจะไปไหนกัน,เดินทาง สถานที่,RECOMMENDED,ประโยคสนทนาร่วมสมัยที่ใช้งานได้จริงในชีวิตประจำวัน การเดินทาง และการทำงาน (Natural Spoken English),Where are we going?
786,Sentence (ประโยค),st_0322,I'm going to the airport.,ฉันกำลังไปสนามบิน,เดินทาง สถานที่,RECOMMENDED,ประโยคสนทนาร่วมสมัยที่ใช้งานได้จริงในชีวิตประจำวัน การเดินทาง และการทำงาน (Natural Spoken English),I'm going to the airport.
787,Sentence (ประโยค),st_0323,When does the flight leave?,เที่ยวบินออกเมื่อไหร่,เดินทาง สถานที่,RECOMMENDED,ประโยคสนทนาร่วมสมัยที่ใช้งานได้จริงในชีวิตประจำวัน การเดินทาง และการทำงาน (Natural Spoken English),When does the flight leave?
788,Sentence (ประโยค),st_0324,The flight is at eight.,เที่ยวบินตอนแปดโมง,เดินทาง สถานที่,RECOMMENDED,ประโยคสนทนาร่วมสมัยที่ใช้งานได้จริงในชีวิตประจำวัน การเดินทาง และการทำงาน (Natural Spoken English),The flight is at eight.
789,Sentence (ประโยค),st_0325,I need to catch my flight.,ฉันต้องรีบไปขึ้นเครื่อง,เดินทาง สถานที่,RECOMMENDED,ประโยคสนทนาร่วมสมัยที่ใช้งานได้จริงในชีวิตประจำวัน การเดินทาง และการทำงาน (Natural Spoken English),I need to catch my flight.
790,Sentence (ประโยค),st_0326,My flight was delayed.,เที่ยวบินของฉันดีเลย์,เดินทาง สถานที่,RECOMMENDED,ประโยคสนทนาร่วมสมัยที่ใช้งานได้จริงในชีวิตประจำวัน การเดินทาง และการทำงาน (Natural Spoken English),My flight was delayed.
791,Sentence (ประโยค),st_0327,My flight was canceled.,เที่ยวบินของฉันถูกยกเลิก,เดินทาง สถานที่,RECOMMENDED,ประโยคสนทนาร่วมสมัยที่ใช้งานได้จริงในชีวิตประจำวัน การเดินทาง และการทำงาน (Natural Spoken English),My flight was canceled.
792,Sentence (ประโยค),st_0328,Where is the check-in counter?,เคาน์เตอร์เช็คอินอยู่ที่ไหน,เดินทาง สถานที่,RECOMMENDED,ประโยคสนทนาร่วมสมัยที่ใช้งานได้จริงในชีวิตประจำวัน การเดินทาง และการทำงาน (Natural Spoken English),Where is the check-in counter?
793,Sentence (ประโยค),st_0329,Can I check in here?,เช็คอินที่นี่ได้ไหม,เดินทาง สถานที่,RECOMMENDED,ประโยคสนทนาร่วมสมัยที่ใช้งานได้จริงในชีวิตประจำวัน การเดินทาง และการทำงาน (Natural Spoken English),Can I check in here?
794,Sentence (ประโยค),st_0330,I have a window seat.,ฉันได้ที่นั่งติดหน้าต่าง,เดินทาง สถานที่,RECOMMENDED,ประโยคสนทนาร่วมสมัยที่ใช้งานได้จริงในชีวิตประจำวัน การเดินทาง และการทำงาน (Natural Spoken English),I have a window seat.
795,Sentence (ประโยค),st_0331,I prefer the aisle seat.,ฉันชอบที่นั่งติดทางเดิน,เดินทาง สถานที่,RECOMMENDED,ประโยคสนทนาร่วมสมัยที่ใช้งานได้จริงในชีวิตประจำวัน การเดินทาง และการทำงาน (Natural Spoken English),I prefer the aisle seat.
796,Sentence (ประโยค),st_0332,Please fasten your seatbelt.,กรุณารัดเข็มขัดนิรภัย,เดินทาง สถานที่,RECOMMENDED,ประโยคสนทนาร่วมสมัยที่ใช้งานได้จริงในชีวิตประจำวัน การเดินทาง และการทำงาน (Natural Spoken English),Please fasten your seatbelt.
797,Sentence (ประโยค),st_0333,Keep your seatbelt fastened.,รัดเข็มขัดไว้ตลอด,เดินทาง สถานที่,RECOMMENDED,ประโยคสนทนาร่วมสมัยที่ใช้งานได้จริงในชีวิตประจำวัน การเดินทาง และการทำงาน (Natural Spoken English),Keep your seatbelt fastened.
798,Sentence (ประโยค),st_0334,When do we land?,เราลงจอดเมื่อไหร่,เดินทาง สถานที่,RECOMMENDED,ประโยคสนทนาร่วมสมัยที่ใช้งานได้จริงในชีวิตประจำวัน การเดินทาง และการทำงาน (Natural Spoken English),When do we land?
799,Sentence (ประโยค),st_0335,We'll land in two hours.,เราจะลงจอดในอีกสองชั่วโมง,เดินทาง สถานที่,RECOMMENDED,ประโยคสนทนาร่วมสมัยที่ใช้งานได้จริงในชีวิตประจำวัน การเดินทาง และการทำงาน (Natural Spoken English),We'll land in two hours.
800,Sentence (ประโยค),st_0336,Where is my baggage?,กระเป๋าเดินทางของฉันอยู่ไหน,เดินทาง สถานที่,RECOMMENDED,ประโยคสนทนาร่วมสมัยที่ใช้งานได้จริงในชีวิตประจำวัน การเดินทาง และการทำงาน (Natural Spoken English),Where is my baggage?
801,Sentence (ประโยค),st_0337,I can't find my luggage.,หากระเป๋าไม่เจอ,เดินทาง สถานที่,RECOMMENDED,ประโยคสนทนาร่วมสมัยที่ใช้งานได้จริงในชีวิตประจำวัน การเดินทาง และการทำงาน (Natural Spoken English),I can't find my luggage.
802,Sentence (ประโยค),st_0338,One of my bags is missing.,กระเป๋าของฉันหายไปหนึ่งใบ,เดินทาง สถานที่,RECOMMENDED,ประโยคสนทนาร่วมสมัยที่ใช้งานได้จริงในชีวิตประจำวัน การเดินทาง และการทำงาน (Natural Spoken English),One of my bags is missing.
803,Sentence (ประโยค),st_0339,Where is the exit?,ทางออกอยู่ที่ไหน,เดินทาง สถานที่,RECOMMENDED,ประโยคสนทนาร่วมสมัยที่ใช้งานได้จริงในชีวิตประจำวัน การเดินทาง และการทำงาน (Natural Spoken English),Where is the exit?
804,Sentence (ประโยค),st_0340,Where is the restroom?,ห้องน้ำอยู่ที่ไหน,เดินทาง สถานที่,RECOMMENDED,ประโยคสนทนาร่วมสมัยที่ใช้งานได้จริงในชีวิตประจำวัน การเดินทาง และการทำงาน (Natural Spoken English),Where is the restroom?
805,Sentence (ประโยค),st_0341,Where can I catch a taxi?,นั่งแท็กซี่ได้ที่ไหน,เดินทาง สถานที่,RECOMMENDED,ประโยคสนทนาร่วมสมัยที่ใช้งานได้จริงในชีวิตประจำวัน การเดินทาง และการทำงาน (Natural Spoken English),Where can I catch a taxi?
806,Sentence (ประโยค),st_0342,Please take me to this address.,ช่วยไปส่งที่อยู่นี้หน่อย,เดินทาง สถานที่,RECOMMENDED,ประโยคสนทนาร่วมสมัยที่ใช้งานได้จริงในชีวิตประจำวัน การเดินทาง และการทำงาน (Natural Spoken English),Please take me to this address.
807,Sentence (ประโยค),st_0343,How much will the fare be?,ค่าโดยสารเท่าไหร่,เดินทาง สถานที่,RECOMMENDED,ประโยคสนทนาร่วมสมัยที่ใช้งานได้จริงในชีวิตประจำวัน การเดินทาง และการทำงาน (Natural Spoken English),How much will the fare be?
808,Sentence (ประโยค),st_0344,"Keep the change, please.",ไม่ต้องทอนครับ,เดินทาง สถานที่,RECOMMENDED,ประโยคสนทนาร่วมสมัยที่ใช้งานได้จริงในชีวิตประจำวัน การเดินทาง และการทำงาน (Natural Spoken English),"Keep the change, please."
809,Sentence (ประโยค),st_0345,I need a hotel nearby.,ฉันต้องหาที่พักใกล้ๆ,เดินทาง สถานที่,RECOMMENDED,ประโยคสนทนาร่วมสมัยที่ใช้งานได้จริงในชีวิตประจำวัน การเดินทาง และการทำงาน (Natural Spoken English),I need a hotel nearby.
810,Sentence (ประโยค),st_0346,Do you have any vacancies?,ยังมีห้องว่างไหม,เดินทาง สถานที่,RECOMMENDED,ประโยคสนทนาร่วมสมัยที่ใช้งานได้จริงในชีวิตประจำวัน การเดินทาง และการทำงาน (Natural Spoken English),Do you have any vacancies?
811,Sentence (ประโยค),st_0347,I'd like to book a room.,ฉันอยากจองห้องพัก,เดินทาง สถานที่,RECOMMENDED,ประโยคสนทนาร่วมสมัยที่ใช้งานได้จริงในชีวิตประจำวัน การเดินทาง และการทำงาน (Natural Spoken English),I'd like to book a room.
812,Sentence (ประโยค),st_0348,"For two nights, please.",สองคืนครับ,เดินทาง สถานที่,RECOMMENDED,ประโยคสนทนาร่วมสมัยที่ใช้งานได้จริงในชีวิตประจำวัน การเดินทาง และการทำงาน (Natural Spoken English),"For two nights, please."
813,Sentence (ประโยค),st_0349,What time is check-in?,เช็คอินกี่โมง,เดินทาง สถานที่,RECOMMENDED,ประโยคสนทนาร่วมสมัยที่ใช้งานได้จริงในชีวิตประจำวัน การเดินทาง และการทำงาน (Natural Spoken English),What time is check-in?
814,Sentence (ประโยค),st_0350,What time is check-out?,เช็คเอาต์กี่โมง,เดินทาง สถานที่,RECOMMENDED,ประโยคสนทนาร่วมสมัยที่ใช้งานได้จริงในชีวิตประจำวัน การเดินทาง และการทำงาน (Natural Spoken English),What time is check-out?
815,Sentence (ประโยค),st_0351,Is breakfast included?,รวมอาหารเช้าไหม,เดินทาง สถานที่,RECOMMENDED,ประโยคสนทนาร่วมสมัยที่ใช้งานได้จริงในชีวิตประจำวัน การเดินทาง และการทำงาน (Natural Spoken English),Is breakfast included?
816,Sentence (ประโยค),st_0352,The room is too small.,ห้องเล็กเกินไป,เดินทาง สถานที่,RECOMMENDED,ประโยคสนทนาร่วมสมัยที่ใช้งานได้จริงในชีวิตประจำวัน การเดินทาง และการทำงาน (Natural Spoken English),The room is too small.
817,Sentence (ประโยค),st_0353,The room has a great view.,ห้องนี้วิวดีมาก,เดินทาง สถานที่,RECOMMENDED,ประโยคสนทนาร่วมสมัยที่ใช้งานได้จริงในชีวิตประจำวัน การเดินทาง และการทำงาน (Natural Spoken English),The room has a great view.
818,Sentence (ประโยค),st_0354,The air conditioning is broken.,แอร์เสีย,เดินทาง สถานที่,RECOMMENDED,ประโยคสนทนาร่วมสมัยที่ใช้งานได้จริงในชีวิตประจำวัน การเดินทาง และการทำงาน (Natural Spoken English),The air conditioning is broken.
819,Sentence (ประโยค),st_0355,Can you change my room?,เปลี่ยนห้องให้ฉันได้ไหม,เดินทาง สถานที่,RECOMMENDED,ประโยคสนทนาร่วมสมัยที่ใช้งานได้จริงในชีวิตประจำวัน การเดินทาง และการทำงาน (Natural Spoken English),Can you change my room?
820,Sentence (ประโยค),st_0356,"The Wi-Fi password, please.",รหัสไวไฟหน่อย,เดินทาง สถานที่,RECOMMENDED,ประโยคสนทนาร่วมสมัยที่ใช้งานได้จริงในชีวิตประจำวัน การเดินทาง และการทำงาน (Natural Spoken English),"The Wi-Fi password, please."
821,Sentence (ประโยค),st_0357,I want to extend my stay.,ฉันอยากขยายเวลาพัก,เดินทาง สถานที่,RECOMMENDED,ประโยคสนทนาร่วมสมัยที่ใช้งานได้จริงในชีวิตประจำวัน การเดินทาง และการทำงาน (Natural Spoken English),I want to extend my stay.
822,Sentence (ประโยค),st_0358,Where is the train station?,สถานีรถไฟอยู่ที่ไหน,เดินทาง สถานที่,RECOMMENDED,ประโยคสนทนาร่วมสมัยที่ใช้งานได้จริงในชีวิตประจำวัน การเดินทาง และการทำงาน (Natural Spoken English),Where is the train station?
823,Sentence (ประโยค),st_0359,Which platform is it?,ชานชาลาไหน,เดินทาง สถานที่,RECOMMENDED,ประโยคสนทนาร่วมสมัยที่ใช้งานได้จริงในชีวิตประจำวัน การเดินทาง และการทำงาน (Natural Spoken English),Which platform is it?
824,Sentence (ประโยค),st_0360,Does this train go to the city?,รถไฟขบวนนี้ไปตัวเมืองไหม,เดินทาง สถานที่,RECOMMENDED,ประโยคสนทนาร่วมสมัยที่ใช้งานได้จริงในชีวิตประจำวัน การเดินทาง และการทำงาน (Natural Spoken English),Does this train go to the city?
825,Sentence (ประโยค),st_0361,How much is a ticket?,ตั๋วราคาเท่าไหร่,เดินทาง สถานที่,RECOMMENDED,ประโยคสนทนาร่วมสมัยที่ใช้งานได้จริงในชีวิตประจำวัน การเดินทาง และการทำงาน (Natural Spoken English),How much is a ticket?
826,Sentence (ประโยค),st_0362,I'd like a one-way ticket.,ขอตั๋วเที่ยวเดียวใบหนึ่งครับ/ค่ะ,เดินทาง สถานที่,RECOMMENDED,ประโยคสนทนาร่วมสมัยที่ใช้งานได้จริงในชีวิตประจำวัน การเดินทาง และการทำงาน (Natural Spoken English),I'd like a one-way ticket.
827,Sentence (ประโยค),st_0363,"Two tickets, please.",สองใบครับ,เดินทาง สถานที่,RECOMMENDED,ประโยคสนทนาร่วมสมัยที่ใช้งานได้จริงในชีวิตประจำวัน การเดินทาง และการทำงาน (Natural Spoken English),"Two tickets, please."
828,Sentence (ประโยค),st_0364,Where is the nearest bus stop?,ป้ายรถเมล์ที่ใกล้ที่สุดอยู่ไหน,เดินทาง สถานที่,RECOMMENDED,ประโยคสนทนาร่วมสมัยที่ใช้งานได้จริงในชีวิตประจำวัน การเดินทาง และการทำงาน (Natural Spoken English),Where is the nearest bus stop?
829,Sentence (ประโยค),st_0365,Which bus goes to the museum?,รถเมล์สายไหนไปพิพิธภัณฑ์,เดินทาง สถานที่,RECOMMENDED,ประโยคสนทนาร่วมสมัยที่ใช้งานได้จริงในชีวิตประจำวัน การเดินทาง และการทำงาน (Natural Spoken English),Which bus goes to the museum?
830,Sentence (ประโยค),st_0366,How often does the bus come?,รถเมล์มาทุกกี่นาที,เดินทาง สถานที่,RECOMMENDED,ประโยคสนทนาร่วมสมัยที่ใช้งานได้จริงในชีวิตประจำวัน การเดินทาง และการทำงาน (Natural Spoken English),How often does the bus come?
831,Sentence (ประโยค),st_0367,I missed the last bus.,พลาดรถเมล์เที่ยวสุดท้าย,เดินทาง สถานที่,RECOMMENDED,ประโยคสนทนาร่วมสมัยที่ใช้งานได้จริงในชีวิตประจำวัน การเดินทาง และการทำงาน (Natural Spoken English),I missed the last bus.
832,Sentence (ประโยค),st_0368,Could you pinpoint that on the map for me?,ช่วยชี้พิกัดบนแผนที่ให้ฉันหน่อยได้ไหม,เดินทาง สถานที่,RECOMMENDED,ประโยคสนทนาร่วมสมัยที่ใช้งานได้จริงในชีวิตประจำวัน การเดินทาง และการทำงาน (Natural Spoken English),Could you pinpoint that on the map for me?
833,Sentence (ประโยค),st_0369,"I think I've lost my way, could you help me with directions?",ฉันคิดว่าฉันหลงทาง ช่วยบอกทางหน่อยได้ไหมครับ/ค่ะ,เดินทาง สถานที่,RECOMMENDED,ประโยคสนทนาร่วมสมัยที่ใช้งานได้จริงในชีวิตประจำวัน การเดินทาง และการทำงาน (Natural Spoken English),"I think I've lost my way, could you help me with directions?"
834,Sentence (ประโยค),st_0370,Can you help me find this place?,ช่วยหาที่นี่ให้ฉันหน่อยได้ไหม,เดินทาง สถานที่,RECOMMENDED,ประโยคสนทนาร่วมสมัยที่ใช้งานได้จริงในชีวิตประจำวัน การเดินทาง และการทำงาน (Natural Spoken English),Can you help me find this place?
835,Sentence (ประโยค),st_0371,Go straight ahead.,ตรงไปข้างหน้า,เดินทาง สถานที่,RECOMMENDED,ประโยคสนทนาร่วมสมัยที่ใช้งานได้จริงในชีวิตประจำวัน การเดินทาง และการทำงาน (Natural Spoken English),Go straight ahead.
836,Sentence (ประโยค),st_0372,Turn left at the corner.,เลี้ยวซ้ายที่หัวมุม,เดินทาง สถานที่,RECOMMENDED,ประโยคสนทนาร่วมสมัยที่ใช้งานได้จริงในชีวิตประจำวัน การเดินทาง และการทำงาน (Natural Spoken English),Turn left at the corner.
837,Sentence (ประโยค),st_0373,Turn right after the bank.,เลี้ยวขวาหลังธนาคาร,เดินทาง สถานที่,RECOMMENDED,ประโยคสนทนาร่วมสมัยที่ใช้งานได้จริงในชีวิตประจำวัน การเดินทาง และการทำงาน (Natural Spoken English),Turn right after the bank.
838,Sentence (ประโยค),st_0374,It's across the street.,อยู่ฝั่งตรงข้ามถนน,เดินทาง สถานที่,RECOMMENDED,ประโยคสนทนาร่วมสมัยที่ใช้งานได้จริงในชีวิตประจำวัน การเดินทาง และการทำงาน (Natural Spoken English),It's across the street.
839,Sentence (ประโยค),st_0375,It's next to the bookstore.,อยู่ติดกับร้านหนังสือ,เดินทาง สถานที่,RECOMMENDED,ประโยคสนทนาร่วมสมัยที่ใช้งานได้จริงในชีวิตประจำวัน การเดินทาง และการทำงาน (Natural Spoken English),It's next to the bookstore.
840,Sentence (ประโยค),st_0376,Is it far from here?,ไกลจากที่นี่ไหม,เดินทาง สถานที่,RECOMMENDED,ประโยคสนทนาร่วมสมัยที่ใช้งานได้จริงในชีวิตประจำวัน การเดินทาง และการทำงาน (Natural Spoken English),Is it far from here?
841,Sentence (ประโยค),st_0377,It's within walking distance.,เดินไปได้,เดินทาง สถานที่,RECOMMENDED,ประโยคสนทนาร่วมสมัยที่ใช้งานได้จริงในชีวิตประจำวัน การเดินทาง และการทำงาน (Natural Spoken English),It's within walking distance.
842,Sentence (ประโยค),st_0378,How long does it take to walk there?,เดินไปที่นั่นใช้เวลานานแค่ไหน,เดินทาง สถานที่,RECOMMENDED,ประโยคสนทนาร่วมสมัยที่ใช้งานได้จริงในชีวิตประจำวัน การเดินทาง และการทำงาน (Natural Spoken English),How long does it take to walk there?
843,Sentence (ประโยค),st_0379,Is this the right way?,ทางนี้ถูกไหม,เดินทาง สถานที่,RECOMMENDED,ประโยคสนทนาร่วมสมัยที่ใช้งานได้จริงในชีวิตประจำวัน การเดินทาง และการทำงาน (Natural Spoken English),Is this the right way?
844,Sentence (ประโยค),st_0380,Let's go shopping.,ไปช้อปปิ้งกันเถอะ,ซื้อของ เงิน,RECOMMENDED,ประโยคสนทนาร่วมสมัยที่ใช้งานได้จริงในชีวิตประจำวัน การเดินทาง และการทำงาน (Natural Spoken English),Let's go shopping.
845,Sentence (ประโยค),st_0381,I need to buy some clothes.,ฉันต้องซื้อเสื้อผ้า,ซื้อของ เงิน,RECOMMENDED,ประโยคสนทนาร่วมสมัยที่ใช้งานได้จริงในชีวิตประจำวัน การเดินทาง และการทำงาน (Natural Spoken English),I need to buy some clothes.
846,Sentence (ประโยค),st_0382,The store opens at ten.,ร้านเปิดสิบโมง,ซื้อของ เงิน,RECOMMENDED,ประโยคสนทนาร่วมสมัยที่ใช้งานได้จริงในชีวิตประจำวัน การเดินทาง และการทำงาน (Natural Spoken English),The store opens at ten.
847,Sentence (ประโยค),st_0383,The store is closed today.,วันนี้ร้านปิด,ซื้อของ เงิน,RECOMMENDED,ประโยคสนทนาร่วมสมัยที่ใช้งานได้จริงในชีวิตประจำวัน การเดินทาง และการทำงาน (Natural Spoken English),The store is closed today.
848,Sentence (ประโยค),st_0384,What time does it close?,ปิดกี่โมง,ซื้อของ เงิน,RECOMMENDED,ประโยคสนทนาร่วมสมัยที่ใช้งานได้จริงในชีวิตประจำวัน การเดินทาง และการทำงาน (Natural Spoken English),What time does it close?
849,Sentence (ประโยค),st_0385,How much is this?,อันนี้เท่าไหร่,ซื้อของ เงิน,RECOMMENDED,ประโยคสนทนาร่วมสมัยที่ใช้งานได้จริงในชีวิตประจำวัน การเดินทาง และการทำงาน (Natural Spoken English),How much is this?
850,Sentence (ประโยค),st_0386,Is there a discount?,มีส่วนลดไหม,ซื้อของ เงิน,RECOMMENDED,ประโยคสนทนาร่วมสมัยที่ใช้งานได้จริงในชีวิตประจำวัน การเดินทาง และการทำงาน (Natural Spoken English),Is there a discount?
851,Sentence (ประโยค),st_0387,Is this on sale?,อันนี้ลดราคาไหม,ซื้อของ เงิน,RECOMMENDED,ประโยคสนทนาร่วมสมัยที่ใช้งานได้จริงในชีวิตประจำวัน การเดินทาง และการทำงาน (Natural Spoken English),Is this on sale?
852,Sentence (ประโยค),st_0388,It's a bit expensive.,แพงไปหน่อย,ซื้อของ เงิน,RECOMMENDED,ประโยคสนทนาร่วมสมัยที่ใช้งานได้จริงในชีวิตประจำวัน การเดินทาง และการทำงาน (Natural Spoken English),It's a bit expensive.
853,Sentence (ประโยค),st_0389,That's too expensive.,แพงเกินไป,ซื้อของ เงิน,RECOMMENDED,ประโยคสนทนาร่วมสมัยที่ใช้งานได้จริงในชีวิตประจำวัน การเดินทาง และการทำงาน (Natural Spoken English),That's too expensive.
854,Sentence (ประโยค),st_0390,Is there any wiggle room on the price?,พอจะลดหย่อนราคาลงได้อีกนิดไหมครับ/ค่ะ,ซื้อของ เงิน,RECOMMENDED,ประโยคสนทนาร่วมสมัยที่ใช้งานได้จริงในชีวิตประจำวัน การเดินทาง และการทำงาน (Natural Spoken English),Is there any wiggle room on the price?
855,Sentence (ประโยค),st_0391,Is that the lowest you can go?,นั่นคือลดได้สุดๆ เท่านี้แล้วใช่ไหม,ซื้อของ เงิน,RECOMMENDED,ประโยคสนทนาร่วมสมัยที่ใช้งานได้จริงในชีวิตประจำวัน การเดินทาง และการทำงาน (Natural Spoken English),Is that the lowest you can go?
856,Sentence (ประโยค),st_0392,I'll take it.,ฉันเอาอันนี้,ซื้อของ เงิน,RECOMMENDED,ประโยคสนทนาร่วมสมัยที่ใช้งานได้จริงในชีวิตประจำวัน การเดินทาง และการทำงาน (Natural Spoken English),I'll take it.
857,Sentence (ประโยค),st_0393,I'll take two.,ฉันเอาสองอัน,ซื้อของ เงิน,RECOMMENDED,ประโยคสนทนาร่วมสมัยที่ใช้งานได้จริงในชีวิตประจำวัน การเดินทาง และการทำงาน (Natural Spoken English),I'll take two.
858,Sentence (ประโยค),st_0394,Let me think about it.,ขอคิดดูก่อน,ซื้อของ เงิน,RECOMMENDED,ประโยคสนทนาร่วมสมัยที่ใช้งานได้จริงในชีวิตประจำวัน การเดินทาง และการทำงาน (Natural Spoken English),Let me think about it.
859,Sentence (ประโยค),st_0395,"I'm just looking, thanks.",แค่ดูเล่นๆ ขอบคุณ,ซื้อของ เงิน,RECOMMENDED,ประโยคสนทนาร่วมสมัยที่ใช้งานได้จริงในชีวิตประจำวัน การเดินทาง และการทำงาน (Natural Spoken English),"I'm just looking, thanks."
860,Sentence (ประโยค),st_0396,Can I try this on?,ลองตัวนี้ได้ไหม,ซื้อของ เงิน,RECOMMENDED,ประโยคสนทนาร่วมสมัยที่ใช้งานได้จริงในชีวิตประจำวัน การเดินทาง และการทำงาน (Natural Spoken English),Can I try this on?
861,Sentence (ประโยค),st_0397,Where is the fitting room?,ห้องลองเสื้ออยู่ที่ไหน,ซื้อของ เงิน,RECOMMENDED,ประโยคสนทนาร่วมสมัยที่ใช้งานได้จริงในชีวิตประจำวัน การเดินทาง และการทำงาน (Natural Spoken English),Where is the fitting room?
862,Sentence (ประโยค),st_0398,It fits me perfectly.,พอดีตัวมาก,ซื้อของ เงิน,RECOMMENDED,ประโยคสนทนาร่วมสมัยที่ใช้งานได้จริงในชีวิตประจำวัน การเดินทาง และการทำงาน (Natural Spoken English),It fits me perfectly.
863,Sentence (ประโยค),st_0399,It's too small for me.,เล็กไปสำหรับฉัน,ซื้อของ เงิน,RECOMMENDED,ประโยคสนทนาร่วมสมัยที่ใช้งานได้จริงในชีวิตประจำวัน การเดินทาง และการทำงาน (Natural Spoken English),It's too small for me.
864,Sentence (ประโยค),st_0400,Do you have a bigger size?,มีไซส์ใหญ่กว่านี้ไหม,ซื้อของ เงิน,RECOMMENDED,ประโยคสนทนาร่วมสมัยที่ใช้งานได้จริงในชีวิตประจำวัน การเดินทาง และการทำงาน (Natural Spoken English),Do you have a bigger size?
865,Sentence (ประโยค),st_0401,Do you have this in another color?,มีตัวนี้สีอื่นไหม,ซื้อของ เงิน,RECOMMENDED,ประโยคสนทนาร่วมสมัยที่ใช้งานได้จริงในชีวิตประจำวัน การเดินทาง และการทำงาน (Natural Spoken English),Do you have this in another color?
866,Sentence (ประโยค),st_0402,I like this one.,ฉันชอบอันนี้,ซื้อของ เงิน,RECOMMENDED,ประโยคสนทนาร่วมสมัยที่ใช้งานได้จริงในชีวิตประจำวัน การเดินทาง และการทำงาน (Natural Spoken English),I like this one.
867,Sentence (ประโยค),st_0403,This one is better.,อันนี้ดีกว่า,ซื้อของ เงิน,RECOMMENDED,ประโยคสนทนาร่วมสมัยที่ใช้งานได้จริงในชีวิตประจำวัน การเดินทาง และการทำงาน (Natural Spoken English),This one is better.
868,Sentence (ประโยค),st_0404,Do you have anything cheaper?,มีอันที่ถูกกว่านี้ไหม,ซื้อของ เงิน,RECOMMENDED,ประโยคสนทนาร่วมสมัยที่ใช้งานได้จริงในชีวิตประจำวัน การเดินทาง และการทำงาน (Natural Spoken English),Do you have anything cheaper?
869,Sentence (ประโยค),st_0405,Where is the cashier?,จุดชำระเงินอยู่ที่ไหน,ซื้อของ เงิน,RECOMMENDED,ประโยคสนทนาร่วมสมัยที่ใช้งานได้จริงในชีวิตประจำวัน การเดินทาง และการทำงาน (Natural Spoken English),Where is the cashier?
870,Sentence (ประโยค),st_0406,I'd like to pay.,ฉันขอจ่ายเงิน,ซื้อของ เงิน,RECOMMENDED,ประโยคสนทนาร่วมสมัยที่ใช้งานได้จริงในชีวิตประจำวัน การเดินทาง และการทำงาน (Natural Spoken English),I'd like to pay.
871,Sentence (ประโยค),st_0407,Can I pay by card?,จ่ายด้วยบัตรได้ไหม,ซื้อของ เงิน,RECOMMENDED,ประโยคสนทนาร่วมสมัยที่ใช้งานได้จริงในชีวิตประจำวัน การเดินทาง และการทำงาน (Natural Spoken English),Can I pay by card?
872,Sentence (ประโยค),st_0408,Do you accept cash?,รับเงินสดไหม,ซื้อของ เงิน,RECOMMENDED,ประโยคสนทนาร่วมสมัยที่ใช้งานได้จริงในชีวิตประจำวัน การเดินทาง และการทำงาน (Natural Spoken English),Do you accept cash?
873,Sentence (ประโยค),st_0409,I'll pay in cash.,ฉันจ่ายเป็นเงินสด,ซื้อของ เงิน,RECOMMENDED,ประโยคสนทนาร่วมสมัยที่ใช้งานได้จริงในชีวิตประจำวัน การเดินทาง และการทำงาน (Natural Spoken English),I'll pay in cash.
874,Sentence (ประโยค),st_0410,Could I get a receipt?,ขอบิลด้วยได้ไหม,ซื้อของ เงิน,RECOMMENDED,ประโยคสนทนาร่วมสมัยที่ใช้งานได้จริงในชีวิตประจำวัน การเดินทาง และการทำงาน (Natural Spoken English),Could I get a receipt?
875,Sentence (ประโยค),st_0411,Can I get a bag?,ขอถุงหน่อยได้ไหม,ซื้อของ เงิน,RECOMMENDED,ประโยคสนทนาร่วมสมัยที่ใช้งานได้จริงในชีวิตประจำวัน การเดินทาง และการทำงาน (Natural Spoken English),Can I get a bag?
876,Sentence (ประโยค),st_0412,This bag is too small.,ถุงนี้เล็กเกินไป,ซื้อของ เงิน,RECOMMENDED,ประโยคสนทนาร่วมสมัยที่ใช้งานได้จริงในชีวิตประจำวัน การเดินทาง และการทำงาน (Natural Spoken English),This bag is too small.
877,Sentence (ประโยค),st_0413,Can I return this?,คืนของได้ไหม,ซื้อของ เงิน,RECOMMENDED,ประโยคสนทนาร่วมสมัยที่ใช้งานได้จริงในชีวิตประจำวัน การเดินทาง และการทำงาน (Natural Spoken English),Can I return this?
878,Sentence (ประโยค),st_0414,I'd like a refund.,ฉันขอเงินคืน,ซื้อของ เงิน,RECOMMENDED,ประโยคสนทนาร่วมสมัยที่ใช้งานได้จริงในชีวิตประจำวัน การเดินทาง และการทำงาน (Natural Spoken English),I'd like a refund.
879,Sentence (ประโยค),st_0415,I need to exchange this.,ฉันต้องเปลี่ยนของ,ซื้อของ เงิน,RECOMMENDED,ประโยคสนทนาร่วมสมัยที่ใช้งานได้จริงในชีวิตประจำวัน การเดินทาง และการทำงาน (Natural Spoken English),I need to exchange this.
880,Sentence (ประโยค),st_0416,I have the receipt here.,ฉันมีใบเสร็จอยู่ที่นี่,ซื้อของ เงิน,RECOMMENDED,ประโยคสนทนาร่วมสมัยที่ใช้งานได้จริงในชีวิตประจำวัน การเดินทาง และการทำงาน (Natural Spoken English),I have the receipt here.
881,Sentence (ประโยค),st_0417,I lost the receipt.,ฉันทำใบเสร็จหาย,ซื้อของ เงิน,RECOMMENDED,ประโยคสนทนาร่วมสมัยที่ใช้งานได้จริงในชีวิตประจำวัน การเดินทาง และการทำงาน (Natural Spoken English),I lost the receipt.
882,Sentence (ประโยค),st_0418,Can I return it without a receipt?,คืนของโดยไม่มีใบเสร็จได้ไหม,ซื้อของ เงิน,RECOMMENDED,ประโยคสนทนาร่วมสมัยที่ใช้งานได้จริงในชีวิตประจำวัน การเดินทาง และการทำงาน (Natural Spoken English),Can I return it without a receipt?
883,Sentence (ประโยค),st_0419,This is defective.,อันนี้มีตำหนิ,ซื้อของ เงิน,RECOMMENDED,ประโยคสนทนาร่วมสมัยที่ใช้งานได้จริงในชีวิตประจำวัน การเดินทาง และการทำงาน (Natural Spoken English),This is defective.
884,Sentence (ประโยค),st_0420,It broke right away.,เพิ่งซื้อก็พังแล้ว,ซื้อของ เงิน,RECOMMENDED,ประโยคสนทนาร่วมสมัยที่ใช้งานได้จริงในชีวิตประจำวัน การเดินทาง และการทำงาน (Natural Spoken English),It broke right away.
885,Sentence (ประโยค),st_0421,Is there a warranty?,มีการรับประกันไหม,ซื้อของ เงิน,RECOMMENDED,ประโยคสนทนาร่วมสมัยที่ใช้งานได้จริงในชีวิตประจำวัน การเดินทาง และการทำงาน (Natural Spoken English),Is there a warranty?
886,Sentence (ประโยค),st_0422,The warranty covers this.,การรับประกันครอบคลุมกรณีนี้,ซื้อของ เงิน,RECOMMENDED,ประโยคสนทนาร่วมสมัยที่ใช้งานได้จริงในชีวิตประจำวัน การเดินทาง และการทำงาน (Natural Spoken English),The warranty covers this.
887,Sentence (ประโยค),st_0423,Where is the customer service?,จุดบริการลูกค้าอยู่ที่ไหน,ซื้อของ เงิน,RECOMMENDED,ประโยคสนทนาร่วมสมัยที่ใช้งานได้จริงในชีวิตประจำวัน การเดินทาง และการทำงาน (Natural Spoken English),Where is the customer service?
888,Sentence (ประโยค),st_0424,I'd like to speak to the manager.,ฉันอยากคุยกับผู้จัดการ,ซื้อของ เงิน,RECOMMENDED,ประโยคสนทนาร่วมสมัยที่ใช้งานได้จริงในชีวิตประจำวัน การเดินทาง และการทำงาน (Natural Spoken English),I'd like to speak to the manager.
889,Sentence (ประโยค),st_0425,This isn't what I ordered.,นี่ไม่ใช่ที่ฉันสั่ง,ซื้อของ เงิน,RECOMMENDED,ประโยคสนทนาร่วมสมัยที่ใช้งานได้จริงในชีวิตประจำวัน การเดินทาง และการทำงาน (Natural Spoken English),This isn't what I ordered.
890,Sentence (ประโยค),st_0426,The size is wrong.,ไซส์ผิด,ซื้อของ เงิน,RECOMMENDED,ประโยคสนทนาร่วมสมัยที่ใช้งานได้จริงในชีวิตประจำวัน การเดินทาง และการทำงาน (Natural Spoken English),The size is wrong.
891,Sentence (ประโยค),st_0427,I'll come back tomorrow.,พรุ่งนี้ฉันจะกลับมาใหม่,ซื้อของ เงิน,RECOMMENDED,ประโยคสนทนาร่วมสมัยที่ใช้งานได้จริงในชีวิตประจำวัน การเดินทาง และการทำงาน (Natural Spoken English),I'll come back tomorrow.
892,Sentence (ประโยค),st_0428,Can you hold this for me?,ช่วยเก็บไว้ให้ฉันได้ไหม,ซื้อของ เงิน,RECOMMENDED,ประโยคสนทนาร่วมสมัยที่ใช้งานได้จริงในชีวิตประจำวัน การเดินทาง และการทำงาน (Natural Spoken English),Can you hold this for me?
893,Sentence (ประโยค),st_0429,I'm ready to check out everything in my cart.,ฉันพร้อมจะชำระเงินสินค้าทั้งหมดในตะกร้าแล้ว,ซื้อของ เงิน,RECOMMENDED,ประโยคสนทนาร่วมสมัยที่ใช้งานได้จริงในชีวิตประจำวัน การเดินทาง และการทำงาน (Natural Spoken English),I'm ready to check out everything in my cart.
894,Sentence (ประโยค),st_0430,I have to go to work.,ฉันต้องไปทำงาน,ทำงาน การเรียน,RECOMMENDED,ประโยคสนทนาร่วมสมัยที่ใช้งานได้จริงในชีวิตประจำวัน การเดินทาง และการทำงาน (Natural Spoken English),I have to go to work.
895,Sentence (ประโยค),st_0431,I'm going to the office.,ฉันกำลังไปออฟฟิศ,ทำงาน การเรียน,RECOMMENDED,ประโยคสนทนาร่วมสมัยที่ใช้งานได้จริงในชีวิตประจำวัน การเดินทาง และการทำงาน (Natural Spoken English),I'm going to the office.
896,Sentence (ประโยค),st_0432,I work from home.,ฉันทำงานที่บ้าน,ทำงาน การเรียน,RECOMMENDED,ประโยคสนทนาร่วมสมัยที่ใช้งานได้จริงในชีวิตประจำวัน การเดินทาง และการทำงาน (Natural Spoken English),I work from home.
897,Sentence (ประโยค),st_0433,I have a meeting now.,ฉันมีประชุมตอนนี้,ทำงาน การเรียน,RECOMMENDED,ประโยคสนทนาร่วมสมัยที่ใช้งานได้จริงในชีวิตประจำวัน การเดินทาง และการทำงาน (Natural Spoken English),I have a meeting now.
898,Sentence (ประโยค),st_0434,The meeting starts at ten.,ประชุมเริ่มสิบโมง,ทำงาน การเรียน,RECOMMENDED,ประโยคสนทนาร่วมสมัยที่ใช้งานได้จริงในชีวิตประจำวัน การเดินทาง และการทำงาน (Natural Spoken English),The meeting starts at ten.
899,Sentence (ประโยค),st_0435,The meeting has been rescheduled.,เลื่อนประชุมแล้ว,ทำงาน การเรียน,RECOMMENDED,ประโยคสนทนาร่วมสมัยที่ใช้งานได้จริงในชีวิตประจำวัน การเดินทาง และการทำงาน (Natural Spoken English),The meeting has been rescheduled.
900,Sentence (ประโยค),st_0436,Can we reschedule the meeting?,เลื่อนประชุมได้ไหม,ทำงาน การเรียน,RECOMMENDED,ประโยคสนทนาร่วมสมัยที่ใช้งานได้จริงในชีวิตประจำวัน การเดินทาง และการทำงาน (Natural Spoken English),Can we reschedule the meeting?
901,Sentence (ประโยค),st_0437,I'm running late for the meeting.,ฉันจะไปประชุมสาย,ทำงาน การเรียน,RECOMMENDED,ประโยคสนทนาร่วมสมัยที่ใช้งานได้จริงในชีวิตประจำวัน การเดินทาง และการทำงาน (Natural Spoken English),I'm running late for the meeting.
902,Sentence (ประโยค),st_0438,Let's begin the meeting.,เริ่มประชุมกันเลย,ทำงาน การเรียน,RECOMMENDED,ประโยคสนทนาร่วมสมัยที่ใช้งานได้จริงในชีวิตประจำวัน การเดินทาง และการทำงาน (Natural Spoken English),Let's begin the meeting.
903,Sentence (ประโยค),st_0439,Let's get down to business.,เข้าสู่เรื่องงานกันเลย,ทำงาน การเรียน,RECOMMENDED,ประโยคสนทนาร่วมสมัยที่ใช้งานได้จริงในชีวิตประจำวัน การเดินทาง และการทำงาน (Natural Spoken English),Let's get down to business.
904,Sentence (ประโยค),st_0440,I'll take the meeting minutes today.,วันนี้ฉันจะช่วยจดบันทึกการประชุมให้นะ,ทำงาน การเรียน,RECOMMENDED,ประโยคสนทนาร่วมสมัยที่ใช้งานได้จริงในชีวิตประจำวัน การเดินทาง และการทำงาน (Natural Spoken English),I'll take the meeting minutes today.
905,Sentence (ประโยค),st_0441,Did everyone get the agenda?,ทุกคนได้รับวาระการประชุมหรือยัง,ทำงาน การเรียน,RECOMMENDED,ประโยคสนทนาร่วมสมัยที่ใช้งานได้จริงในชีวิตประจำวัน การเดินทาง และการทำงาน (Natural Spoken English),Did everyone get the agenda?
906,Sentence (ประโยค),st_0442,Let's go over the schedule.,มาดูตารางเวลากัน,ทำงาน การเรียน,RECOMMENDED,ประโยคสนทนาร่วมสมัยที่ใช้งานได้จริงในชีวิตประจำวัน การเดินทาง และการทำงาน (Natural Spoken English),Let's go over the schedule.
907,Sentence (ประโยค),st_0443,We need to finish by Friday.,เราต้องทำให้เสร็จภายในวันศุกร์,ทำงาน การเรียน,RECOMMENDED,ประโยคสนทนาร่วมสมัยที่ใช้งานได้จริงในชีวิตประจำวัน การเดินทาง และการทำงาน (Natural Spoken English),We need to finish by Friday.
908,Sentence (ประโยค),st_0444,The deadline is tomorrow.,กำหนดส่งคือพรุ่งนี้,ทำงาน การเรียน,RECOMMENDED,ประโยคสนทนาร่วมสมัยที่ใช้งานได้จริงในชีวิตประจำวัน การเดินทาง และการทำงาน (Natural Spoken English),The deadline is tomorrow.
909,Sentence (ประโยค),st_0445,Can we extend the deadline?,ขยายกำหนดเวลาได้ไหม,ทำงาน การเรียน,RECOMMENDED,ประโยคสนทนาร่วมสมัยที่ใช้งานได้จริงในชีวิตประจำวัน การเดินทาง และการทำงาน (Natural Spoken English),Can we extend the deadline?
910,Sentence (ประโยค),st_0446,I'll work on it today.,วันนี้ฉันจะทำเรื่องนี้,ทำงาน การเรียน,RECOMMENDED,ประโยคสนทนาร่วมสมัยที่ใช้งานได้จริงในชีวิตประจำวัน การเดินทาง และการทำงาน (Natural Spoken English),I'll work on it today.
911,Sentence (ประโยค),st_0447,I'm almost done with the report.,ฉันเกือบทำรายงานเสร็จแล้ว,ทำงาน การเรียน,RECOMMENDED,ประโยคสนทนาร่วมสมัยที่ใช้งานได้จริงในชีวิตประจำวัน การเดินทาง และการทำงาน (Natural Spoken English),I'm almost done with the report.
912,Sentence (ประโยค),st_0448,Let me send you the file.,ฉันส่งไฟล์ให้คุณ,ทำงาน การเรียน,RECOMMENDED,ประโยคสนทนาร่วมสมัยที่ใช้งานได้จริงในชีวิตประจำวัน การเดินทาง และการทำงาน (Natural Spoken English),Let me send you the file.
913,Sentence (ประโยค),st_0449,Did you get a chance to see my email?,ได้มีโอกาสดูอีเมลของฉันหรือยังครับ/ค่ะ,ทำงาน การเรียน,RECOMMENDED,ประโยคสนทนาร่วมสมัยที่ใช้งานได้จริงในชีวิตประจำวัน การเดินทาง และการทำงาน (Natural Spoken English),Did you get a chance to see my email?
914,Sentence (ประโยค),st_0450,I'll shoot you an email with the details.,เดี๋ยวฉันส่งอีเมลบอกรายละเอียดให้นะ,ทำงาน การเรียน,RECOMMENDED,ประโยคสนทนาร่วมสมัยที่ใช้งานได้จริงในชีวิตประจำวัน การเดินทาง และการทำงาน (Natural Spoken English),I'll shoot you an email with the details.
915,Sentence (ประโยค),st_0451,Please reply as soon as possible.,กรุณาตอบกลับโดยเร็ว,ทำงาน การเรียน,RECOMMENDED,ประโยคสนทนาร่วมสมัยที่ใช้งานได้จริงในชีวิตประจำวัน การเดินทาง และการทำงาน (Natural Spoken English),Please reply as soon as possible.
916,Sentence (ประโยค),st_0452,Check your inbox.,เช็คกล่องจดหมายของคุณ,ทำงาน การเรียน,RECOMMENDED,ประโยคสนทนาร่วมสมัยที่ใช้งานได้จริงในชีวิตประจำวัน การเดินทาง และการทำงาน (Natural Spoken English),Check your inbox.
917,Sentence (ประโยค),st_0453,I haven't checked my email yet.,ฉันยังไม่ได้เช็คอีเมล,ทำงาน การเรียน,RECOMMENDED,ประโยคสนทนาร่วมสมัยที่ใช้งานได้จริงในชีวิตประจำวัน การเดินทาง และการทำงาน (Natural Spoken English),I haven't checked my email yet.
918,Sentence (ประโยค),st_0454,Who's in charge here?,ใครเป็นคนดูแลที่นี่,ทำงาน การเรียน,RECOMMENDED,ประโยคสนทนาร่วมสมัยที่ใช้งานได้จริงในชีวิตประจำวัน การเดินทาง และการทำงาน (Natural Spoken English),Who's in charge here?
919,Sentence (ประโยค),st_0455,I'll talk to my supervisor.,ฉันจะคุยกับหัวหน้า,ทำงาน การเรียน,RECOMMENDED,ประโยคสนทนาร่วมสมัยที่ใช้งานได้จริงในชีวิตประจำวัน การเดินทาง และการทำงาน (Natural Spoken English),I'll talk to my supervisor.
920,Sentence (ประโยค),st_0456,I report to the manager.,ฉันรายงานตรงต่อผู้จัดการ,ทำงาน การเรียน,RECOMMENDED,ประโยคสนทนาร่วมสมัยที่ใช้งานได้จริงในชีวิตประจำวัน การเดินทาง และการทำงาน (Natural Spoken English),I report to the manager.
921,Sentence (ประโยค),st_0457,Let me ask my boss.,ขอถามเจ้านายก่อน,ทำงาน การเรียน,RECOMMENDED,ประโยคสนทนาร่วมสมัยที่ใช้งานได้จริงในชีวิตประจำวัน การเดินทาง และการทำงาน (Natural Spoken English),Let me ask my boss.
922,Sentence (ประโยค),st_0458,I'll confirm with my team.,ฉันจะยืนยันกับทีมก่อน,ทำงาน การเรียน,RECOMMENDED,ประโยคสนทนาร่วมสมัยที่ใช้งานได้จริงในชีวิตประจำวัน การเดินทาง และการทำงาน (Natural Spoken English),I'll confirm with my team.
923,Sentence (ประโยค),st_0459,We're working on it.,เรากำลังทำอยู่,ทำงาน การเรียน,RECOMMENDED,ประโยคสนทนาร่วมสมัยที่ใช้งานได้จริงในชีวิตประจำวัน การเดินทาง และการทำงาน (Natural Spoken English),We're working on it.
924,Sentence (ประโยค),st_0460,The project is on track.,โปรเจกต์เป็นไปตามแผน,ทำงาน การเรียน,RECOMMENDED,ประโยคสนทนาร่วมสมัยที่ใช้งานได้จริงในชีวิตประจำวัน การเดินทาง และการทำงาน (Natural Spoken English),The project is on track.
925,Sentence (ประโยค),st_0461,We're behind schedule.,เราช้ากว่าแผน,ทำงาน การเรียน,RECOMMENDED,ประโยคสนทนาร่วมสมัยที่ใช้งานได้จริงในชีวิตประจำวัน การเดินทาง และการทำงาน (Natural Spoken English),We're behind schedule.
926,Sentence (ประโยค),st_0462,We need more time.,เราต้องใช้เวลามากกว่านี้,ทำงาน การเรียน,RECOMMENDED,ประโยคสนทนาร่วมสมัยที่ใช้งานได้จริงในชีวิตประจำวัน การเดินทาง และการทำงาน (Natural Spoken English),We need more time.
927,Sentence (ประโยค),st_0463,It will take a few days.,ต้องใช้เวลาอีกสองสามวัน,ทำงาน การเรียน,RECOMMENDED,ประโยคสนทนาร่วมสมัยที่ใช้งานได้จริงในชีวิตประจำวัน การเดินทาง และการทำงาน (Natural Spoken English),It will take a few days.
928,Sentence (ประโยค),st_0464,I need a day off.,ฉันขอลาหยุดหนึ่งวัน,ทำงาน การเรียน,RECOMMENDED,ประโยคสนทนาร่วมสมัยที่ใช้งานได้จริงในชีวิตประจำวัน การเดินทาง และการทำงาน (Natural Spoken English),I need a day off.
929,Sentence (ประโยค),st_0465,I'm taking a sick day.,ฉันขอลาป่วย,ทำงาน การเรียน,RECOMMENDED,ประโยคสนทนาร่วมสมัยที่ใช้งานได้จริงในชีวิตประจำวัน การเดินทาง และการทำงาน (Natural Spoken English),I'm taking a sick day.
930,Sentence (ประโยค),st_0466,I don't feel well today.,วันนี้ฉันไม่สบาย,ทำงาน การเรียน,RECOMMENDED,ประโยคสนทนาร่วมสมัยที่ใช้งานได้จริงในชีวิตประจำวัน การเดินทาง และการทำงาน (Natural Spoken English),I don't feel well today.
931,Sentence (ประโยค),st_0467,I feel much better now.,ตอนนี้รู้สึกดีขึ้นมากแล้ว,ทำงาน การเรียน,RECOMMENDED,ประโยคสนทนาร่วมสมัยที่ใช้งานได้จริงในชีวิตประจำวัน การเดินทาง และการทำงาน (Natural Spoken English),I feel much better now.
932,Sentence (ประโยค),st_0468,I'm going on vacation next week.,อาทิตย์หน้าฉันจะไปพักร้อน,ทำงาน การเรียน,RECOMMENDED,ประโยคสนทนาร่วมสมัยที่ใช้งานได้จริงในชีวิตประจำวัน การเดินทาง และการทำงาน (Natural Spoken English),I'm going on vacation next week.
933,Sentence (ประโยค),st_0469,Who's covering for you?,ใครดูแลงานแทนคุณ,ทำงาน การเรียน,RECOMMENDED,ประโยคสนทนาร่วมสมัยที่ใช้งานได้จริงในชีวิตประจำวัน การเดินทาง และการทำงาน (Natural Spoken English),Who's covering for you?
934,Sentence (ประโยค),st_0470,Can you work overtime?,ทำงานล่วงเวลาได้ไหม,ทำงาน การเรียน,RECOMMENDED,ประโยคสนทนาร่วมสมัยที่ใช้งานได้จริงในชีวิตประจำวัน การเดินทาง และการทำงาน (Natural Spoken English),Can you work overtime?
935,Sentence (ประโยค),st_0471,I'll cover for you.,ฉันช่วยรับช่วงงานให้,ทำงาน การเรียน,RECOMMENDED,ประโยคสนทนาร่วมสมัยที่ใช้งานได้จริงในชีวิตประจำวัน การเดินทาง และการทำงาน (Natural Spoken English),I'll cover for you.
936,Sentence (ประโยค),st_0472,Let's divide the work.,แบ่งงานกันเถอะ,ทำงาน การเรียน,RECOMMENDED,ประโยคสนทนาร่วมสมัยที่ใช้งานได้จริงในชีวิตประจำวัน การเดินทาง และการทำงาน (Natural Spoken English),Let's divide the work.
937,Sentence (ประโยค),st_0473,That's not my job.,นั่นไม่ใช่งานของฉัน,ทำงาน การเรียน,RECOMMENDED,ประโยคสนทนาร่วมสมัยที่ใช้งานได้จริงในชีวิตประจำวัน การเดินทาง และการทำงาน (Natural Spoken English),That's not my job.
938,Sentence (ประโยค),st_0474,I'll handle it.,ฉันจะจัดการเอง,ทำงาน การเรียน,RECOMMENDED,ประโยคสนทนาร่วมสมัยที่ใช้งานได้จริงในชีวิตประจำวัน การเดินทาง และการทำงาน (Natural Spoken English),I'll handle it.
939,Sentence (ประโยค),st_0475,Can you handle this task?,จัดการงานนี้ได้ไหม,ทำงาน การเรียน,RECOMMENDED,ประโยคสนทนาร่วมสมัยที่ใช้งานได้จริงในชีวิตประจำวัน การเดินทาง และการทำงาน (Natural Spoken English),Can you handle this task?
940,Sentence (ประโยค),st_0476,I'll do my best.,ฉันจะทำให้ดีที่สุด,ทำงาน การเรียน,RECOMMENDED,ประโยคสนทนาร่วมสมัยที่ใช้งานได้จริงในชีวิตประจำวัน การเดินทาง และการทำงาน (Natural Spoken English),I'll do my best.
941,Sentence (ประโยค),st_0477,We did a great job.,เราทำได้ดีมาก,ทำงาน การเรียน,RECOMMENDED,ประโยคสนทนาร่วมสมัยที่ใช้งานได้จริงในชีวิตประจำวัน การเดินทาง และการทำงาน (Natural Spoken English),We did a great job.
942,Sentence (ประโยค),st_0478,Great work everyone.,ทุกคนทำงานได้ดีมาก,ทำงาน การเรียน,RECOMMENDED,ประโยคสนทนาร่วมสมัยที่ใช้งานได้จริงในชีวิตประจำวัน การเดินทาง และการทำงาน (Natural Spoken English),Great work everyone.
943,Sentence (ประโยค),st_0479,Well done!,ทำได้ดีมาก,ทำงาน การเรียน,RECOMMENDED,ประโยคสนทนาร่วมสมัยที่ใช้งานได้จริงในชีวิตประจำวัน การเดินทาง และการทำงาน (Natural Spoken English),Well done!
944,Sentence (ประโยค),st_0480,Keep up the good work.,ทำต่อไปนะ ทำได้ดี,ทำงาน การเรียน,RECOMMENDED,ประโยคสนทนาร่วมสมัยที่ใช้งานได้จริงในชีวิตประจำวัน การเดินทาง และการทำงาน (Natural Spoken English),Keep up the good work.
945,Sentence (ประโยค),st_0481,You deserve a raise.,คุณสมควรได้ขึ้นเงินเดือน,ทำงาน การเรียน,RECOMMENDED,ประโยคสนทนาร่วมสมัยที่ใช้งานได้จริงในชีวิตประจำวัน การเดินทาง และการทำงาน (Natural Spoken English),You deserve a raise.
946,Sentence (ประโยค),st_0482,I'd like a promotion.,ฉันอยากได้เลื่อนตำแหน่ง,ทำงาน การเรียน,RECOMMENDED,ประโยคสนทนาร่วมสมัยที่ใช้งานได้จริงในชีวิตประจำวัน การเดินทาง และการทำงาน (Natural Spoken English),I'd like a promotion.
947,Sentence (ประโยค),st_0483,I'm looking for a job.,ฉันกำลังหางาน,ทำงาน การเรียน,RECOMMENDED,ประโยคสนทนาร่วมสมัยที่ใช้งานได้จริงในชีวิตประจำวัน การเดินทาง และการทำงาน (Natural Spoken English),I'm looking for a job.
948,Sentence (ประโยค),st_0484,I got a new job.,ฉันได้งานใหม่,ทำงาน การเรียน,RECOMMENDED,ประโยคสนทนาร่วมสมัยที่ใช้งานได้จริงในชีวิตประจำวัน การเดินทาง และการทำงาน (Natural Spoken English),I got a new job.
949,Sentence (ประโยค),st_0485,I had a job interview today.,วันนี้ฉันมีสัมภาษณ์งาน,ทำงาน การเรียน,RECOMMENDED,ประโยคสนทนาร่วมสมัยที่ใช้งานได้จริงในชีวิตประจำวัน การเดินทาง และการทำงาน (Natural Spoken English),I had a job interview today.
950,Sentence (ประโยค),st_0486,The interview went well.,สัมภาษณ์ผ่านไปด้วยดี,ทำงาน การเรียน,RECOMMENDED,ประโยคสนทนาร่วมสมัยที่ใช้งานได้จริงในชีวิตประจำวัน การเดินทาง และการทำงาน (Natural Spoken English),The interview went well.
951,Sentence (ประโยค),st_0487,I quit my job.,ฉันลาออกจากงาน,ทำงาน การเรียน,RECOMMENDED,ประโยคสนทนาร่วมสมัยที่ใช้งานได้จริงในชีวิตประจำวัน การเดินทาง และการทำงาน (Natural Spoken English),I quit my job.
952,Sentence (ประโยค),st_0488,He was laid off due to company restructuring.,เขาถูกเลิกจ้างเนื่องจากการปรับโครงสร้างบริษัท,ทำงาน การเรียน,RECOMMENDED,ประโยคสนทนาร่วมสมัยที่ใช้งานได้จริงในชีวิตประจำวัน การเดินทาง และการทำงาน (Natural Spoken English),He was laid off due to company restructuring.
953,Sentence (ประโยค),st_0489,She resigned last month.,เธอลาออกเมื่อเดือนที่แล้ว,ทำงาน การเรียน,RECOMMENDED,ประโยคสนทนาร่วมสมัยที่ใช้งานได้จริงในชีวิตประจำวัน การเดินทาง และการทำงาน (Natural Spoken English),She resigned last month.
954,Sentence (ประโยค),st_0490,We're hiring new staff.,เรากำลังรับคนใหม่,ทำงาน การเรียน,RECOMMENDED,ประโยคสนทนาร่วมสมัยที่ใช้งานได้จริงในชีวิตประจำวัน การเดินทาง และการทำงาน (Natural Spoken English),We're hiring new staff.
955,Sentence (ประโยค),st_0491,What position are you applying for?,คุณสมัครตำแหน่งอะไร,ทำงาน การเรียน,RECOMMENDED,ประโยคสนทนาร่วมสมัยที่ใช้งานได้จริงในชีวิตประจำวัน การเดินทาง และการทำงาน (Natural Spoken English),What position are you applying for?
956,Sentence (ประโยค),st_0492,I'm a software developer.,ฉันเป็นนักพัฒนาซอฟต์แวร์,ทำงาน การเรียน,RECOMMENDED,ประโยคสนทนาร่วมสมัยที่ใช้งานได้จริงในชีวิตประจำวัน การเดินทาง และการทำงาน (Natural Spoken English),I'm a software developer.
957,Sentence (ประโยค),st_0493,I work in marketing.,ฉันทำงานสายการตลาด,ทำงาน การเรียน,RECOMMENDED,ประโยคสนทนาร่วมสมัยที่ใช้งานได้จริงในชีวิตประจำวัน การเดินทาง และการทำงาน (Natural Spoken English),I work in marketing.
958,Sentence (ประโยค),st_0494,I work in sales.,ฉันทำงานสายขาย,ทำงาน การเรียน,RECOMMENDED,ประโยคสนทนาร่วมสมัยที่ใช้งานได้จริงในชีวิตประจำวัน การเดินทาง และการทำงาน (Natural Spoken English),I work in sales.
959,Sentence (ประโยค),st_0495,I'm self-employed.,ฉันทำธุรกิจส่วนตัว,ทำงาน การเรียน,RECOMMENDED,ประโยคสนทนาร่วมสมัยที่ใช้งานได้จริงในชีวิตประจำวัน การเดินทาง และการทำงาน (Natural Spoken English),I'm self-employed.
960,Sentence (ประโยค),st_0496,I'm looking for a new opportunity.,ฉันกำลังหาโอกาสใหม่,ทำงาน การเรียน,RECOMMENDED,ประโยคสนทนาร่วมสมัยที่ใช้งานได้จริงในชีวิตประจำวัน การเดินทาง และการทำงาน (Natural Spoken English),I'm looking for a new opportunity.
961,Sentence (ประโยค),st_0497,I'm currently working on my bachelor's degree.,ตอนนี้ฉันกำลังเรียนปริญญาตรีอยู่,การเรียน การศึกษา,RECOMMENDED,ประโยคสนทนาร่วมสมัยที่ใช้งานได้จริงในชีวิตประจำวัน การเดินทาง และการทำงาน (Natural Spoken English),I'm currently working on my bachelor's degree.
962,Sentence (ประโยค),st_0498,I go to university.,ฉันเรียนมหาวิทยาลัย,การเรียน การศึกษา,RECOMMENDED,ประโยคสนทนาร่วมสมัยที่ใช้งานได้จริงในชีวิตประจำวัน การเดินทาง และการทำงาน (Natural Spoken English),I go to university.
963,Sentence (ประโยค),st_0499,What are you studying?,คุณเรียนอะไรอยู่,การเรียน การศึกษา,RECOMMENDED,ประโยคสนทนาร่วมสมัยที่ใช้งานได้จริงในชีวิตประจำวัน การเดินทาง และการทำงาน (Natural Spoken English),What are you studying?
964,Sentence (ประโยค),st_0500,I'm studying English.,ฉันเรียนภาษาอังกฤษ,การเรียน การศึกษา,RECOMMENDED,ประโยคสนทนาร่วมสมัยที่ใช้งานได้จริงในชีวิตประจำวัน การเดินทาง และการทำงาน (Natural Spoken English),I'm studying English.
965,Sentence (ประโยค),st_0501,My major is engineering.,ฉันเรียนวิศวกรรมศาสตร์,การเรียน การศึกษา,RECOMMENDED,ประโยคสนทนาร่วมสมัยที่ใช้งานได้จริงในชีวิตประจำวัน การเดินทาง และการทำงาน (Natural Spoken English),My major is engineering.
966,Sentence (ประโยค),st_0502,What's your major?,วิชาเอกของคุณคืออะไร,การเรียน การศึกษา,RECOMMENDED,ประโยคสนทนาร่วมสมัยที่ใช้งานได้จริงในชีวิตประจำวัน การเดินทาง และการทำงาน (Natural Spoken English),What's your major?
967,Sentence (ประโยค),st_0503,I'm in my third year.,ฉันอยู่ปีสาม,การเรียน การศึกษา,RECOMMENDED,ประโยคสนทนาร่วมสมัยที่ใช้งานได้จริงในชีวิตประจำวัน การเดินทาง และการทำงาน (Natural Spoken English),I'm in my third year.
968,Sentence (ประโยค),st_0504,I'm about to graduate.,ฉันกำลังจะจบการศึกษา,การเรียน การศึกษา,RECOMMENDED,ประโยคสนทนาร่วมสมัยที่ใช้งานได้จริงในชีวิตประจำวัน การเดินทาง และการทำงาน (Natural Spoken English),I'm about to graduate.
969,Sentence (ประโยค),st_0505,When is the exam?,สอบเมื่อไหร่,การเรียน การศึกษา,RECOMMENDED,ประโยคสนทนาร่วมสมัยที่ใช้งานได้จริงในชีวิตประจำวัน การเดินทาง และการทำงาน (Natural Spoken English),When is the exam?
970,Sentence (ประโยค),st_0506,I have an exam tomorrow.,พรุ่งนี้ฉันมีสอบ,การเรียน การศึกษา,RECOMMENDED,ประโยคสนทนาร่วมสมัยที่ใช้งานได้จริงในชีวิตประจำวัน การเดินทาง และการทำงาน (Natural Spoken English),I have an exam tomorrow.
971,Sentence (ประโยค),st_0507,I need to study hard.,ฉันต้องขยันเรียน,การเรียน การศึกษา,RECOMMENDED,ประโยคสนทนาร่วมสมัยที่ใช้งานได้จริงในชีวิตประจำวัน การเดินทาง และการทำงาน (Natural Spoken English),I need to study hard.
972,Sentence (ประโยค),st_0508,I studied all night.,ฉันอ่านหนังสือทั้งคืน,การเรียน การศึกษา,RECOMMENDED,ประโยคสนทนาร่วมสมัยที่ใช้งานได้จริงในชีวิตประจำวัน การเดินทาง และการทำงาน (Natural Spoken English),I studied all night.
973,Sentence (ประโยค),st_0509,Did you do your homework?,ทำการบ้านหรือยัง,การเรียน การศึกษา,RECOMMENDED,ประโยคสนทนาร่วมสมัยที่ใช้งานได้จริงในชีวิตประจำวัน การเดินทาง และการทำงาน (Natural Spoken English),Did you do your homework?
974,Sentence (ประโยค),st_0510,I haven't done my homework yet.,ฉันยังไม่ได้ทำการบ้าน,การเรียน การศึกษา,RECOMMENDED,ประโยคสนทนาร่วมสมัยที่ใช้งานได้จริงในชีวิตประจำวัน การเดินทาง และการทำงาน (Natural Spoken English),I haven't done my homework yet.
975,Sentence (ประโยค),st_0511,The homework is due on Friday.,การบ้านส่งวันศุกร์,การเรียน การศึกษา,RECOMMENDED,ประโยคสนทนาร่วมสมัยที่ใช้งานได้จริงในชีวิตประจำวัน การเดินทาง และการทำงาน (Natural Spoken English),The homework is due on Friday.
976,Sentence (ประโยค),st_0512,Can you help me with this problem?,ช่วยฉันทำข้อนี้หน่อยได้ไหม,การเรียน การศึกษา,RECOMMENDED,ประโยคสนทนาร่วมสมัยที่ใช้งานได้จริงในชีวิตประจำวัน การเดินทาง และการทำงาน (Natural Spoken English),Can you help me with this problem?
977,Sentence (ประโยค),st_0513,I don't understand this question.,ฉันไม่เข้าใจคำถามนี้,การเรียน การศึกษา,RECOMMENDED,ประโยคสนทนาร่วมสมัยที่ใช้งานได้จริงในชีวิตประจำวัน การเดินทาง และการทำงาน (Natural Spoken English),I don't understand this question.
978,Sentence (ประโยค),st_0514,Could you explain it again?,ช่วยอธิบายอีกครั้งได้ไหม,การเรียน การศึกษา,RECOMMENDED,ประโยคสนทนาร่วมสมัยที่ใช้งานได้จริงในชีวิตประจำวัน การเดินทาง และการทำงาน (Natural Spoken English),Could you explain it again?
979,Sentence (ประโยค),st_0515,I need more explanation.,ฉันต้องการคำอธิบายเพิ่ม,การเรียน การศึกษา,RECOMMENDED,ประโยคสนทนาร่วมสมัยที่ใช้งานได้จริงในชีวิตประจำวัน การเดินทาง และการทำงาน (Natural Spoken English),I need more explanation.
980,Sentence (ประโยค),st_0516,Can you give me an example?,ยกตัวอย่างให้หน่อยได้ไหม,การเรียน การศึกษา,RECOMMENDED,ประโยคสนทนาร่วมสมัยที่ใช้งานได้จริงในชีวิตประจำวัน การเดินทาง และการทำงาน (Natural Spoken English),Can you give me an example?
981,Sentence (ประโยค),st_0517,I get it now.,ตอนนี้ฉันเข้าใจแล้ว,การเรียน การศึกษา,RECOMMENDED,ประโยคสนทนาร่วมสมัยที่ใช้งานได้จริงในชีวิตประจำวัน การเดินทาง และการทำงาน (Natural Spoken English),I get it now.
982,Sentence (ประโยค),st_0518,I don't get it.,ฉันไม่เข้าใจ,การเรียน การศึกษา,RECOMMENDED,ประโยคสนทนาร่วมสมัยที่ใช้งานได้จริงในชีวิตประจำวัน การเดินทาง และการทำงาน (Natural Spoken English),I don't get it.
983,Sentence (ประโยค),st_0519,Let me think for a moment.,ขอคิดแป๊บนึง,การเรียน การศึกษา,RECOMMENDED,ประโยคสนทนาร่วมสมัยที่ใช้งานได้จริงในชีวิตประจำวัน การเดินทาง และการทำงาน (Natural Spoken English),Let me think for a moment.
984,Sentence (ประโยค),st_0520,What does this word mean?,คำนี้หมายความว่าอะไร,การเรียน การศึกษา,RECOMMENDED,ประโยคสนทนาร่วมสมัยที่ใช้งานได้จริงในชีวิตประจำวัน การเดินทาง และการทำงาน (Natural Spoken English),What does this word mean?
985,Sentence (ประโยค),st_0521,How do you spell that?,สะกดยังไง,การเรียน การศึกษา,RECOMMENDED,ประโยคสนทนาร่วมสมัยที่ใช้งานได้จริงในชีวิตประจำวัน การเดินทาง และการทำงาน (Natural Spoken English),How do you spell that?
986,Sentence (ประโยค),st_0522,How do you pronounce this?,ออกเสียงยังไง,การเรียน การศึกษา,RECOMMENDED,ประโยคสนทนาร่วมสมัยที่ใช้งานได้จริงในชีวิตประจำวัน การเดินทาง และการทำงาน (Natural Spoken English),How do you pronounce this?
987,Sentence (ประโยค),st_0523,Please repeat after me.,พูดตามฉันที,การเรียน การศึกษา,RECOMMENDED,ประโยคสนทนาร่วมสมัยที่ใช้งานได้จริงในชีวิตประจำวัน การเดินทาง และการทำงาน (Natural Spoken English),Please repeat after me.
988,Sentence (ประโยค),st_0524,Can you speak more slowly?,พูดช้าลงหน่อยได้ไหม,การเรียน การศึกษา,RECOMMENDED,ประโยคสนทนาร่วมสมัยที่ใช้งานได้จริงในชีวิตประจำวัน การเดินทาง และการทำงาน (Natural Spoken English),Can you speak more slowly?
989,Sentence (ประโยค),st_0525,My speaking is not very good.,การพูดของฉันยังไม่ค่อยดี,การเรียน การศึกษา,RECOMMENDED,ประโยคสนทนาร่วมสมัยที่ใช้งานได้จริงในชีวิตประจำวัน การเดินทาง และการทำงาน (Natural Spoken English),My speaking is not very good.
990,Sentence (ประโยค),st_0526,I need to practice speaking.,ฉันต้องฝึกพูด,การเรียน การศึกษา,RECOMMENDED,ประโยคสนทนาร่วมสมัยที่ใช้งานได้จริงในชีวิตประจำวัน การเดินทาง และการทำงาน (Natural Spoken English),I need to practice speaking.
991,Sentence (ประโยค),st_0527,Practice makes perfect.,ฝึกฝนทำให้เก่ง,การเรียน การศึกษา,RECOMMENDED,ประโยคสนทนาร่วมสมัยที่ใช้งานได้จริงในชีวิตประจำวัน การเดินทาง และการทำงาน (Natural Spoken English),Practice makes perfect.
992,Sentence (ประโยค),st_0528,I want to improve my English.,ฉันอยากพัฒนาภาษาอังกฤษ,การเรียน การศึกษา,RECOMMENDED,ประโยคสนทนาร่วมสมัยที่ใช้งานได้จริงในชีวิตประจำวัน การเดินทาง และการทำงาน (Natural Spoken English),I want to improve my English.
993,Sentence (ประโยค),st_0529,Your English is very good.,ภาษาอังกฤษของคุณดีมาก,การเรียน การศึกษา,RECOMMENDED,ประโยคสนทนาร่วมสมัยที่ใช้งานได้จริงในชีวิตประจำวัน การเดินทาง และการทำงาน (Natural Spoken English),Your English is very good.
994,Sentence (ประโยค),st_0530,How long have you studied English?,เรียนภาษาอังกฤษมานานแค่ไหน,การเรียน การศึกษา,RECOMMENDED,ประโยคสนทนาร่วมสมัยที่ใช้งานได้จริงในชีวิตประจำวัน การเดินทาง และการทำงาน (Natural Spoken English),How long have you studied English?
995,Sentence (ประโยค),st_0531,I've studied for five years.,ฉันเรียนมาห้าปีแล้ว,การเรียน การศึกษา,RECOMMENDED,ประโยคสนทนาร่วมสมัยที่ใช้งานได้จริงในชีวิตประจำวัน การเดินทาง และการทำงาน (Natural Spoken English),I've studied for five years.
996,Sentence (ประโยค),st_0532,Where did you learn English?,เรียนภาษาอังกฤษที่ไหนมา,การเรียน การศึกษา,RECOMMENDED,ประโยคสนทนาร่วมสมัยที่ใช้งานได้จริงในชีวิตประจำวัน การเดินทาง และการทำงาน (Natural Spoken English),Where did you learn English?
997,Sentence (ประโยค),st_0533,I learned it at school.,ฉันเรียนที่โรงเรียน,การเรียน การศึกษา,RECOMMENDED,ประโยคสนทนาร่วมสมัยที่ใช้งานได้จริงในชีวิตประจำวัน การเดินทาง และการทำงาน (Natural Spoken English),I learned it at school.
998,Sentence (ประโยค),st_0534,I watch movies to learn English.,ฉันดูหนังเพื่อเรียนภาษาอังกฤษ,การเรียน การศึกษา,RECOMMENDED,ประโยคสนทนาร่วมสมัยที่ใช้งานได้จริงในชีวิตประจำวัน การเดินทาง และการทำงาน (Natural Spoken English),I watch movies to learn English.
999,Sentence (ประโยค),st_0535,Reading helps a lot.,การอ่านช่วยได้มาก,การเรียน การศึกษา,RECOMMENDED,ประโยคสนทนาร่วมสมัยที่ใช้งานได้จริงในชีวิตประจำวัน การเดินทาง และการทำงาน (Natural Spoken English),Reading helps a lot.
1000,Sentence (ประโยค),st_0536,I should read more.,ฉันควรอ่านหนังสือมากกว่านี้,การเรียน การศึกษา,RECOMMENDED,ประโยคสนทนาร่วมสมัยที่ใช้งานได้จริงในชีวิตประจำวัน การเดินทาง และการทำงาน (Natural Spoken English),I should read more.
1001,Sentence (ประโยค),st_0537,I have a lot of homework.,ฉันมีการบ้านเยอะมาก,การเรียน การศึกษา,RECOMMENDED,ประโยคสนทนาร่วมสมัยที่ใช้งานได้จริงในชีวิตประจำวัน การเดินทาง และการทำงาน (Natural Spoken English),I have a lot of homework.
1002,Sentence (ประโยค),st_0538,The class was canceled.,คาบเรียนถูกยกเลิก,การเรียน การศึกษา,RECOMMENDED,ประโยคสนทนาร่วมสมัยที่ใช้งานได้จริงในชีวิตประจำวัน การเดินทาง และการทำงาน (Natural Spoken English),The class was canceled.
1003,Sentence (ประโยค),st_0539,The professor is very approachable and supportive.,อาจารย์เข้าถึงง่ายและให้การสนับสนุนดีมาก,การเรียน การศึกษา,RECOMMENDED,ประโยคสนทนาร่วมสมัยที่ใช้งานได้จริงในชีวิตประจำวัน การเดินทาง และการทำงาน (Natural Spoken English),The professor is very approachable and supportive.
1004,Sentence (ประโยค),st_0540,Our teacher gives clear explanations.,ครูของเราอธิบายชัดเจน,การเรียน การศึกษา,RECOMMENDED,ประโยคสนทนาร่วมสมัยที่ใช้งานได้จริงในชีวิตประจำวัน การเดินทาง และการทำงาน (Natural Spoken English),Our teacher gives clear explanations.
1005,Sentence (ประโยค),st_0541,Class starts at nine.,เรียนเริ่มเก้าโมง,การเรียน การศึกษา,RECOMMENDED,ประโยคสนทนาร่วมสมัยที่ใช้งานได้จริงในชีวิตประจำวัน การเดินทาง และการทำงาน (Natural Spoken English),Class starts at nine.
1006,Sentence (ประโยค),st_0542,Don't be late for class.,อย่ามาเรียนสาย,การเรียน การศึกษา,RECOMMENDED,ประโยคสนทนาร่วมสมัยที่ใช้งานได้จริงในชีวิตประจำวัน การเดินทาง และการทำงาน (Natural Spoken English),Don't be late for class.
1007,Sentence (ประโยค),st_0543,I sat in the front row.,ฉันนั่งแถวหน้า,การเรียน การศึกษา,RECOMMENDED,ประโยคสนทนาร่วมสมัยที่ใช้งานได้จริงในชีวิตประจำวัน การเดินทาง และการทำงาน (Natural Spoken English),I sat in the front row.
1008,Sentence (ประโยค),st_0544,Feel free to raise your hand if you have questions.,ยกมือถามได้ตลอดเลยนะถ้ามีข้อสงสัย,การเรียน การศึกษา,RECOMMENDED,ประโยคสนทนาร่วมสมัยที่ใช้งานได้จริงในชีวิตประจำวัน การเดินทาง และการทำงาน (Natural Spoken English),Feel free to raise your hand if you have questions.
1009,Sentence (ประโยค),st_0545,Who wants to answer?,ใครอยากตอบ,การเรียน การศึกษา,RECOMMENDED,ประโยคสนทนาร่วมสมัยที่ใช้งานได้จริงในชีวิตประจำวัน การเดินทาง และการทำงาน (Natural Spoken English),Who wants to answer?
1010,Sentence (ประโยค),st_0546,Let's work in pairs.,ทำงานเป็นคู่กันเถอะ,การเรียน การศึกษา,RECOMMENDED,ประโยคสนทนาร่วมสมัยที่ใช้งานได้จริงในชีวิตประจำวัน การเดินทาง และการทำงาน (Natural Spoken English),Let's work in pairs.
1011,Sentence (ประโยค),st_0547,We have a group project.,เรามีโปรเจกต์กลุ่ม,การเรียน การศึกษา,RECOMMENDED,ประโยคสนทนาร่วมสมัยที่ใช้งานได้จริงในชีวิตประจำวัน การเดินทาง และการทำงาน (Natural Spoken English),We have a group project.
1012,Sentence (ประโยค),st_0548,The library is a good place to study.,ห้องสมุดเป็นที่อ่านหนังสือที่ดี,การเรียน การศึกษา,RECOMMENDED,ประโยคสนทนาร่วมสมัยที่ใช้งานได้จริงในชีวิตประจำวัน การเดินทาง และการทำงาน (Natural Spoken English),The library is a good place to study.
1013,Sentence (ประโยค),st_0549,I found this book helpful.,หนังสือเล่มนี้ช่วยได้มาก,การเรียน การศึกษา,RECOMMENDED,ประโยคสนทนาร่วมสมัยที่ใช้งานได้จริงในชีวิตประจำวัน การเดินทาง และการทำงาน (Natural Spoken English),I found this book helpful.
1014,Sentence (ประโยค),st_0550,Let me look that up in an online dictionary.,ขอฉันค้นดูในพจนานุกรมออนไลน์แป๊บนึง,การเรียน การศึกษา,RECOMMENDED,ประโยคสนทนาร่วมสมัยที่ใช้งานได้จริงในชีวิตประจำวัน การเดินทาง และการทำงาน (Natural Spoken English),Let me look that up in an online dictionary.
1015,Sentence (ประโยค),st_0551,I aced the exam with flying colors!,ฉันสอบผ่านฉลุยได้คะแนนยอดเยี่ยมเลย!,การเรียน การศึกษา,RECOMMENDED,ประโยคสนทนาร่วมสมัยที่ใช้งานได้จริงในชีวิตประจำวัน การเดินทาง และการทำงาน (Natural Spoken English),I aced the exam with flying colors!
1016,Sentence (ประโยค),st_0552,I don't feel well.,ฉันไม่ค่อยสบาย,สุขภาพ หมอ,RECOMMENDED,ประโยคสนทนาร่วมสมัยที่ใช้งานได้จริงในชีวิตประจำวัน การเดินทาง และการทำงาน (Natural Spoken English),I don't feel well.
1017,Sentence (ประโยค),st_0553,I'm feeling under the weather today.,วันนี้ฉันรู้สึกครั่นเนื้อครั่นตัว ไม่ค่อยสบาย,สุขภาพ หมอ,RECOMMENDED,ประโยคสนทนาร่วมสมัยที่ใช้งานได้จริงในชีวิตประจำวัน การเดินทาง และการทำงาน (Natural Spoken English),I'm feeling under the weather today.
1018,Sentence (ประโยค),st_0554,I have a headache.,ฉันปวดหัว,สุขภาพ หมอ,RECOMMENDED,ประโยคสนทนาร่วมสมัยที่ใช้งานได้จริงในชีวิตประจำวัน การเดินทาง และการทำงาน (Natural Spoken English),I have a headache.
1019,Sentence (ประโยค),st_0555,I have a stomachache.,ฉันปวดท้อง,สุขภาพ หมอ,RECOMMENDED,ประโยคสนทนาร่วมสมัยที่ใช้งานได้จริงในชีวิตประจำวัน การเดินทาง และการทำงาน (Natural Spoken English),I have a stomachache.
1020,Sentence (ประโยค),st_0556,I have a sore throat.,ฉันเจ็บคอ,สุขภาพ หมอ,RECOMMENDED,ประโยคสนทนาร่วมสมัยที่ใช้งานได้จริงในชีวิตประจำวัน การเดินทาง และการทำงาน (Natural Spoken English),I have a sore throat.
1021,Sentence (ประโยค),st_0557,I have a fever.,ฉันมีไข้,สุขภาพ หมอ,RECOMMENDED,ประโยคสนทนาร่วมสมัยที่ใช้งานได้จริงในชีวิตประจำวัน การเดินทาง และการทำงาน (Natural Spoken English),I have a fever.
1022,Sentence (ประโยค),st_0558,I have a cold.,ฉันเป็นหวัด,สุขภาพ หมอ,RECOMMENDED,ประโยคสนทนาร่วมสมัยที่ใช้งานได้จริงในชีวิตประจำวัน การเดินทาง และการทำงาน (Natural Spoken English),I have a cold.
1023,Sentence (ประโยค),st_0559,I've been coughing a lot.,ฉันไอเยอะมาก,สุขภาพ หมอ,RECOMMENDED,ประโยคสนทนาร่วมสมัยที่ใช้งานได้จริงในชีวิตประจำวัน การเดินทาง และการทำงาน (Natural Spoken English),I've been coughing a lot.
1024,Sentence (ประโยค),st_0560,I have a runny nose.,ฉันน้ำมูกไหล,สุขภาพ หมอ,RECOMMENDED,ประโยคสนทนาร่วมสมัยที่ใช้งานได้จริงในชีวิตประจำวัน การเดินทาง และการทำงาน (Natural Spoken English),I have a runny nose.
1025,Sentence (ประโยค),st_0561,I'm allergic to something.,ฉันแพ้อะไรบางอย่าง,สุขภาพ หมอ,RECOMMENDED,ประโยคสนทนาร่วมสมัยที่ใช้งานได้จริงในชีวิตประจำวัน การเดินทาง และการทำงาน (Natural Spoken English),I'm allergic to something.
1026,Sentence (ประโยค),st_0562,I need to see a doctor.,ฉันต้องไปหาหมอ,สุขภาพ หมอ,RECOMMENDED,ประโยคสนทนาร่วมสมัยที่ใช้งานได้จริงในชีวิตประจำวัน การเดินทาง และการทำงาน (Natural Spoken English),I need to see a doctor.
1027,Sentence (ประโยค),st_0563,Where is the hospital?,โรงพยาบาลอยู่ที่ไหน,สุขภาพ หมอ,RECOMMENDED,ประโยคสนทนาร่วมสมัยที่ใช้งานได้จริงในชีวิตประจำวัน การเดินทาง และการทำงาน (Natural Spoken English),Where is the hospital?
1028,Sentence (ประโยค),st_0564,I need to make an appointment.,ฉันต้องนัดพบหมอ,สุขภาพ หมอ,RECOMMENDED,ประโยคสนทนาร่วมสมัยที่ใช้งานได้จริงในชีวิตประจำวัน การเดินทาง และการทำงาน (Natural Spoken English),I need to make an appointment.
1029,Sentence (ประโยค),st_0565,Can I book an appointment?,จองคิวพบหมอได้ไหม,สุขภาพ หมอ,RECOMMENDED,ประโยคสนทนาร่วมสมัยที่ใช้งานได้จริงในชีวิตประจำวัน การเดินทาง และการทำงาน (Natural Spoken English),Can I book an appointment?
1030,Sentence (ประโยค),st_0566,I'd like to see a doctor today.,ฉันอยากพบหมอวันนี้,สุขภาพ หมอ,RECOMMENDED,ประโยคสนทนาร่วมสมัยที่ใช้งานได้จริงในชีวิตประจำวัน การเดินทาง และการทำงาน (Natural Spoken English),I'd like to see a doctor today.
1031,Sentence (ประโยค),st_0567,What are your symptoms?,อาการของคุณเป็นยังไง,สุขภาพ หมอ,RECOMMENDED,ประโยคสนทนาร่วมสมัยที่ใช้งานได้จริงในชีวิตประจำวัน การเดินทาง และการทำงาน (Natural Spoken English),What are your symptoms?
1032,Sentence (ประโยค),st_0568,Where does it hurt?,เจ็บตรงไหน,สุขภาพ หมอ,RECOMMENDED,ประโยคสนทนาร่วมสมัยที่ใช้งานได้จริงในชีวิตประจำวัน การเดินทาง และการทำงาน (Natural Spoken English),Where does it hurt?
1033,Sentence (ประโยค),st_0569,I have a terrible backache from sitting at my desk all day.,ฉันปวดหลังมากจากการนั่งทำงานที่โต๊ะทั้งวัน,สุขภาพ หมอ,RECOMMENDED,ประโยคสนทนาร่วมสมัยที่ใช้งานได้จริงในชีวิตประจำวัน การเดินทาง และการทำงาน (Natural Spoken English),I have a terrible backache from sitting at my desk all day.
1034,Sentence (ประโยค),st_0570,I'm having sharp chest pains.,ฉันรู้สึกเจ็บแปล๊บที่หน้าอก,สุขภาพ หมอ,RECOMMENDED,ประโยคสนทนาร่วมสมัยที่ใช้งานได้จริงในชีวิตประจำวัน การเดินทาง และการทำงาน (Natural Spoken English),I'm having sharp chest pains.
1035,Sentence (ประโยค),st_0571,It hurts when I move.,ขยับแล้วเจ็บ,สุขภาพ หมอ,RECOMMENDED,ประโยคสนทนาร่วมสมัยที่ใช้งานได้จริงในชีวิตประจำวัน การเดินทาง และการทำงาน (Natural Spoken English),It hurts when I move.
1036,Sentence (ประโยค),st_0572,How long have you felt this way?,รู้สึกแบบนี้มานานแค่ไหน,สุขภาพ หมอ,RECOMMENDED,ประโยคสนทนาร่วมสมัยที่ใช้งานได้จริงในชีวิตประจำวัน การเดินทาง และการทำงาน (Natural Spoken English),How long have you felt this way?
1037,Sentence (ประโยค),st_0573,I've been feeling like this for three days now.,ฉันมีอาการแบบนี้มาสามวันติดแล้ว,สุขภาพ หมอ,RECOMMENDED,ประโยคสนทนาร่วมสมัยที่ใช้งานได้จริงในชีวิตประจำวัน การเดินทาง และการทำงาน (Natural Spoken English),I've been feeling like this for three days now.
1038,Sentence (ประโยค),st_0574,Do you take any medicine?,คุณทานยาอะไรอยู่ไหม,สุขภาพ หมอ,RECOMMENDED,ประโยคสนทนาร่วมสมัยที่ใช้งานได้จริงในชีวิตประจำวัน การเดินทาง และการทำงาน (Natural Spoken English),Do you take any medicine?
1039,Sentence (ประโยค),st_0575,I'm taking some painkillers.,ฉันทานยาแก้ปวดอยู่,สุขภาพ หมอ,RECOMMENDED,ประโยคสนทนาร่วมสมัยที่ใช้งานได้จริงในชีวิตประจำวัน การเดินทาง และการทำงาน (Natural Spoken English),I'm taking some painkillers.
1040,Sentence (ประโยค),st_0576,I need a prescription.,ฉันต้องมีใบสั่งยา,สุขภาพ หมอ,RECOMMENDED,ประโยคสนทนาร่วมสมัยที่ใช้งานได้จริงในชีวิตประจำวัน การเดินทาง และการทำงาน (Natural Spoken English),I need a prescription.
1041,Sentence (ประโยค),st_0577,Can you give me a prescription?,สั่งยาให้ฉันได้ไหม,สุขภาพ หมอ,RECOMMENDED,ประโยคสนทนาร่วมสมัยที่ใช้งานได้จริงในชีวิตประจำวัน การเดินทาง และการทำงาน (Natural Spoken English),Can you give me a prescription?
1042,Sentence (ประโยค),st_0578,Take this medicine twice a day.,ทานยานี้วันละสองครั้ง,สุขภาพ หมอ,RECOMMENDED,ประโยคสนทนาร่วมสมัยที่ใช้งานได้จริงในชีวิตประจำวัน การเดินทาง และการทำงาน (Natural Spoken English),Take this medicine twice a day.
1043,Sentence (ประโยค),st_0579,Take it after meals.,ทานหลังอาหาร,สุขภาพ หมอ,RECOMMENDED,ประโยคสนทนาร่วมสมัยที่ใช้งานได้จริงในชีวิตประจำวัน การเดินทาง และการทำงาน (Natural Spoken English),Take it after meals.
1044,Sentence (ประโยค),st_0580,Did you take your medicine?,ทานยาแล้วหรือยัง,สุขภาพ หมอ,RECOMMENDED,ประโยคสนทนาร่วมสมัยที่ใช้งานได้จริงในชีวิตประจำวัน การเดินทาง และการทำงาน (Natural Spoken English),Did you take your medicine?
1045,Sentence (ประโยค),st_0581,You should get some rest.,คุณควรพักผ่อน,สุขภาพ หมอ,RECOMMENDED,ประโยคสนทนาร่วมสมัยที่ใช้งานได้จริงในชีวิตประจำวัน การเดินทาง และการทำงาน (Natural Spoken English),You should get some rest.
1046,Sentence (ประโยค),st_0582,Get plenty of rest.,พักผ่อนให้มากๆ,สุขภาพ หมอ,RECOMMENDED,ประโยคสนทนาร่วมสมัยที่ใช้งานได้จริงในชีวิตประจำวัน การเดินทาง และการทำงาน (Natural Spoken English),Get plenty of rest.
1047,Sentence (ประโยค),st_0583,Drink lots of water.,ดื่มน้ำเยอะๆ,สุขภาพ หมอ,RECOMMENDED,ประโยคสนทนาร่วมสมัยที่ใช้งานได้จริงในชีวิตประจำวัน การเดินทาง และการทำงาน (Natural Spoken English),Drink lots of water.
1048,Sentence (ประโยค),st_0584,Stay in bed today.,วันนี้นอนพักอยู่บนเตียง,สุขภาพ หมอ,RECOMMENDED,ประโยคสนทนาร่วมสมัยที่ใช้งานได้จริงในชีวิตประจำวัน การเดินทาง และการทำงาน (Natural Spoken English),Stay in bed today.
1049,Sentence (ประโยค),st_0585,You'll feel better soon.,เดี๋ยวคุณก็ดีขึ้น,สุขภาพ หมอ,RECOMMENDED,ประโยคสนทนาร่วมสมัยที่ใช้งานได้จริงในชีวิตประจำวัน การเดินทาง และการทำงาน (Natural Spoken English),You'll feel better soon.
1050,Sentence (ประโยค),st_0586,I'm feeling better now.,ตอนนี้ฉันรู้สึกดีขึ้นแล้ว,สุขภาพ หมอ,RECOMMENDED,ประโยคสนทนาร่วมสมัยที่ใช้งานได้จริงในชีวิตประจำวัน การเดินทาง และการทำงาน (Natural Spoken English),I'm feeling better now.
1051,Sentence (ประโยค),st_0587,I feel much worse now.,ตอนนี้แย่ลงกว่าเดิม,สุขภาพ หมอ,RECOMMENDED,ประโยคสนทนาร่วมสมัยที่ใช้งานได้จริงในชีวิตประจำวัน การเดินทาง และการทำงาน (Natural Spoken English),I feel much worse now.
1052,Sentence (ประโยค),st_0588,I need to go to the hospital.,ฉันต้องไปโรงพยาบาล,สุขภาพ หมอ,RECOMMENDED,ประโยคสนทนาร่วมสมัยที่ใช้งานได้จริงในชีวิตประจำวัน การเดินทาง และการทำงาน (Natural Spoken English),I need to go to the hospital.
1053,Sentence (ประโยค),st_0589,Call an ambulance!,โทรเรียกรถพยาบาล,สุขภาพ หมอ,RECOMMENDED,ประโยคสนทนาร่วมสมัยที่ใช้งานได้จริงในชีวิตประจำวัน การเดินทาง และการทำงาน (Natural Spoken English),Call an ambulance!
1054,Sentence (ประโยค),st_0590,Is it serious?,อาการหนักไหม,สุขภาพ หมอ,RECOMMENDED,ประโยคสนทนาร่วมสมัยที่ใช้งานได้จริงในชีวิตประจำวัน การเดินทาง และการทำงาน (Natural Spoken English),Is it serious?
1055,Sentence (ประโยค),st_0591,It's not serious.,ไม่ได้เป็นอะไรร้ายแรง,สุขภาพ หมอ,RECOMMENDED,ประโยคสนทนาร่วมสมัยที่ใช้งานได้จริงในชีวิตประจำวัน การเดินทาง และการทำงาน (Natural Spoken English),It's not serious.
1056,Sentence (ประโยค),st_0592,I have a broken arm.,แขนฉันหัก,สุขภาพ หมอ,RECOMMENDED,ประโยคสนทนาร่วมสมัยที่ใช้งานได้จริงในชีวิตประจำวัน การเดินทาง และการทำงาน (Natural Spoken English),I have a broken arm.
1057,Sentence (ประโยค),st_0593,I twisted my ankle.,ข้อเท้าฉันเคล็ด,สุขภาพ หมอ,RECOMMENDED,ประโยคสนทนาร่วมสมัยที่ใช้งานได้จริงในชีวิตประจำวัน การเดินทาง และการทำงาน (Natural Spoken English),I twisted my ankle.
1058,Sentence (ประโยค),st_0594,I can't move my leg.,ขยับขาไม่ได้,สุขภาพ หมอ,RECOMMENDED,ประโยคสนทนาร่วมสมัยที่ใช้งานได้จริงในชีวิตประจำวัน การเดินทาง และการทำงาน (Natural Spoken English),I can't move my leg.
1059,Sentence (ประโยค),st_0595,I need some medicine.,ฉันต้องหายา,สุขภาพ หมอ,RECOMMENDED,ประโยคสนทนาร่วมสมัยที่ใช้งานได้จริงในชีวิตประจำวัน การเดินทาง และการทำงาน (Natural Spoken English),I need some medicine.
1060,Sentence (ประโยค),st_0596,Where's the pharmacy?,ร้านขายยาอยู่ที่ไหน,สุขภาพ หมอ,RECOMMENDED,ประโยคสนทนาร่วมสมัยที่ใช้งานได้จริงในชีวิตประจำวัน การเดินทาง และการทำงาน (Natural Spoken English),Where's the pharmacy?
1061,Sentence (ประโยค),st_0597,I'll get the medicine.,ฉันจะไปซื้อยา,สุขภาพ หมอ,RECOMMENDED,ประโยคสนทนาร่วมสมัยที่ใช้งานได้จริงในชีวิตประจำวัน การเดินทาง และการทำงาน (Natural Spoken English),I'll get the medicine.
1062,Sentence (ประโยค),st_0598,The doctor will see you now.,หมอพร้อมพบคุณแล้ว,สุขภาพ หมอ,RECOMMENDED,ประโยคสนทนาร่วมสมัยที่ใช้งานได้จริงในชีวิตประจำวัน การเดินทาง และการทำงาน (Natural Spoken English),The doctor will see you now.
1063,Sentence (ประโยค),st_0599,"Open your mouth, please.",อ้าปากหน่อย,สุขภาพ หมอ,RECOMMENDED,ประโยคสนทนาร่วมสมัยที่ใช้งานได้จริงในชีวิตประจำวัน การเดินทาง และการทำงาน (Natural Spoken English),"Open your mouth, please."
1064,Sentence (ประโยค),st_0600,Take a deep breath and try to relax your muscles.,สูดหายใจเข้าลึกๆ แล้วพยายามผ่อนคลายกล้ามเนื้อนะ,สุขภาพ หมอ,RECOMMENDED,ประโยคสนทนาร่วมสมัยที่ใช้งานได้จริงในชีวิตประจำวัน การเดินทาง และการทำงาน (Natural Spoken English),Take a deep breath and try to relax your muscles.
1065,Sentence (ประโยค),st_0601,You need to rest for a week.,คุณต้องพักผ่อนหนึ่งอาทิตย์,สุขภาพ หมอ,RECOMMENDED,ประโยคสนทนาร่วมสมัยที่ใช้งานได้จริงในชีวิตประจำวัน การเดินทาง และการทำงาน (Natural Spoken English),You need to rest for a week.
1066,Sentence (ประโยค),st_0602,I'm so happy.,ฉันมีความสุขมาก,อารมณ์ ความรู้สึก,RECOMMENDED,ประโยคสนทนาร่วมสมัยที่ใช้งานได้จริงในชีวิตประจำวัน การเดินทาง และการทำงาน (Natural Spoken English),I'm so happy.
1067,Sentence (ประโยค),st_0603,I'm excited about this.,ฉันตื่นเต้นกับเรื่องนี้,อารมณ์ ความรู้สึก,RECOMMENDED,ประโยคสนทนาร่วมสมัยที่ใช้งานได้จริงในชีวิตประจำวัน การเดินทาง และการทำงาน (Natural Spoken English),I'm excited about this.
1068,Sentence (ประโยค),st_0604,I feel great today.,วันนี้ฉันรู้สึกดีมาก,อารมณ์ ความรู้สึก,RECOMMENDED,ประโยคสนทนาร่วมสมัยที่ใช้งานได้จริงในชีวิตประจำวัน การเดินทาง และการทำงาน (Natural Spoken English),I feel great today.
1069,Sentence (ประโยค),st_0605,I'm in a good mood.,ฉันอารมณ์ดี,อารมณ์ ความรู้สึก,RECOMMENDED,ประโยคสนทนาร่วมสมัยที่ใช้งานได้จริงในชีวิตประจำวัน การเดินทาง และการทำงาน (Natural Spoken English),I'm in a good mood.
1070,Sentence (ประโยค),st_0606,I'm thrilled about the news.,ฉันดีใจมากกับข่าวนี้,อารมณ์ ความรู้สึก,RECOMMENDED,ประโยคสนทนาร่วมสมัยที่ใช้งานได้จริงในชีวิตประจำวัน การเดินทาง และการทำงาน (Natural Spoken English),I'm thrilled about the news.
1071,Sentence (ประโยค),st_0607,I'm proud of you.,ฉันภูมิใจในตัวคุณ,อารมณ์ ความรู้สึก,RECOMMENDED,ประโยคสนทนาร่วมสมัยที่ใช้งานได้จริงในชีวิตประจำวัน การเดินทาง และการทำงาน (Natural Spoken English),I'm proud of you.
1072,Sentence (ประโยค),st_0608,I'm so proud of myself.,ฉันภูมิใจในตัวเองมาก,อารมณ์ ความรู้สึก,RECOMMENDED,ประโยคสนทนาร่วมสมัยที่ใช้งานได้จริงในชีวิตประจำวัน การเดินทาง และการทำงาน (Natural Spoken English),I'm so proud of myself.
1073,Sentence (ประโยค),st_0609,I'm satisfied with the result.,ฉันพอใจกับผลลัพธ์,อารมณ์ ความรู้สึก,RECOMMENDED,ประโยคสนทนาร่วมสมัยที่ใช้งานได้จริงในชีวิตประจำวัน การเดินทาง และการทำงาน (Natural Spoken English),I'm satisfied with the result.
1074,Sentence (ประโยค),st_0610,I'm grateful for your help.,ฉันรู้สึกขอบคุณในความช่วยเหลือของคุณ,อารมณ์ ความรู้สึก,RECOMMENDED,ประโยคสนทนาร่วมสมัยที่ใช้งานได้จริงในชีวิตประจำวัน การเดินทาง และการทำงาน (Natural Spoken English),I'm grateful for your help.
1075,Sentence (ประโยค),st_0611,I feel relieved.,ฉันโล่งใจแล้ว,อารมณ์ ความรู้สึก,RECOMMENDED,ประโยคสนทนาร่วมสมัยที่ใช้งานได้จริงในชีวิตประจำวัน การเดินทาง และการทำงาน (Natural Spoken English),I feel relieved.
1076,Sentence (ประโยค),st_0612,That's a relief.,โล่งอกไปที,อารมณ์ ความรู้สึก,RECOMMENDED,ประโยคสนทนาร่วมสมัยที่ใช้งานได้จริงในชีวิตประจำวัน การเดินทาง และการทำงาน (Natural Spoken English),That's a relief.
1077,Sentence (ประโยค),st_0613,I feel relaxed now.,ตอนนี้ฉันรู้สึกผ่อนคลายแล้ว,อารมณ์ ความรู้สึก,RECOMMENDED,ประโยคสนทนาร่วมสมัยที่ใช้งานได้จริงในชีวิตประจำวัน การเดินทาง และการทำงาน (Natural Spoken English),I feel relaxed now.
1078,Sentence (ประโยค),st_0614,I'm having a good time.,ฉันกำลังสนุกมาก,อารมณ์ ความรู้สึก,RECOMMENDED,ประโยคสนทนาร่วมสมัยที่ใช้งานได้จริงในชีวิตประจำวัน การเดินทาง และการทำงาน (Natural Spoken English),I'm having a good time.
1079,Sentence (ประโยค),st_0615,I'm having fun.,ฉันสนุกมาก,อารมณ์ ความรู้สึก,RECOMMENDED,ประโยคสนทนาร่วมสมัยที่ใช้งานได้จริงในชีวิตประจำวัน การเดินทาง และการทำงาน (Natural Spoken English),I'm having fun.
1080,Sentence (ประโยค),st_0616,I'm looking forward to it.,ฉันตั้งตารออยู่,อารมณ์ ความรู้สึก,RECOMMENDED,ประโยคสนทนาร่วมสมัยที่ใช้งานได้จริงในชีวิตประจำวัน การเดินทาง และการทำงาน (Natural Spoken English),I'm looking forward to it.
1081,Sentence (ประโยค),st_0617,I can't wait!,รอไม่ไหวแล้ว,อารมณ์ ความรู้สึก,RECOMMENDED,ประโยคสนทนาร่วมสมัยที่ใช้งานได้จริงในชีวิตประจำวัน การเดินทาง และการทำงาน (Natural Spoken English),I can't wait!
1082,Sentence (ประโยค),st_0618,I feel sad.,ฉันรู้สึกเศร้า,อารมณ์ ความรู้สึก,RECOMMENDED,ประโยคสนทนาร่วมสมัยที่ใช้งานได้จริงในชีวิตประจำวัน การเดินทาง และการทำงาน (Natural Spoken English),I feel sad.
1083,Sentence (ประโยค),st_0619,I'm feeling down today.,วันนี้ฉันรู้สึกหดหู่,อารมณ์ ความรู้สึก,RECOMMENDED,ประโยคสนทนาร่วมสมัยที่ใช้งานได้จริงในชีวิตประจำวัน การเดินทาง และการทำงาน (Natural Spoken English),I'm feeling down today.
1084,Sentence (ประโยค),st_0620,I'm upset about it.,ฉันเสียใจกับเรื่องนั้น,อารมณ์ ความรู้สึก,RECOMMENDED,ประโยคสนทนาร่วมสมัยที่ใช้งานได้จริงในชีวิตประจำวัน การเดินทาง และการทำงาน (Natural Spoken English),I'm upset about it.
1085,Sentence (ประโยค),st_0621,I'm really disappointed with how things turned out.,ฉันรู้สึกผิดหวังกับสิ่งที่เกิดขึ้นจริงๆ,อารมณ์ ความรู้สึก,RECOMMENDED,ประโยคสนทนาร่วมสมัยที่ใช้งานได้จริงในชีวิตประจำวัน การเดินทาง และการทำงาน (Natural Spoken English),I'm really disappointed with how things turned out.
1086,Sentence (ประโยค),st_0622,It's such a letdown after putting in so much hard work.,น่าผิดหวังจริงๆ หลังจากที่เราทุ่มเททำงานหนักกันขนาดนี้,อารมณ์ ความรู้สึก,RECOMMENDED,ประโยคสนทนาร่วมสมัยที่ใช้งานได้จริงในชีวิตประจำวัน การเดินทาง และการทำงาน (Natural Spoken English),It's such a letdown after putting in so much hard work.
1087,Sentence (ประโยค),st_0623,I feel lonely.,ฉันรู้สึกเหงา,อารมณ์ ความรู้สึก,RECOMMENDED,ประโยคสนทนาร่วมสมัยที่ใช้งานได้จริงในชีวิตประจำวัน การเดินทาง และการทำงาน (Natural Spoken English),I feel lonely.
1088,Sentence (ประโยค),st_0624,I miss you.,ฉันคิดถึงคุณ,อารมณ์ ความรู้สึก,RECOMMENDED,ประโยคสนทนาร่วมสมัยที่ใช้งานได้จริงในชีวิตประจำวัน การเดินทาง และการทำงาน (Natural Spoken English),I miss you.
1089,Sentence (ประโยค),st_0625,I've missed you so much.,ฉันคิดถึงคุณมาก,อารมณ์ ความรู้สึก,RECOMMENDED,ประโยคสนทนาร่วมสมัยที่ใช้งานได้จริงในชีวิตประจำวัน การเดินทาง และการทำงาน (Natural Spoken English),I've missed you so much.
1090,Sentence (ประโยค),st_0626,I'm worried about you.,ฉันเป็นห่วงคุณ,อารมณ์ ความรู้สึก,RECOMMENDED,ประโยคสนทนาร่วมสมัยที่ใช้งานได้จริงในชีวิตประจำวัน การเดินทาง และการทำงาน (Natural Spoken English),I'm worried about you.
1091,Sentence (ประโยค),st_0627,I'm worried about the future.,ฉันกังวลเกี่ยวกับอนาคต,อารมณ์ ความรู้สึก,RECOMMENDED,ประโยคสนทนาร่วมสมัยที่ใช้งานได้จริงในชีวิตประจำวัน การเดินทาง และการทำงาน (Natural Spoken English),I'm worried about the future.
1092,Sentence (ประโยค),st_0628,I'm anxious about the test.,ฉันกังวลเรื่องสอบ,อารมณ์ ความรู้สึก,RECOMMENDED,ประโยคสนทนาร่วมสมัยที่ใช้งานได้จริงในชีวิตประจำวัน การเดินทาง และการทำงาน (Natural Spoken English),I'm anxious about the test.
1093,Sentence (ประโยค),st_0629,I'm terrified of making a fool of myself in public.,ฉันกลัวขายหน้าในที่สาธารณะมากเลย,อารมณ์ ความรู้สึก,RECOMMENDED,ประโยคสนทนาร่วมสมัยที่ใช้งานได้จริงในชีวิตประจำวัน การเดินทาง และการทำงาน (Natural Spoken English),I'm terrified of making a fool of myself in public.
1094,Sentence (ประโยค),st_0630,That scared me.,นั่นทำให้ฉันตกใจ,อารมณ์ ความรู้สึก,RECOMMENDED,ประโยคสนทนาร่วมสมัยที่ใช้งานได้จริงในชีวิตประจำวัน การเดินทาง และการทำงาน (Natural Spoken English),That scared me.
1095,Sentence (ประโยค),st_0631,I'm afraid of heights.,ฉันกลัวที่สูง,อารมณ์ ความรู้สึก,RECOMMENDED,ประโยคสนทนาร่วมสมัยที่ใช้งานได้จริงในชีวิตประจำวัน การเดินทาง และการทำงาน (Natural Spoken English),I'm afraid of heights.
1096,Sentence (ประโยค),st_0632,Don't be afraid.,อย่ากลัว,อารมณ์ ความรู้สึก,RECOMMENDED,ประโยคสนทนาร่วมสมัยที่ใช้งานได้จริงในชีวิตประจำวัน การเดินทาง และการทำงาน (Natural Spoken English),Don't be afraid.
1097,Sentence (ประโยค),st_0633,I'm furious that they went behind my back.,ฉันโกรธมากที่พวกเขาทำอะไรลับหลังฉัน,อารมณ์ ความรู้สึก,RECOMMENDED,ประโยคสนทนาร่วมสมัยที่ใช้งานได้จริงในชีวิตประจำวัน การเดินทาง และการทำงาน (Natural Spoken English),I'm furious that they went behind my back.
1098,Sentence (ประโยค),st_0634,I'm really angry right now.,ตอนนี้ฉันโกรธมาก,อารมณ์ ความรู้สึก,RECOMMENDED,ประโยคสนทนาร่วมสมัยที่ใช้งานได้จริงในชีวิตประจำวัน การเดินทาง และการทำงาน (Natural Spoken English),I'm really angry right now.
1099,Sentence (ประโยค),st_0635,Don't be angry with me.,อย่าโกรธฉันเลย,อารมณ์ ความรู้สึก,RECOMMENDED,ประโยคสนทนาร่วมสมัยที่ใช้งานได้จริงในชีวิตประจำวัน การเดินทาง และการทำงาน (Natural Spoken English),Don't be angry with me.
1100,Sentence (ประโยค),st_0636,I'm frustrated because things aren't going according to plan.,ฉันหงุดหงิดเพราะอะไรๆ ก็ไม่เป็นไปตามแผนที่วางไว้,อารมณ์ ความรู้สึก,RECOMMENDED,ประโยคสนทนาร่วมสมัยที่ใช้งานได้จริงในชีวิตประจำวัน การเดินทาง และการทำงาน (Natural Spoken English),I'm frustrated because things aren't going according to plan.
1101,Sentence (ประโยค),st_0637,This is so frustrating.,นี่มันน่าหงุดหงิดมาก,อารมณ์ ความรู้สึก,RECOMMENDED,ประโยคสนทนาร่วมสมัยที่ใช้งานได้จริงในชีวิตประจำวัน การเดินทาง และการทำงาน (Natural Spoken English),This is so frustrating.
1102,Sentence (ประโยค),st_0638,I'm annoyed.,ฉันรำคาญ,อารมณ์ ความรู้สึก,RECOMMENDED,ประโยคสนทนาร่วมสมัยที่ใช้งานได้จริงในชีวิตประจำวัน การเดินทาง และการทำงาน (Natural Spoken English),I'm annoyed.
1103,Sentence (ประโยค),st_0639,It really gets on my nerves when people cut in line.,มันชวนให้หงุดหงิดรำคาญใจจริงๆ เวลาคนแซงคิว,อารมณ์ ความรู้สึก,RECOMMENDED,ประโยคสนทนาร่วมสมัยที่ใช้งานได้จริงในชีวิตประจำวัน การเดินทาง และการทำงาน (Natural Spoken English),It really gets on my nerves when people cut in line.
1104,Sentence (ประโยค),st_0640,I can't stand it anymore.,ฉันทนไม่ไหวแล้ว,อารมณ์ ความรู้สึก,RECOMMENDED,ประโยคสนทนาร่วมสมัยที่ใช้งานได้จริงในชีวิตประจำวัน การเดินทาง และการทำงาน (Natural Spoken English),I can't stand it anymore.
1105,Sentence (ประโยค),st_0641,I've had enough.,ฉันพอแล้ว,อารมณ์ ความรู้สึก,RECOMMENDED,ประโยคสนทนาร่วมสมัยที่ใช้งานได้จริงในชีวิตประจำวัน การเดินทาง และการทำงาน (Natural Spoken English),I've had enough.
1106,Sentence (ประโยค),st_0642,I'm exhausted.,ฉันเหนื่อยมาก,อารมณ์ ความรู้สึก,RECOMMENDED,ประโยคสนทนาร่วมสมัยที่ใช้งานได้จริงในชีวิตประจำวัน การเดินทาง และการทำงาน (Natural Spoken English),I'm exhausted.
1107,Sentence (ประโยค),st_0643,I'm so tired.,ฉันเหนื่อยมาก,อารมณ์ ความรู้สึก,RECOMMENDED,ประโยคสนทนาร่วมสมัยที่ใช้งานได้จริงในชีวิตประจำวัน การเดินทาง และการทำงาน (Natural Spoken English),I'm so tired.
1108,Sentence (ประโยค),st_0644,I feel burned out.,ฉันรู้สึกหมดไฟ,อารมณ์ ความรู้สึก,RECOMMENDED,ประโยคสนทนาร่วมสมัยที่ใช้งานได้จริงในชีวิตประจำวัน การเดินทาง และการทำงาน (Natural Spoken English),I feel burned out.
1109,Sentence (ประโยค),st_0645,I need a break.,ฉันต้องพักแล้ว,อารมณ์ ความรู้สึก,RECOMMENDED,ประโยคสนทนาร่วมสมัยที่ใช้งานได้จริงในชีวิตประจำวัน การเดินทาง และการทำงาน (Natural Spoken English),I need a break.
1110,Sentence (ประโยค),st_0646,I'm stressed out.,ฉันเครียดมาก,อารมณ์ ความรู้สึก,RECOMMENDED,ประโยคสนทนาร่วมสมัยที่ใช้งานได้จริงในชีวิตประจำวัน การเดินทาง และการทำงาน (Natural Spoken English),I'm stressed out.
1111,Sentence (ประโยค),st_0647,This is too stressful.,นี่เครียดเกินไป,อารมณ์ ความรู้สึก,RECOMMENDED,ประโยคสนทนาร่วมสมัยที่ใช้งานได้จริงในชีวิตประจำวัน การเดินทาง และการทำงาน (Natural Spoken English),This is too stressful.
1112,Sentence (ประโยค),st_0648,I feel overwhelmed.,ฉันรู้สึกรับมือไม่ไหว / แบกรับไม่ไหว,อารมณ์ ความรู้สึก,RECOMMENDED,ประโยคสนทนาร่วมสมัยที่ใช้งานได้จริงในชีวิตประจำวัน การเดินทาง และการทำงาน (Natural Spoken English),I feel overwhelmed.
1113,Sentence (ประโยค),st_0649,Take a deep breath.,หายใจเข้าลึกๆ,อารมณ์ ความรู้สึก,RECOMMENDED,ประโยคสนทนาร่วมสมัยที่ใช้งานได้จริงในชีวิตประจำวัน การเดินทาง และการทำงาน (Natural Spoken English),Take a deep breath.
1114,Sentence (ประโยค),st_0650,Calm down.,ใจเย็นๆ,อารมณ์ ความรู้สึก,RECOMMENDED,ประโยคสนทนาร่วมสมัยที่ใช้งานได้จริงในชีวิตประจำวัน การเดินทาง และการทำงาน (Natural Spoken English),Calm down.
1115,Sentence (ประโยค),st_0651,"Relax, everything is fine.",ผ่อนคลาย ทุกอย่างโอเค,อารมณ์ ความรู้สึก,RECOMMENDED,ประโยคสนทนาร่วมสมัยที่ใช้งานได้จริงในชีวิตประจำวัน การเดินทาง และการทำงาน (Natural Spoken English),"Relax, everything is fine."
1116,Sentence (ประโยค),st_0652,It's not the end of the world.,มันไม่ใช่จุดจบของโลก,อารมณ์ ความรู้สึก,RECOMMENDED,ประโยคสนทนาร่วมสมัยที่ใช้งานได้จริงในชีวิตประจำวัน การเดินทาง และการทำงาน (Natural Spoken English),It's not the end of the world.
1117,Sentence (ประโยค),st_0653,It could be worse.,มันอาจจะแย่กว่านี้ก็ได้,อารมณ์ ความรู้สึก,RECOMMENDED,ประโยคสนทนาร่วมสมัยที่ใช้งานได้จริงในชีวิตประจำวัน การเดินทาง และการทำงาน (Natural Spoken English),It could be worse.
1118,Sentence (ประโยค),st_0654,There's always a next time.,มีครั้งหน้าเสมอ,อารมณ์ ความรู้สึก,RECOMMENDED,ประโยคสนทนาร่วมสมัยที่ใช้งานได้จริงในชีวิตประจำวัน การเดินทาง และการทำงาน (Natural Spoken English),There's always a next time.
1119,Sentence (ประโยค),st_0655,Don't give up.,อย่ายอมแพ้,อารมณ์ ความรู้สึก,RECOMMENDED,ประโยคสนทนาร่วมสมัยที่ใช้งานได้จริงในชีวิตประจำวัน การเดินทาง และการทำงาน (Natural Spoken English),Don't give up.
1120,Sentence (ประโยค),st_0656,"Keep going, you can do it.",ไปต่อเถอะ ทำได้อยู่แล้ว,อารมณ์ ความรู้สึก,RECOMMENDED,ประโยคสนทนาร่วมสมัยที่ใช้งานได้จริงในชีวิตประจำวัน การเดินทาง และการทำงาน (Natural Spoken English),"Keep going, you can do it."
1121,Sentence (ประโยค),st_0657,You can do it.,คุณทำได้,อารมณ์ ความรู้สึก,RECOMMENDED,ประโยคสนทนาร่วมสมัยที่ใช้งานได้จริงในชีวิตประจำวัน การเดินทาง และการทำงาน (Natural Spoken English),You can do it.
1122,Sentence (ประโยค),st_0658,I believe in you.,ฉันเชื่อในตัวคุณ,อารมณ์ ความรู้สึก,RECOMMENDED,ประโยคสนทนาร่วมสมัยที่ใช้งานได้จริงในชีวิตประจำวัน การเดินทาง และการทำงาน (Natural Spoken English),I believe in you.
1123,Sentence (ประโยค),st_0659,I'm proud of what you've achieved.,ฉันภูมิใจในสิ่งที่คุณทำสำเร็จ,อารมณ์ ความรู้สึก,RECOMMENDED,ประโยคสนทนาร่วมสมัยที่ใช้งานได้จริงในชีวิตประจำวัน การเดินทาง และการทำงาน (Natural Spoken English),I'm proud of what you've achieved.
1124,Sentence (ประโยค),st_0660,I understand how you feel.,ฉันเข้าใจความรู้สึกของคุณ,อารมณ์ ความรู้สึก,RECOMMENDED,ประโยคสนทนาร่วมสมัยที่ใช้งานได้จริงในชีวิตประจำวัน การเดินทาง และการทำงาน (Natural Spoken English),I understand how you feel.
1125,Sentence (ประโยค),st_0661,I'm here for you.,ฉันอยู่ตรงนี้เพื่อคุณ,อารมณ์ ความรู้สึก,RECOMMENDED,ประโยคสนทนาร่วมสมัยที่ใช้งานได้จริงในชีวิตประจำวัน การเดินทาง และการทำงาน (Natural Spoken English),I'm here for you.
1126,Sentence (ประโยค),st_0662,You're not alone.,คุณไม่ได้อยู่คนเดียว,อารมณ์ ความรู้สึก,RECOMMENDED,ประโยคสนทนาร่วมสมัยที่ใช้งานได้จริงในชีวิตประจำวัน การเดินทาง และการทำงาน (Natural Spoken English),You're not alone.
1127,Sentence (ประโยค),st_0663,It's okay to cry.,ร้องไห้ได้ไม่ผิด,อารมณ์ ความรู้สึก,RECOMMENDED,ประโยคสนทนาร่วมสมัยที่ใช้งานได้จริงในชีวิตประจำวัน การเดินทาง และการทำงาน (Natural Spoken English),It's okay to cry.
1128,Sentence (ประโยค),st_0664,Let it out.,ระบายออกมาเถอะ,อารมณ์ ความรู้สึก,RECOMMENDED,ประโยคสนทนาร่วมสมัยที่ใช้งานได้จริงในชีวิตประจำวัน การเดินทาง และการทำงาน (Natural Spoken English),Let it out.
1129,Sentence (ประโยค),st_0665,I'll support you no matter what.,ฉันจะสนับสนุนคุณไม่ว่ายังไง,อารมณ์ ความรู้สึก,RECOMMENDED,ประโยคสนทนาร่วมสมัยที่ใช้งานได้จริงในชีวิตประจำวัน การเดินทาง และการทำงาน (Natural Spoken English),I'll support you no matter what.
1130,Sentence (ประโยค),st_0666,I'll always be by your side.,ฉันจะอยู่ข้างคุณเสมอ,อารมณ์ ความรู้สึก,RECOMMENDED,ประโยคสนทนาร่วมสมัยที่ใช้งานได้จริงในชีวิตประจำวัน การเดินทาง และการทำงาน (Natural Spoken English),I'll always be by your side.
1131,Sentence (ประโยค),st_0667,I feel grateful to have you.,ฉันรู้สึกขอบคุณที่มีคุณ,อารมณ์ ความรู้สึก,RECOMMENDED,ประโยคสนทนาร่วมสมัยที่ใช้งานได้จริงในชีวิตประจำวัน การเดินทาง และการทำงาน (Natural Spoken English),I feel grateful to have you.
1132,Sentence (ประโยค),st_0668,You mean the world to me.,คุณคือโลกทั้งใบของฉัน,อารมณ์ ความรู้สึก,RECOMMENDED,ประโยคสนทนาร่วมสมัยที่ใช้งานได้จริงในชีวิตประจำวัน การเดินทาง และการทำงาน (Natural Spoken English),You mean the world to me.
1133,Sentence (ประโยค),st_0669,I appreciate you.,ฉันซาบซึ้งในตัวคุณ,อารมณ์ ความรู้สึก,RECOMMENDED,ประโยคสนทนาร่วมสมัยที่ใช้งานได้จริงในชีวิตประจำวัน การเดินทาง และการทำงาน (Natural Spoken English),I appreciate you.
1134,Sentence (ประโยค),st_0670,Thank you for being here.,ขอบคุณที่อยู่ตรงนี้,อารมณ์ ความรู้สึก,RECOMMENDED,ประโยคสนทนาร่วมสมัยที่ใช้งานได้จริงในชีวิตประจำวัน การเดินทาง และการทำงาน (Natural Spoken English),Thank you for being here.
1135,Sentence (ประโยค),st_0671,I feel blessed.,ฉันรู้สึกโชคดีและมีความสุขมาก,อารมณ์ ความรู้สึก,RECOMMENDED,ประโยคสนทนาร่วมสมัยที่ใช้งานได้จริงในชีวิตประจำวัน การเดินทาง และการทำงาน (Natural Spoken English),I feel blessed.
1136,Sentence (ประโยค),st_0672,Life is beautiful.,ชีวิตมันสวยงาม,อารมณ์ ความรู้สึก,RECOMMENDED,ประโยคสนทนาร่วมสมัยที่ใช้งานได้จริงในชีวิตประจำวัน การเดินทาง และการทำงาน (Natural Spoken English),Life is beautiful.
1137,Sentence (ประโยค),st_0673,Stay positive.,มองโลกในแง่ดี,อารมณ์ ความรู้สึก,RECOMMENDED,ประโยคสนทนาร่วมสมัยที่ใช้งานได้จริงในชีวิตประจำวัน การเดินทาง และการทำงาน (Natural Spoken English),Stay positive.
1138,Sentence (ประโยค),st_0674,"Focus on the silver lining, things will eventually improve.",พยายามมองหาข้อดีในเรื่องร้ายนะ เดี๋ยวทุกอย่างก็จะดีขึ้นในที่สุด,อารมณ์ ความรู้สึก,RECOMMENDED,ประโยคสนทนาร่วมสมัยที่ใช้งานได้จริงในชีวิตประจำวัน การเดินทาง และการทำงาน (Natural Spoken English),"Focus on the silver lining, things will eventually improve."
1139,Sentence (ประโยค),st_0675,Every cloud has a silver lining.,ฝนตกฟ้าดี ทุกปัญหามีทางออก,อารมณ์ ความรู้สึก,RECOMMENDED,ประโยคสนทนาร่วมสมัยที่ใช้งานได้จริงในชีวิตประจำวัน การเดินทาง และการทำงาน (Natural Spoken English),Every cloud has a silver lining.
1140,Sentence (ประโยค),st_0676,Tomorrow is another day.,พรุ่งนี้ก็ยังมีวันใหม่,อารมณ์ ความรู้สึก,RECOMMENDED,ประโยคสนทนาร่วมสมัยที่ใช้งานได้จริงในชีวิตประจำวัน การเดินทาง และการทำงาน (Natural Spoken English),Tomorrow is another day.
1141,Sentence (ประโยค),st_0677,Could you please do me a quick favor?,ช่วยอะไรฉันสักอย่างได้ไหมครับ/ค่ะ,การขอร้อง ขอบคุณ ขอโทษ,RECOMMENDED,ประโยคสนทนาร่วมสมัยที่ใช้งานได้จริงในชีวิตประจำวัน การเดินทาง และการทำงาน (Natural Spoken English),Could you please do me a quick favor?
1142,Sentence (ประโยค),st_0678,"Thank you, I couldn't have pulled it off without your help.",ขอบคุณมากนะ ถ้าไม่มีคุณช่วยฉันคงทำไม่สำเร็จ,การขอร้อง ขอบคุณ ขอโทษ,RECOMMENDED,ประโยคสนทนาร่วมสมัยที่ใช้งานได้จริงในชีวิตประจำวัน การเดินทาง และการทำงาน (Natural Spoken English),"Thank you, I couldn't have pulled it off without your help."
1143,Sentence (ประโยค),st_0679,Thanks a million for lending a helping hand!,ขอบคุณมากๆ จากใจเลยนะที่ช่วยยื่นมือเข้ามา!,การขอร้อง ขอบคุณ ขอโทษ,RECOMMENDED,ประโยคสนทนาร่วมสมัยที่ใช้งานได้จริงในชีวิตประจำวัน การเดินทาง และการทำงาน (Natural Spoken English),Thanks a million for lending a helping hand!
1144,Sentence (ประโยค),st_0680,Thank you so much.,ขอบคุณมากๆ,การขอร้อง ขอบคุณ ขอโทษ,RECOMMENDED,ประโยคสนทนาร่วมสมัยที่ใช้งานได้จริงในชีวิตประจำวัน การเดินทาง และการทำงาน (Natural Spoken English),Thank you so much.
1145,Sentence (ประโยค),st_0681,I really appreciate it.,ฉันซาบซึ้งมาก,การขอร้อง ขอบคุณ ขอโทษ,RECOMMENDED,ประโยคสนทนาร่วมสมัยที่ใช้งานได้จริงในชีวิตประจำวัน การเดินทาง และการทำงาน (Natural Spoken English),I really appreciate it.
1146,Sentence (ประโยค),st_0682,You're very kind.,คุณใจดีมาก,การขอร้อง ขอบคุณ ขอโทษ,RECOMMENDED,ประโยคสนทนาร่วมสมัยที่ใช้งานได้จริงในชีวิตประจำวัน การเดินทาง และการทำงาน (Natural Spoken English),You're very kind.
1147,Sentence (ประโยค),st_0683,I owe you one.,ฉันติดค้างคุณไว้ครั้งหนึ่งนะ / ไว้ฉันตอบแทนนะ,การขอร้อง ขอบคุณ ขอโทษ,RECOMMENDED,ประโยคสนทนาร่วมสมัยที่ใช้งานได้จริงในชีวิตประจำวัน การเดินทาง และการทำงาน (Natural Spoken English),I owe you one.
1148,Sentence (ประโยค),st_0684,"You're more than welcome, glad I could be of help!",ยินดีเป็นอย่างยิ่งเลย ดีใจที่ได้ช่วยนะ!,การขอร้อง ขอบคุณ ขอโทษ,RECOMMENDED,ประโยคสนทนาร่วมสมัยที่ใช้งานได้จริงในชีวิตประจำวัน การเดินทาง และการทำงาน (Natural Spoken English),"You're more than welcome, glad I could be of help!"
1149,Sentence (ประโยค),st_0685,No problem.,ไม่มีปัญหา,การขอร้อง ขอบคุณ ขอโทษ,RECOMMENDED,ประโยคสนทนาร่วมสมัยที่ใช้งานได้จริงในชีวิตประจำวัน การเดินทาง และการทำงาน (Natural Spoken English),No problem.
1150,Sentence (ประโยค),st_0686,Don't mention it.,ไม่เป็นไร ไม่ต้องเกรงใจ,การขอร้อง ขอบคุณ ขอโทษ,RECOMMENDED,ประโยคสนทนาร่วมสมัยที่ใช้งานได้จริงในชีวิตประจำวัน การเดินทาง และการทำงาน (Natural Spoken English),Don't mention it.
1151,Sentence (ประโยค),st_0687,It was nothing.,เรื่องเล็กน้อยมากครับ / ไม่เป็นไรเลยครับ,การขอร้อง ขอบคุณ ขอโทษ,RECOMMENDED,ประโยคสนทนาร่วมสมัยที่ใช้งานได้จริงในชีวิตประจำวัน การเดินทาง และการทำงาน (Natural Spoken English),It was nothing.
1152,Sentence (ประโยค),st_0688,Anytime.,ยินดีเสมอครับ / ด้วยความยินดีเลย,การขอร้อง ขอบคุณ ขอโทษ,RECOMMENDED,ประโยคสนทนาร่วมสมัยที่ใช้งานได้จริงในชีวิตประจำวัน การเดินทาง และการทำงาน (Natural Spoken English),Anytime.
1153,Sentence (ประโยค),st_0689,Excuse me.,ขอโทษนะ / ขออนุญาต,การขอร้อง ขอบคุณ ขอโทษ,RECOMMENDED,ประโยคสนทนาร่วมสมัยที่ใช้งานได้จริงในชีวิตประจำวัน การเดินทาง และการทำงาน (Natural Spoken English),Excuse me.
1154,Sentence (ประโยค),st_0690,Pardon me.,ขอโทษนะครับ/ค่ะ,การขอร้อง ขอบคุณ ขอโทษ,RECOMMENDED,ประโยคสนทนาร่วมสมัยที่ใช้งานได้จริงในชีวิตประจำวัน การเดินทาง และการทำงาน (Natural Spoken English),Pardon me.
1155,Sentence (ประโยค),st_0691,Sorry to bother you.,ขอโทษที่รบกวน,การขอร้อง ขอบคุณ ขอโทษ,RECOMMENDED,ประโยคสนทนาร่วมสมัยที่ใช้งานได้จริงในชีวิตประจำวัน การเดินทาง และการทำงาน (Natural Spoken English),Sorry to bother you.
1156,Sentence (ประโยค),st_0692,Sorry for the delay.,ขอโทษที่ล่าช้า,การขอร้อง ขอบคุณ ขอโทษ,RECOMMENDED,ประโยคสนทนาร่วมสมัยที่ใช้งานได้จริงในชีวิตประจำวัน การเดินทาง และการทำงาน (Natural Spoken English),Sorry for the delay.
1157,Sentence (ประโยค),st_0693,I'm truly sorry for the confusion and delay.,ฉันต้องขอโทษจากใจจริงๆ สำหรับความสับสนและความล่าช้า,การขอร้อง ขอบคุณ ขอโทษ,RECOMMENDED,ประโยคสนทนาร่วมสมัยที่ใช้งานได้จริงในชีวิตประจำวัน การเดินทาง และการทำงาน (Natural Spoken English),I'm truly sorry for the confusion and delay.
1158,Sentence (ประโยค),st_0694,I apologize.,ฉันขอโทษ,การขอร้อง ขอบคุณ ขอโทษ,RECOMMENDED,ประโยคสนทนาร่วมสมัยที่ใช้งานได้จริงในชีวิตประจำวัน การเดินทาง และการทำงาน (Natural Spoken English),I apologize.
1159,Sentence (ประโยค),st_0695,My apologies.,ขอโทษด้วยครับ/ค่ะ,การขอร้อง ขอบคุณ ขอโทษ,RECOMMENDED,ประโยคสนทนาร่วมสมัยที่ใช้งานได้จริงในชีวิตประจำวัน การเดินทาง และการทำงาน (Natural Spoken English),My apologies.
1160,Sentence (ประโยค),st_0696,I'm really sorry.,ฉันขอโทษจริงๆ,การขอร้อง ขอบคุณ ขอโทษ,RECOMMENDED,ประโยคสนทนาร่วมสมัยที่ใช้งานได้จริงในชีวิตประจำวัน การเดินทาง และการทำงาน (Natural Spoken English),I'm really sorry.
1161,Sentence (ประโยค),st_0697,I'm sorry for what I said.,ขอโทษที่พูดแบบนั้น,การขอร้อง ขอบคุณ ขอโทษ,RECOMMENDED,ประโยคสนทนาร่วมสมัยที่ใช้งานได้จริงในชีวิตประจำวัน การเดินทาง และการทำงาน (Natural Spoken English),I'm sorry for what I said.
1162,Sentence (ประโยค),st_0698,I didn't mean to hurt you.,ฉันไม่ได้ตั้งใจจะทำร้ายคุณ,การขอร้อง ขอบคุณ ขอโทษ,RECOMMENDED,ประโยคสนทนาร่วมสมัยที่ใช้งานได้จริงในชีวิตประจำวัน การเดินทาง และการทำงาน (Natural Spoken English),I didn't mean to hurt you.
1163,Sentence (ประโยค),st_0699,It was my fault.,มันเป็นความผิดของฉัน,การขอร้อง ขอบคุณ ขอโทษ,RECOMMENDED,ประโยคสนทนาร่วมสมัยที่ใช้งานได้จริงในชีวิตประจำวัน การเดินทาง และการทำงาน (Natural Spoken English),It was my fault.
1164,Sentence (ประโยค),st_0700,Please forgive me.,ได้โปรดยกโทษให้ฉัน,การขอร้อง ขอบคุณ ขอโทษ,RECOMMENDED,ประโยคสนทนาร่วมสมัยที่ใช้งานได้จริงในชีวิตประจำวัน การเดินทาง และการทำงาน (Natural Spoken English),Please forgive me.
1165,Sentence (ประโยค),st_0701,I won't let it happen again.,ฉันจะไม่ให้มันเกิดขึ้นอีก,การขอร้อง ขอบคุณ ขอโทษ,RECOMMENDED,ประโยคสนทนาร่วมสมัยที่ใช้งานได้จริงในชีวิตประจำวัน การเดินทาง และการทำงาน (Natural Spoken English),I won't let it happen again.
1166,Sentence (ประโยค),st_0702,That's okay.,ไม่เป็นไร,การขอร้อง ขอบคุณ ขอโทษ,RECOMMENDED,ประโยคสนทนาร่วมสมัยที่ใช้งานได้จริงในชีวิตประจำวัน การเดินทาง และการทำงาน (Natural Spoken English),That's okay.
1167,Sentence (ประโยค),st_0703,"It's no big deal, don't worry about it at all.",ไม่ใช่เรื่องใหญ่อะไรเลย ไม่ต้องกังวลเลยนะ,การขอร้อง ขอบคุณ ขอโทษ,RECOMMENDED,ประโยคสนทนาร่วมสมัยที่ใช้งานได้จริงในชีวิตประจำวัน การเดินทาง และการทำงาน (Natural Spoken English),"It's no big deal, don't worry about it at all."
1168,Sentence (ประโยค),st_0704,Forget about it.,ลืมมันไปเถอะ,การขอร้อง ขอบคุณ ขอโทษ,RECOMMENDED,ประโยคสนทนาร่วมสมัยที่ใช้งานได้จริงในชีวิตประจำวัน การเดินทาง และการทำงาน (Natural Spoken English),Forget about it.
1169,Sentence (ประโยค),st_0705,Never mind.,ช่างเถอะ,การขอร้อง ขอบคุณ ขอโทษ,RECOMMENDED,ประโยคสนทนาร่วมสมัยที่ใช้งานได้จริงในชีวิตประจำวัน การเดินทาง และการทำงาน (Natural Spoken English),Never mind.
1170,Sentence (ประโยค),st_0706,Could you help me?,ช่วยฉันหน่อยได้ไหม,การขอร้อง ขอบคุณ ขอโทษ,RECOMMENDED,ประโยคสนทนาร่วมสมัยที่ใช้งานได้จริงในชีวิตประจำวัน การเดินทาง และการทำงาน (Natural Spoken English),Could you help me?
1171,Sentence (ประโยค),st_0707,Would you mind helping me?,ช่วยฉันหน่อยได้ไหม,การขอร้อง ขอบคุณ ขอโทษ,RECOMMENDED,ประโยคสนทนาร่วมสมัยที่ใช้งานได้จริงในชีวิตประจำวัน การเดินทาง และการทำงาน (Natural Spoken English),Would you mind helping me?
1172,Sentence (ประโยค),st_0708,Can you do me a favor?,ช่วยฉันหน่อยได้ไหม,การขอร้อง ขอบคุณ ขอโทษ,RECOMMENDED,ประโยคสนทนาร่วมสมัยที่ใช้งานได้จริงในชีวิตประจำวัน การเดินทาง และการทำงาน (Natural Spoken English),Can you do me a favor?
1173,Sentence (ประโยค),st_0709,I need your help.,ฉันต้องการความช่วยเหลือ,การขอร้อง ขอบคุณ ขอโทษ,RECOMMENDED,ประโยคสนทนาร่วมสมัยที่ใช้งานได้จริงในชีวิตประจำวัน การเดินทาง และการทำงาน (Natural Spoken English),I need your help.
1174,Sentence (ประโยค),st_0710,Can I ask you something?,ถามอะไรหน่อยได้ไหม,การขอร้อง ขอบคุณ ขอโทษ,RECOMMENDED,ประโยคสนทนาร่วมสมัยที่ใช้งานได้จริงในชีวิตประจำวัน การเดินทาง และการทำงาน (Natural Spoken English),Can I ask you something?
1175,Sentence (ประโยค),st_0711,May I ask a question?,ขอถามคำถามได้ไหม,การขอร้อง ขอบคุณ ขอโทษ,RECOMMENDED,ประโยคสนทนาร่วมสมัยที่ใช้งานได้จริงในชีวิตประจำวัน การเดินทาง และการทำงาน (Natural Spoken English),May I ask a question?
1176,Sentence (ประโยค),st_0712,May I come in?,เข้าไปได้ไหม,การขอร้อง ขอบคุณ ขอโทษ,RECOMMENDED,ประโยคสนทนาร่วมสมัยที่ใช้งานได้จริงในชีวิตประจำวัน การเดินทาง และการทำงาน (Natural Spoken English),May I come in?
1177,Sentence (ประโยค),st_0713,Could I use your phone?,ขอยืมโทรศัพท์หน่อยได้ไหม,การขอร้อง ขอบคุณ ขอโทษ,RECOMMENDED,ประโยคสนทนาร่วมสมัยที่ใช้งานได้จริงในชีวิตประจำวัน การเดินทาง และการทำงาน (Natural Spoken English),Could I use your phone?
1178,Sentence (ประโยค),st_0714,Is it okay if I sit here?,นั่งตรงนี้ได้ไหม,การขอร้อง ขอบคุณ ขอโทษ,RECOMMENDED,ประโยคสนทนาร่วมสมัยที่ใช้งานได้จริงในชีวิตประจำวัน การเดินทาง และการทำงาน (Natural Spoken English),Is it okay if I sit here?
1179,Sentence (ประโยค),st_0715,Do you mind if I open the window?,เปิดหน้าต่างได้ไหม,การขอร้อง ขอบคุณ ขอโทษ,RECOMMENDED,ประโยคสนทนาร่วมสมัยที่ใช้งานได้จริงในชีวิตประจำวัน การเดินทาง และการทำงาน (Natural Spoken English),Do you mind if I open the window?
1180,Sentence (ประโยค),st_0716,Please be quiet.,กรุณาเงียบๆ หน่อย,การขอร้อง ขอบคุณ ขอโทษ,RECOMMENDED,ประโยคสนทนาร่วมสมัยที่ใช้งานได้จริงในชีวิตประจำวัน การเดินทาง และการทำงาน (Natural Spoken English),Please be quiet.
1181,Sentence (ประโยค),st_0717,Please wait for me.,กรุณารอฉันด้วย,การขอร้อง ขอบคุณ ขอโทษ,RECOMMENDED,ประโยคสนทนาร่วมสมัยที่ใช้งานได้จริงในชีวิตประจำวัน การเดินทาง และการทำงาน (Natural Spoken English),Please wait for me.
1182,Sentence (ประโยค),st_0718,Please don't go.,ได้โปรดอย่าไป,การขอร้อง ขอบคุณ ขอโทษ,RECOMMENDED,ประโยคสนทนาร่วมสมัยที่ใช้งานได้จริงในชีวิตประจำวัน การเดินทาง และการทำงาน (Natural Spoken English),Please don't go.
1183,Sentence (ประโยค),st_0719,"Come with me, please.",มากับฉันหน่อย,การขอร้อง ขอบคุณ ขอโทษ,RECOMMENDED,ประโยคสนทนาร่วมสมัยที่ใช้งานได้จริงในชีวิตประจำวัน การเดินทาง และการทำงาน (Natural Spoken English),"Come with me, please."
1184,Sentence (ประโยค),st_0720,"Help me, please.",ช่วยฉันด้วย,การขอร้อง ขอบคุณ ขอโทษ,RECOMMENDED,ประโยคสนทนาร่วมสมัยที่ใช้งานได้จริงในชีวิตประจำวัน การเดินทาง และการทำงาน (Natural Spoken English),"Help me, please."
1185,Sentence (ประโยค),st_0721,I think so.,ฉันคิดว่าใช่,แสดงความคิดเห็น,RECOMMENDED,ประโยคสนทนาร่วมสมัยที่ใช้งานได้จริงในชีวิตประจำวัน การเดินทาง และการทำงาน (Natural Spoken English),I think so.
1186,Sentence (ประโยค),st_0722,I don't think so.,ฉันว่าไม่ใช่,แสดงความคิดเห็น,RECOMMENDED,ประโยคสนทนาร่วมสมัยที่ใช้งานได้จริงในชีวิตประจำวัน การเดินทาง และการทำงาน (Natural Spoken English),I don't think so.
1187,Sentence (ประโยค),st_0723,I couldn't agree with you more on this point.,เรื่องนี้ฉันเห็นด้วยกับประเด็นของคุณอย่างยิ่งเลย,แสดงความคิดเห็น,RECOMMENDED,ประโยคสนทนาร่วมสมัยที่ใช้งานได้จริงในชีวิตประจำวัน การเดินทาง และการทำงาน (Natural Spoken English),I couldn't agree with you more on this point.
1188,Sentence (ประโยค),st_0724,I see things a bit differently from your perspective.,ฉันมองต่างออกไปจากมุมมองของคุณนิดหน่อยนะ,แสดงความคิดเห็น,RECOMMENDED,ประโยคสนทนาร่วมสมัยที่ใช้งานได้จริงในชีวิตประจำวัน การเดินทาง และการทำงาน (Natural Spoken English),I see things a bit differently from your perspective.
1189,Sentence (ประโยค),st_0725,I agree with you.,ฉันเห็นด้วยกับคุณ,แสดงความคิดเห็น,RECOMMENDED,ประโยคสนทนาร่วมสมัยที่ใช้งานได้จริงในชีวิตประจำวัน การเดินทาง และการทำงาน (Natural Spoken English),I agree with you.
1190,Sentence (ประโยค),st_0726,I don't agree with that.,ฉันไม่เห็นด้วยกับสิ่งนั้น,แสดงความคิดเห็น,RECOMMENDED,ประโยคสนทนาร่วมสมัยที่ใช้งานได้จริงในชีวิตประจำวัน การเดินทาง และการทำงาน (Natural Spoken English),I don't agree with that.
1191,Sentence (ประโยค),st_0727,That's a very valid point you just raised.,นั่นเป็นประเด็นที่มีน้ำหนักและน่าคิดมากที่คุณเพิ่งยกขึ้นมา,แสดงความคิดเห็น,RECOMMENDED,ประโยคสนทนาร่วมสมัยที่ใช้งานได้จริงในชีวิตประจำวัน การเดินทาง และการทำงาน (Natural Spoken English),That's a very valid point you just raised.
1192,Sentence (ประโยค),st_0728,You hit the nail right on the head.,คุณพูดได้ตรงเป๊ะ ถูกจุดเลย,แสดงความคิดเห็น,RECOMMENDED,ประโยคสนทนาร่วมสมัยที่ใช้งานได้จริงในชีวิตประจำวัน การเดินทาง และการทำงาน (Natural Spoken English),You hit the nail right on the head.
1193,Sentence (ประโยค),st_0729,You're right.,คุณพูดถูก,แสดงความคิดเห็น,RECOMMENDED,ประโยคสนทนาร่วมสมัยที่ใช้งานได้จริงในชีวิตประจำวัน การเดินทาง และการทำงาน (Natural Spoken English),You're right.
1194,Sentence (ประโยค),st_0730,I'm afraid that information isn't entirely accurate.,เกรงว่าข้อมูลนั้นอาจจะไม่ถูกต้องทั้งหมดครับ/ค่ะ,แสดงความคิดเห็น,RECOMMENDED,ประโยคสนทนาร่วมสมัยที่ใช้งานได้จริงในชีวิตประจำวัน การเดินทาง และการทำงาน (Natural Spoken English),I'm afraid that information isn't entirely accurate.
1195,Sentence (ประโยค),st_0731,I'm not sure.,ฉันไม่แน่ใจ,แสดงความคิดเห็น,RECOMMENDED,ประโยคสนทนาร่วมสมัยที่ใช้งานได้จริงในชีวิตประจำวัน การเดินทาง และการทำงาน (Natural Spoken English),I'm not sure.
1196,Sentence (ประโยค),st_0732,Maybe you're right.,บางทีคุณอาจจะถูก,แสดงความคิดเห็น,RECOMMENDED,ประโยคสนทนาร่วมสมัยที่ใช้งานได้จริงในชีวิตประจำวัน การเดินทาง และการทำงาน (Natural Spoken English),Maybe you're right.
1197,Sentence (ประโยค),st_0733,I doubt it.,ฉันคิดว่าคงไม่ / ไม่น่าจะใช่นะ,แสดงความคิดเห็น,RECOMMENDED,ประโยคสนทนาร่วมสมัยที่ใช้งานได้จริงในชีวิตประจำวัน การเดินทาง และการทำงาน (Natural Spoken English),I doubt it.
1198,Sentence (ประโยค),st_0734,I'm not convinced.,ฉันยังไม่เชื่อ,แสดงความคิดเห็น,RECOMMENDED,ประโยคสนทนาร่วมสมัยที่ใช้งานได้จริงในชีวิตประจำวัน การเดินทาง และการทำงาน (Natural Spoken English),I'm not convinced.
1199,Sentence (ประโยค),st_0735,It depends.,แล้วแต่สถานการณ์,แสดงความคิดเห็น,RECOMMENDED,ประโยคสนทนาร่วมสมัยที่ใช้งานได้จริงในชีวิตประจำวัน การเดินทาง และการทำงาน (Natural Spoken English),It depends.
1200,Sentence (ประโยค),st_0736,That makes sense.,นั่นสมเหตุสมผล,แสดงความคิดเห็น,RECOMMENDED,ประโยคสนทนาร่วมสมัยที่ใช้งานได้จริงในชีวิตประจำวัน การเดินทาง และการทำงาน (Natural Spoken English),That makes sense.
1201,Sentence (ประโยค),st_0737,That doesn't make sense.,นั่นไม่สมเหตุสมผล,แสดงความคิดเห็น,RECOMMENDED,ประโยคสนทนาร่วมสมัยที่ใช้งานได้จริงในชีวิตประจำวัน การเดินทาง และการทำงาน (Natural Spoken English),That doesn't make sense.
1202,Sentence (ประโยค),st_0738,I see your point.,ฉันเข้าใจประเด็นของคุณ,แสดงความคิดเห็น,RECOMMENDED,ประโยคสนทนาร่วมสมัยที่ใช้งานได้จริงในชีวิตประจำวัน การเดินทาง และการทำงาน (Natural Spoken English),I see your point.
1203,Sentence (ประโยค),st_0739,Good point.,ประเด็นดี,แสดงความคิดเห็น,RECOMMENDED,ประโยคสนทนาร่วมสมัยที่ใช้งานได้จริงในชีวิตประจำวัน การเดินทาง และการทำงาน (Natural Spoken English),Good point.
1204,Sentence (ประโยค),st_0740,Fair enough.,ก็สมเหตุสมผลดี / เข้าใจได้,แสดงความคิดเห็น,RECOMMENDED,ประโยคสนทนาร่วมสมัยที่ใช้งานได้จริงในชีวิตประจำวัน การเดินทาง และการทำงาน (Natural Spoken English),Fair enough.
1205,Sentence (ประโยค),st_0741,Let's agree to disagree.,ถือว่าเราเห็นต่างกันนะ / ต่างคนต่างความคิดนะ,แสดงความคิดเห็น,RECOMMENDED,ประโยคสนทนาร่วมสมัยที่ใช้งานได้จริงในชีวิตประจำวัน การเดินทาง และการทำงาน (Natural Spoken English),Let's agree to disagree.
1206,Sentence (ประโยค),st_0742,In my opinion...,ในความคิดของฉัน...,แสดงความคิดเห็น,RECOMMENDED,ประโยคสนทนาร่วมสมัยที่ใช้งานได้จริงในชีวิตประจำวัน การเดินทาง และการทำงาน (Natural Spoken English),In my opinion...
1207,Sentence (ประโยค),st_0743,From my point of view...,จากมุมมองของฉัน...,แสดงความคิดเห็น,RECOMMENDED,ประโยคสนทนาร่วมสมัยที่ใช้งานได้จริงในชีวิตประจำวัน การเดินทาง และการทำงาน (Natural Spoken English),From my point of view...
1208,Sentence (ประโยค),st_0744,As far as I know...,เท่าที่ฉันรู้...,แสดงความคิดเห็น,RECOMMENDED,ประโยคสนทนาร่วมสมัยที่ใช้งานได้จริงในชีวิตประจำวัน การเดินทาง และการทำงาน (Natural Spoken English),As far as I know...
1209,Sentence (ประโยค),st_0745,To be honest...,พูดตรงๆ นะ...,แสดงความคิดเห็น,RECOMMENDED,ประโยคสนทนาร่วมสมัยที่ใช้งานได้จริงในชีวิตประจำวัน การเดินทาง และการทำงาน (Natural Spoken English),To be honest...
1210,Sentence (ประโยค),st_0746,Honestly speaking...,พูดตามตรง...,แสดงความคิดเห็น,RECOMMENDED,ประโยคสนทนาร่วมสมัยที่ใช้งานได้จริงในชีวิตประจำวัน การเดินทาง และการทำงาน (Natural Spoken English),Honestly speaking...
1211,Sentence (ประโยค),st_0747,It's up to you.,แล้วแต่คุณ,แสดงความคิดเห็น,RECOMMENDED,ประโยคสนทนาร่วมสมัยที่ใช้งานได้จริงในชีวิตประจำวัน การเดินทาง และการทำงาน (Natural Spoken English),It's up to you.
1212,Sentence (ประโยค),st_0748,Whatever you decide is fine.,คุณตัดสินใจอะไรก็ได้,แสดงความคิดเห็น,RECOMMENDED,ประโยคสนทนาร่วมสมัยที่ใช้งานได้จริงในชีวิตประจำวัน การเดินทาง และการทำงาน (Natural Spoken English),Whatever you decide is fine.
1213,Sentence (ประโยค),st_0749,Both are good options.,ทั้งสองตัวเลือกก็ดีทั้งคู่,แสดงความคิดเห็น,RECOMMENDED,ประโยคสนทนาร่วมสมัยที่ใช้งานได้จริงในชีวิตประจำวัน การเดินทาง และการทำงาน (Natural Spoken English),Both are good options.
1214,Sentence (ประโยค),st_0750,I'll go with your suggestion.,ฉันจะทำตามข้อเสนอของคุณ,แสดงความคิดเห็น,RECOMMENDED,ประโยคสนทนาร่วมสมัยที่ใช้งานได้จริงในชีวิตประจำวัน การเดินทาง และการทำงาน (Natural Spoken English),I'll go with your suggestion.
1215,Sentence (ประโยค),st_0751,"Trust me on this, I know exactly what I'm doing.",เชื่อใจฉันในเรื่องนี้เถอะ ฉันรู้ชัดเจนว่ากำลังทำอะไรอยู่,ประโยคในหนัง ซีรีส์,RECOMMENDED,ประโยคสนทนาร่วมสมัยที่ใช้งานได้จริงในชีวิตประจำวัน การเดินทาง และการทำงาน (Natural Spoken English),"Trust me on this, I know exactly what I'm doing."
1216,Sentence (ประโยค),st_0752,I promise you won't regret taking this chance.,ฉันสัญญาเลยว่าคุณจะไม่เสียใจที่คว้าโอกาสนี้ไว้,ประโยคในหนัง ซีรีส์,RECOMMENDED,ประโยคสนทนาร่วมสมัยที่ใช้งานได้จริงในชีวิตประจำวัน การเดินทาง และการทำงาน (Natural Spoken English),I promise you won't regret taking this chance.
1217,Sentence (ประโยค),st_0753,I swear I had nothing to do with what happened.,ฉันสาบานได้เลยว่าฉันไม่มีส่วนเกี่ยวข้องกับสิ่งที่เกิดขึ้น,ประโยคในหนัง ซีรีส์,RECOMMENDED,ประโยคสนทนาร่วมสมัยที่ใช้งานได้จริงในชีวิตประจำวัน การเดินทาง และการทำงาน (Natural Spoken English),I swear I had nothing to do with what happened.
1218,Sentence (ประโยค),st_0754,Are you serious?,คุณพูดจริงเหรอ,ประโยคในหนัง ซีรีส์,RECOMMENDED,ประโยคสนทนาร่วมสมัยที่ใช้งานได้จริงในชีวิตประจำวัน การเดินทาง และการทำงาน (Natural Spoken English),Are you serious?
1219,Sentence (ประโยค),st_0755,"You're kidding, right?",คุณล้อเล่นใช่ไหม,ประโยคในหนัง ซีรีส์,RECOMMENDED,ประโยคสนทนาร่วมสมัยที่ใช้งานได้จริงในชีวิตประจำวัน การเดินทาง และการทำงาน (Natural Spoken English),"You're kidding, right?"
1220,Sentence (ประโยค),st_0756,I'm serious.,ฉันพูดจริง,ประโยคในหนัง ซีรีส์,RECOMMENDED,ประโยคสนทนาร่วมสมัยที่ใช้งานได้จริงในชีวิตประจำวัน การเดินทาง และการทำงาน (Natural Spoken English),I'm serious.
1221,Sentence (ประโยค),st_0757,I mean it.,ฉันพูดจริงนะ,ประโยคในหนัง ซีรีส์,RECOMMENDED,ประโยคสนทนาร่วมสมัยที่ใช้งานได้จริงในชีวิตประจำวัน การเดินทาง และการทำงาน (Natural Spoken English),I mean it.
1222,Sentence (ประโยค),st_0758,That's impossible.,เป็นไปไม่ได้,ประโยคในหนัง ซีรีส์,RECOMMENDED,ประโยคสนทนาร่วมสมัยที่ใช้งานได้จริงในชีวิตประจำวัน การเดินทาง และการทำงาน (Natural Spoken English),That's impossible.
1223,Sentence (ประโยค),st_0759,No way!,ไม่มีทาง,ประโยคในหนัง ซีรีส์,RECOMMENDED,ประโยคสนทนาร่วมสมัยที่ใช้งานได้จริงในชีวิตประจำวัน การเดินทาง และการทำงาน (Natural Spoken English),No way!
1224,Sentence (ประโยค),st_0760,It can't be true.,มันต้องไม่จริง,ประโยคในหนัง ซีรีส์,RECOMMENDED,ประโยคสนทนาร่วมสมัยที่ใช้งานได้จริงในชีวิตประจำวัน การเดินทาง และการทำงาน (Natural Spoken English),It can't be true.
1225,Sentence (ประโยค),st_0761,I can't believe it.,ฉันไม่อยากเชื่อ,ประโยคในหนัง ซีรีส์,RECOMMENDED,ประโยคสนทนาร่วมสมัยที่ใช้งานได้จริงในชีวิตประจำวัน การเดินทาง และการทำงาน (Natural Spoken English),I can't believe it.
1226,Sentence (ประโยค),st_0762,Unbelievable!,เหลือเชื่อ,ประโยคในหนัง ซีรีส์,RECOMMENDED,ประโยคสนทนาร่วมสมัยที่ใช้งานได้จริงในชีวิตประจำวัน การเดินทาง และการทำงาน (Natural Spoken English),Unbelievable!
1227,Sentence (ประโยค),st_0763,That's incredible.,เหลือเชื่อมาก,ประโยคในหนัง ซีรีส์,RECOMMENDED,ประโยคสนทนาร่วมสมัยที่ใช้งานได้จริงในชีวิตประจำวัน การเดินทาง และการทำงาน (Natural Spoken English),That's incredible.
1228,Sentence (ประโยค),st_0764,"That blew my mind, absolutely incredible!",เรื่องนั้นทำให้ฉันทึ่งจนอ้าปากค้างไปเลย สุดยอดจริงๆ!,ประโยคในหนัง ซีรีส์,RECOMMENDED,ประโยคสนทนาร่วมสมัยที่ใช้งานได้จริงในชีวิตประจำวัน การเดินทาง และการทำงาน (Natural Spoken English),"That blew my mind, absolutely incredible!"
1229,Sentence (ประโยค),st_0765,That's amazing!,น่าทึ่งมาก,ประโยคในหนัง ซีรีส์,RECOMMENDED,ประโยคสนทนาร่วมสมัยที่ใช้งานได้จริงในชีวิตประจำวัน การเดินทาง และการทำงาน (Natural Spoken English),That's amazing!
1230,Sentence (ประโยค),st_0766,"Couldn't be better, everything is spot on!",ไม่มีอะไรจะดีไปกว่านี้แล้ว ทุกอย่างเป๊ะสุดๆ!,ประโยคในหนัง ซีรีส์,RECOMMENDED,ประโยคสนทนาร่วมสมัยที่ใช้งานได้จริงในชีวิตประจำวัน การเดินทาง และการทำงาน (Natural Spoken English),"Couldn't be better, everything is spot on!"
1231,Sentence (ประโยค),st_0767,"Keep up the fantastic work, everyone!",ผลงานยอดเยี่ยมมาก ทำดีแบบนี้ต่อไปนะทุกคน!,ประโยคในหนัง ซีรีส์,RECOMMENDED,ประโยคสนทนาร่วมสมัยที่ใช้งานได้จริงในชีวิตประจำวัน การเดินทาง และการทำงาน (Natural Spoken English),"Keep up the fantastic work, everyone!"
1232,Sentence (ประโยค),st_0768,"You completely nailed it, outstanding performance!",คุณทำได้ยอดเยี่ยมเฉียบคมมาก การแสดงผลงานโดดเด่นจริงๆ!,ประโยคในหนัง ซีรีส์,RECOMMENDED,ประโยคสนทนาร่วมสมัยที่ใช้งานได้จริงในชีวิตประจำวัน การเดินทาง และการทำงาน (Natural Spoken English),"You completely nailed it, outstanding performance!"
1233,Sentence (ประโยค),st_0769,"That was a stroke of genius, pure brilliance!",นั่นเป็นความคิดที่ฉลาดล้ำเลิศจริงๆ ยอดเยี่ยมมาก!,ประโยคในหนัง ซีรีส์,RECOMMENDED,ประโยคสนทนาร่วมสมัยที่ใช้งานได้จริงในชีวิตประจำวัน การเดินทาง และการทำงาน (Natural Spoken English),"That was a stroke of genius, pure brilliance!"
1234,Sentence (ประโยค),st_0770,That's brilliant.,เยี่ยมมาก,ประโยคในหนัง ซีรีส์,RECOMMENDED,ประโยคสนทนาร่วมสมัยที่ใช้งานได้จริงในชีวิตประจำวัน การเดินทาง และการทำงาน (Natural Spoken English),That's brilliant.
1235,Sentence (ประโยค),st_0771,Get out of here!,ออกไปจากที่นี่,ประโยคในหนัง ซีรีส์,RECOMMENDED,ประโยคสนทนาร่วมสมัยที่ใช้งานได้จริงในชีวิตประจำวัน การเดินทาง และการทำงาน (Natural Spoken English),Get out of here!
1236,Sentence (ประโยค),st_0772,Get lost!,ไปให้พ้น,ประโยคในหนัง ซีรีส์,RECOMMENDED,ประโยคสนทนาร่วมสมัยที่ใช้งานได้จริงในชีวิตประจำวัน การเดินทาง และการทำงาน (Natural Spoken English),Get lost!
1237,Sentence (ประโยค),st_0773,Leave me alone.,ปล่อยฉันไว้ตามลำพัง,ประโยคในหนัง ซีรีส์,RECOMMENDED,ประโยคสนทนาร่วมสมัยที่ใช้งานได้จริงในชีวิตประจำวัน การเดินทาง และการทำงาน (Natural Spoken English),Leave me alone.
1238,Sentence (ประโยค),st_0774,Stay away from me.,อยู่ห่างๆ ฉันไว้,ประโยคในหนัง ซีรีส์,RECOMMENDED,ประโยคสนทนาร่วมสมัยที่ใช้งานได้จริงในชีวิตประจำวัน การเดินทาง และการทำงาน (Natural Spoken English),Stay away from me.
1239,Sentence (ประโยค),st_0775,Don't touch me!,อย่ามาแตะต้องฉัน,ประโยคในหนัง ซีรีส์,RECOMMENDED,ประโยคสนทนาร่วมสมัยที่ใช้งานได้จริงในชีวิตประจำวัน การเดินทาง และการทำงาน (Natural Spoken English),Don't touch me!
1240,Sentence (ประโยค),st_0776,Back off!,ถอยไป,ประโยคในหนัง ซีรีส์,RECOMMENDED,ประโยคสนทนาร่วมสมัยที่ใช้งานได้จริงในชีวิตประจำวัน การเดินทาง และการทำงาน (Natural Spoken English),Back off!
1241,Sentence (ประโยค),st_0777,Give it back!,คืนมันมา,ประโยคในหนัง ซีรีส์,RECOMMENDED,ประโยคสนทนาร่วมสมัยที่ใช้งานได้จริงในชีวิตประจำวัน การเดินทาง และการทำงาน (Natural Spoken English),Give it back!
1242,Sentence (ประโยค),st_0778,"Hey, that belongs to me, please put it back.",เฮ้ อันนั้นเป็นของฉันนะ ช่วยวางคืนที่เดิมด้วย,ประโยคในหนัง ซีรีส์,RECOMMENDED,ประโยคสนทนาร่วมสมัยที่ใช้งานได้จริงในชีวิตประจำวัน การเดินทาง และการทำงาน (Natural Spoken English),"Hey, that belongs to me, please put it back."
1243,Sentence (ประโยค),st_0779,That's mine.,นั่นของฉัน,ประโยคในหนัง ซีรีส์,RECOMMENDED,ประโยคสนทนาร่วมสมัยที่ใช้งานได้จริงในชีวิตประจำวัน การเดินทาง และการทำงาน (Natural Spoken English),That's mine.
1244,Sentence (ประโยค),st_0780,I found it first.,ฉันเจอมันก่อน,ประโยคในหนัง ซีรีส์,RECOMMENDED,ประโยคสนทนาร่วมสมัยที่ใช้งานได้จริงในชีวิตประจำวัน การเดินทาง และการทำงาน (Natural Spoken English),I found it first.
1245,Sentence (ประโยค),st_0781,Keep an eye on him.,จับตาดูเขาไว้,ประโยคในหนัง ซีรีส์,RECOMMENDED,ประโยคสนทนาร่วมสมัยที่ใช้งานได้จริงในชีวิตประจำวัน การเดินทาง และการทำงาน (Natural Spoken English),Keep an eye on him.
1246,Sentence (ประโยค),st_0782,"Watch your step, the floor is wet and slippery!",ระวังลื่นนะ พื้นมันเปียกและลื่นมาก!,ประโยคในหนัง ซีรีส์,RECOMMENDED,ประโยคสนทนาร่วมสมัยที่ใช้งานได้จริงในชีวิตประจำวัน การเดินทาง และการทำงาน (Natural Spoken English),"Watch your step, the floor is wet and slippery!"
1247,Sentence (ประโยค),st_0783,Keep an eye out for oncoming traffic as you cross.,คอยระวังรถที่วิ่งสวนมาด้วยนะตอนข้ามถนน,ประโยคในหนัง ซีรีส์,RECOMMENDED,ประโยคสนทนาร่วมสมัยที่ใช้งานได้จริงในชีวิตประจำวัน การเดินทาง และการทำงาน (Natural Spoken English),Keep an eye out for oncoming traffic as you cross.
1248,Sentence (ประโยค),st_0784,Be careful.,ระวังให้ดี,ประโยคในหนัง ซีรีส์,RECOMMENDED,ประโยคสนทนาร่วมสมัยที่ใช้งานได้จริงในชีวิตประจำวัน การเดินทาง และการทำงาน (Natural Spoken English),Be careful.
1249,Sentence (ประโยค),st_0785,Careful what you wish for.,ระวังสิ่งที่คุณอธิษฐานไว้,ประโยคในหนัง ซีรีส์,RECOMMENDED,ประโยคสนทนาร่วมสมัยที่ใช้งานได้จริงในชีวิตประจำวัน การเดินทาง และการทำงาน (Natural Spoken English),Careful what you wish for.
1250,Sentence (ประโยค),st_0786,Hurry up!,รีบหน่อย,ประโยคในหนัง ซีรีส์,RECOMMENDED,ประโยคสนทนาร่วมสมัยที่ใช้งานได้จริงในชีวิตประจำวัน การเดินทาง และการทำงาน (Natural Spoken English),Hurry up!
1251,Sentence (ประโยค),st_0787,Let's go!,ไปกันเถอะ,ประโยคในหนัง ซีรีส์,RECOMMENDED,ประโยคสนทนาร่วมสมัยที่ใช้งานได้จริงในชีวิตประจำวัน การเดินทาง และการทำงาน (Natural Spoken English),Let's go!
1252,Sentence (ประโยค),st_0788,Come on!,เร็วเข้า / ไม่เอาน่า,ประโยคในหนัง ซีรีส์,RECOMMENDED,ประโยคสนทนาร่วมสมัยที่ใช้งานได้จริงในชีวิตประจำวัน การเดินทาง และการทำงาน (Natural Spoken English),Come on!
1253,Sentence (ประโยค),st_0789,Follow me.,ตามฉันมา,ประโยคในหนัง ซีรีส์,RECOMMENDED,ประโยคสนทนาร่วมสมัยที่ใช้งานได้จริงในชีวิตประจำวัน การเดินทาง และการทำงาน (Natural Spoken English),Follow me.
1254,Sentence (ประโยค),st_0790,Stop right there!,หยุดตรงนั้น,ประโยคในหนัง ซีรีส์,RECOMMENDED,ประโยคสนทนาร่วมสมัยที่ใช้งานได้จริงในชีวิตประจำวัน การเดินทาง และการทำงาน (Natural Spoken English),Stop right there!
1255,Sentence (ประโยค),st_0791,Hold it right there.,หยุดอยู่ตรงนั้น,ประโยคในหนัง ซีรีส์,RECOMMENDED,ประโยคสนทนาร่วมสมัยที่ใช้งานได้จริงในชีวิตประจำวัน การเดินทาง และการทำงาน (Natural Spoken English),Hold it right there.
1256,Sentence (ประโยค),st_0792,He got away.,เขาหนีไปได้,ประโยคในหนัง ซีรีส์,RECOMMENDED,ประโยคสนทนาร่วมสมัยที่ใช้งานได้จริงในชีวิตประจำวัน การเดินทาง และการทำงาน (Natural Spoken English),He got away.
1257,Sentence (ประโยค),st_0793,Let him go.,ปล่อยเขาไป,ประโยคในหนัง ซีรีส์,RECOMMENDED,ประโยคสนทนาร่วมสมัยที่ใช้งานได้จริงในชีวิตประจำวัน การเดินทาง และการทำงาน (Natural Spoken English),Let him go.
1258,Sentence (ประโยค),st_0794,I'm not afraid of you.,ฉันไม่กลัวคุณ,ประโยคในหนัง ซีรีส์,RECOMMENDED,ประโยคสนทนาร่วมสมัยที่ใช้งานได้จริงในชีวิตประจำวัน การเดินทาง และการทำงาน (Natural Spoken English),I'm not afraid of you.
1259,Sentence (ประโยค),st_0795,You started this.,คุณเริ่มเรื่องนี้เอง,ประโยคในหนัง ซีรีส์,RECOMMENDED,ประโยคสนทนาร่วมสมัยที่ใช้งานได้จริงในชีวิตประจำวัน การเดินทาง และการทำงาน (Natural Spoken English),You started this.
1260,Sentence (ประโยค),st_0796,This is your fault.,นี่เป็นความผิดของคุณ,ประโยคในหนัง ซีรีส์,RECOMMENDED,ประโยคสนทนาร่วมสมัยที่ใช้งานได้จริงในชีวิตประจำวัน การเดินทาง และการทำงาน (Natural Spoken English),This is your fault.
1261,Sentence (ประโยค),st_0797,It's all your fault.,มันเป็นความผิดของคุณทั้งหมด,ประโยคในหนัง ซีรีส์,RECOMMENDED,ประโยคสนทนาร่วมสมัยที่ใช้งานได้จริงในชีวิตประจำวัน การเดินทาง และการทำงาน (Natural Spoken English),It's all your fault.
1262,Sentence (ประโยค),st_0798,Why did you do that?,ทำไมคุณทำแบบนั้น,ประโยคในหนัง ซีรีส์,RECOMMENDED,ประโยคสนทนาร่วมสมัยที่ใช้งานได้จริงในชีวิตประจำวัน การเดินทาง และการทำงาน (Natural Spoken English),Why did you do that?
1263,Sentence (ประโยค),st_0799,What have you done?,คุณทำอะไรลงไป,ประโยคในหนัง ซีรีส์,RECOMMENDED,ประโยคสนทนาร่วมสมัยที่ใช้งานได้จริงในชีวิตประจำวัน การเดินทาง และการทำงาน (Natural Spoken English),What have you done?
1264,Sentence (ประโยค),st_0800,What were you thinking?,คุณคิดอะไรอยู่,ประโยคในหนัง ซีรีส์,RECOMMENDED,ประโยคสนทนาร่วมสมัยที่ใช้งานได้จริงในชีวิตประจำวัน การเดินทาง และการทำงาน (Natural Spoken English),What were you thinking?
1265,Sentence (ประโยค),st_0801,I didn't do it.,ฉันไม่ได้ทำ,ประโยคในหนัง ซีรีส์,RECOMMENDED,ประโยคสนทนาร่วมสมัยที่ใช้งานได้จริงในชีวิตประจำวัน การเดินทาง และการทำงาน (Natural Spoken English),I didn't do it.
1266,Sentence (ประโยค),st_0802,I had no choice.,ฉันไม่มีทางเลือก,ประโยคในหนัง ซีรีส์,RECOMMENDED,ประโยคสนทนาร่วมสมัยที่ใช้งานได้จริงในชีวิตประจำวัน การเดินทาง และการทำงาน (Natural Spoken English),I had no choice.
1267,Sentence (ประโยค),st_0803,You made me do it.,คุณบังคับให้ฉันทำ,ประโยคในหนัง ซีรีส์,RECOMMENDED,ประโยคสนทนาร่วมสมัยที่ใช้งานได้จริงในชีวิตประจำวัน การเดินทาง และการทำงาน (Natural Spoken English),You made me do it.
1268,Sentence (ประโยค),st_0804,I'm telling the truth.,ฉันพูดความจริง,ประโยคในหนัง ซีรีส์,RECOMMENDED,ประโยคสนทนาร่วมสมัยที่ใช้งานได้จริงในชีวิตประจำวัน การเดินทาง และการทำงาน (Natural Spoken English),I'm telling the truth.
1269,Sentence (ประโยค),st_0805,Tell me the truth.,บอกความจริงมา,ประโยคในหนัง ซีรีส์,RECOMMENDED,ประโยคสนทนาร่วมสมัยที่ใช้งานได้จริงในชีวิตประจำวัน การเดินทาง และการทำงาน (Natural Spoken English),Tell me the truth.
1270,Sentence (ประโยค),st_0806,I never lie.,ฉันไม่เคยโกหก,ประโยคในหนัง ซีรีส์,RECOMMENDED,ประโยคสนทนาร่วมสมัยที่ใช้งานได้จริงในชีวิตประจำวัน การเดินทาง และการทำงาน (Natural Spoken English),I never lie.
1271,Sentence (ประโยค),st_0807,Don't lie to me.,อย่าโกหกฉัน,ประโยคในหนัง ซีรีส์,RECOMMENDED,ประโยคสนทนาร่วมสมัยที่ใช้งานได้จริงในชีวิตประจำวัน การเดินทาง และการทำงาน (Natural Spoken English),Don't lie to me.
1272,Sentence (ประโยค),st_0808,I wouldn't lie to you.,ฉันไม่มีทางโกหกคุณหรอก,ประโยคในหนัง ซีรีส์,RECOMMENDED,ประโยคสนทนาร่วมสมัยที่ใช้งานได้จริงในชีวิตประจำวัน การเดินทาง และการทำงาน (Natural Spoken English),I wouldn't lie to you.
1273,Sentence (ประโยค),st_0809,I'm not lying.,ฉันไม่ได้โกหก,ประโยคในหนัง ซีรีส์,RECOMMENDED,ประโยคสนทนาร่วมสมัยที่ใช้งานได้จริงในชีวิตประจำวัน การเดินทาง และการทำงาน (Natural Spoken English),I'm not lying.
1274,Sentence (ประโยค),st_0810,I'm being honest with you.,ฉันพูดตรงๆ กับคุณ,ประโยคในหนัง ซีรีส์,RECOMMENDED,ประโยคสนทนาร่วมสมัยที่ใช้งานได้จริงในชีวิตประจำวัน การเดินทาง และการทำงาน (Natural Spoken English),I'm being honest with you.
1275,Sentence (ประโยค),st_0811,Listen to me.,ฟังฉันก่อน,ประโยคในหนัง ซีรีส์,RECOMMENDED,ประโยคสนทนาร่วมสมัยที่ใช้งานได้จริงในชีวิตประจำวัน การเดินทาง และการทำงาน (Natural Spoken English),Listen to me.
1276,Sentence (ประโยค),st_0812,Hear me out.,ฟังฉันให้จบก่อน,ประโยคในหนัง ซีรีส์,RECOMMENDED,ประโยคสนทนาร่วมสมัยที่ใช้งานได้จริงในชีวิตประจำวัน การเดินทาง และการทำงาน (Natural Spoken English),Hear me out.
1277,Sentence (ประโยค),st_0813,Look at me.,มองฉันสิ,ประโยคในหนัง ซีรีส์,RECOMMENDED,ประโยคสนทนาร่วมสมัยที่ใช้งานได้จริงในชีวิตประจำวัน การเดินทาง และการทำงาน (Natural Spoken English),Look at me.
1278,Sentence (ประโยค),st_0814,Look me in the eye.,มองตาฉันตรงๆ,ประโยคในหนัง ซีรีส์,RECOMMENDED,ประโยคสนทนาร่วมสมัยที่ใช้งานได้จริงในชีวิตประจำวัน การเดินทาง และการทำงาน (Natural Spoken English),Look me in the eye.
1279,Sentence (ประโยค),st_0815,Talk to me.,คุยกับฉันหน่อย,ประโยคในหนัง ซีรีส์,RECOMMENDED,ประโยคสนทนาร่วมสมัยที่ใช้งานได้จริงในชีวิตประจำวัน การเดินทาง และการทำงาน (Natural Spoken English),Talk to me.
1280,Sentence (ประโยค),st_0816,Don't ignore me.,อย่าทำเป็นไม่สนใจฉัน,ประโยคในหนัง ซีรีส์,RECOMMENDED,ประโยคสนทนาร่วมสมัยที่ใช้งานได้จริงในชีวิตประจำวัน การเดินทาง และการทำงาน (Natural Spoken English),Don't ignore me.
1281,Sentence (ประโยค),st_0817,"Answer me straight, stop beating around the bush!",ตอบฉันมาตรงๆ อย่ามัวพูดจาอ้อมค้อม!,ประโยคในหนัง ซีรีส์,RECOMMENDED,ประโยคสนทนาร่วมสมัยที่ใช้งานได้จริงในชีวิตประจำวัน การเดินทาง และการทำงาน (Natural Spoken English),"Answer me straight, stop beating around the bush!"
1282,Sentence (ประโยค),st_0818,What's the matter?,มีอะไรหรือเปล่า,ประโยคในหนัง ซีรีส์,RECOMMENDED,ประโยคสนทนาร่วมสมัยที่ใช้งานได้จริงในชีวิตประจำวัน การเดินทาง และการทำงาน (Natural Spoken English),What's the matter?
1283,Sentence (ประโยค),st_0819,What's wrong?,เป็นอะไรไป,ประโยคในหนัง ซีรีส์,RECOMMENDED,ประโยคสนทนาร่วมสมัยที่ใช้งานได้จริงในชีวิตประจำวัน การเดินทาง และการทำงาน (Natural Spoken English),What's wrong?
1284,Sentence (ประโยค),st_0820,What happened?,เกิดอะไรขึ้น,ประโยคในหนัง ซีรีส์,RECOMMENDED,ประโยคสนทนาร่วมสมัยที่ใช้งานได้จริงในชีวิตประจำวัน การเดินทาง และการทำงาน (Natural Spoken English),What happened?
1285,Sentence (ประโยค),st_0821,What's going on?,เกิดอะไรขึ้น,ประโยคในหนัง ซีรีส์,RECOMMENDED,ประโยคสนทนาร่วมสมัยที่ใช้งานได้จริงในชีวิตประจำวัน การเดินทาง และการทำงาน (Natural Spoken English),What's going on?
1286,Sentence (ประโยค),st_0822,What's the problem?,ปัญหาคืออะไร,ประโยคในหนัง ซีรีส์,RECOMMENDED,ประโยคสนทนาร่วมสมัยที่ใช้งานได้จริงในชีวิตประจำวัน การเดินทาง และการทำงาน (Natural Spoken English),What's the problem?
1287,Sentence (ประโยค),st_0823,Is something wrong?,มีอะไรผิดปกติหรือเปล่า,ประโยคในหนัง ซีรีส์,RECOMMENDED,ประโยคสนทนาร่วมสมัยที่ใช้งานได้จริงในชีวิตประจำวัน การเดินทาง และการทำงาน (Natural Spoken English),Is something wrong?
1288,Sentence (ประโยค),st_0824,Everything is fine.,ทุกอย่างโอเค,ประโยคในหนัง ซีรีส์,RECOMMENDED,ประโยคสนทนาร่วมสมัยที่ใช้งานได้จริงในชีวิตประจำวัน การเดินทาง และการทำงาน (Natural Spoken English),Everything is fine.
1289,Sentence (ประโยค),st_0825,Nothing is wrong.,ไม่มีอะไรผิดปกติ,ประโยคในหนัง ซีรีส์,RECOMMENDED,ประโยคสนทนาร่วมสมัยที่ใช้งานได้จริงในชีวิตประจำวัน การเดินทาง และการทำงาน (Natural Spoken English),Nothing is wrong.
1290,Sentence (ประโยค),st_0826,Calm down and tell me.,ใจเย็นๆ แล้วเล่าให้ฟัง,ประโยคในหนัง ซีรีส์,RECOMMENDED,ประโยคสนทนาร่วมสมัยที่ใช้งานได้จริงในชีวิตประจำวัน การเดินทาง และการทำงาน (Natural Spoken English),Calm down and tell me.
1291,Sentence (ประโยค),st_0827,It's not what you think.,มันไม่ใช่อย่างที่คุณคิด,ประโยคในหนัง ซีรีส์,RECOMMENDED,ประโยคสนทนาร่วมสมัยที่ใช้งานได้จริงในชีวิตประจำวัน การเดินทาง และการทำงาน (Natural Spoken English),It's not what you think.
1292,Sentence (ประโยค),st_0828,Let me explain.,ขอฉันอธิบาย,ประโยคในหนัง ซีรีส์,RECOMMENDED,ประโยคสนทนาร่วมสมัยที่ใช้งานได้จริงในชีวิตประจำวัน การเดินทาง และการทำงาน (Natural Spoken English),Let me explain.
1293,Sentence (ประโยค),st_0829,There's a good reason.,มีเหตุผลที่ดีอยู่,ประโยคในหนัง ซีรีส์,RECOMMENDED,ประโยคสนทนาร่วมสมัยที่ใช้งานได้จริงในชีวิตประจำวัน การเดินทาง และการทำงาน (Natural Spoken English),There's a good reason.
1294,Sentence (ประโยค),st_0830,I can explain everything.,ฉันอธิบายทุกอย่างได้,ประโยคในหนัง ซีรีส์,RECOMMENDED,ประโยคสนทนาร่วมสมัยที่ใช้งานได้จริงในชีวิตประจำวัน การเดินทาง และการทำงาน (Natural Spoken English),I can explain everything.
1295,Sentence (ประโยค),st_0831,Hear me out first.,ฟังฉันให้จบก่อน,ประโยคในหนัง ซีรีส์,RECOMMENDED,ประโยคสนทนาร่วมสมัยที่ใช้งานได้จริงในชีวิตประจำวัน การเดินทาง และการทำงาน (Natural Spoken English),Hear me out first.
1296,Sentence (ประโยค),st_0832,What time is it?,กี่โมงแล้ว,เวลา นัดหมาย,RECOMMENDED,ประโยคสนทนาร่วมสมัยที่ใช้งานได้จริงในชีวิตประจำวัน การเดินทาง และการทำงาน (Natural Spoken English),What time is it?
1297,Sentence (ประโยค),st_0833,Do you have the time?,มีเวลาหรือเปล่า,เวลา นัดหมาย,RECOMMENDED,ประโยคสนทนาร่วมสมัยที่ใช้งานได้จริงในชีวิตประจำวัน การเดินทาง และการทำงาน (Natural Spoken English),Do you have the time?
1298,Sentence (ประโยค),st_0834,It's three o'clock.,สามโมง,เวลา นัดหมาย,RECOMMENDED,ประโยคสนทนาร่วมสมัยที่ใช้งานได้จริงในชีวิตประจำวัน การเดินทาง และการทำงาน (Natural Spoken English),It's three o'clock.
1299,Sentence (ประโยค),st_0835,It's half past three.,สามโมงครึ่ง,เวลา นัดหมาย,RECOMMENDED,ประโยคสนทนาร่วมสมัยที่ใช้งานได้จริงในชีวิตประจำวัน การเดินทาง และการทำงาน (Natural Spoken English),It's half past three.
1300,Sentence (ประโยค),st_0836,It's quarter to four.,อีกสิบห้านาทีสี่โมง (บ่ายสามสี่สิบห้า),เวลา นัดหมาย,RECOMMENDED,ประโยคสนทนาร่วมสมัยที่ใช้งานได้จริงในชีวิตประจำวัน การเดินทาง และการทำงาน (Natural Spoken English),It's quarter to four.
1301,Sentence (ประโยค),st_0837,It's almost noon.,ใกล้เที่ยงแล้ว,เวลา นัดหมาย,RECOMMENDED,ประโยคสนทนาร่วมสมัยที่ใช้งานได้จริงในชีวิตประจำวัน การเดินทาง และการทำงาน (Natural Spoken English),It's almost noon.
1302,Sentence (ประโยค),st_0838,It's getting late.,ดึกแล้ว,เวลา นัดหมาย,RECOMMENDED,ประโยคสนทนาร่วมสมัยที่ใช้งานได้จริงในชีวิตประจำวัน การเดินทาง และการทำงาน (Natural Spoken English),It's getting late.
1303,Sentence (ประโยค),st_0839,It's early in the morning.,เป็นช่วงเช้าตรู่,เวลา นัดหมาย,RECOMMENDED,ประโยคสนทนาร่วมสมัยที่ใช้งานได้จริงในชีวิตประจำวัน การเดินทาง และการทำงาน (Natural Spoken English),It's early in the morning.
1304,Sentence (ประโยค),st_0840,I'll be there on time.,ฉันจะไปให้ตรงเวลา,เวลา นัดหมาย,RECOMMENDED,ประโยคสนทนาร่วมสมัยที่ใช้งานได้จริงในชีวิตประจำวัน การเดินทาง และการทำงาน (Natural Spoken English),I'll be there on time.
1305,Sentence (ประโยค),st_0841,Are you on time?,คุณมาตรงเวลาไหม,เวลา นัดหมาย,RECOMMENDED,ประโยคสนทนาร่วมสมัยที่ใช้งานได้จริงในชีวิตประจำวัน การเดินทาง และการทำงาน (Natural Spoken English),Are you on time?
1306,Sentence (ประโยค),st_0842,I'm five minutes late.,ฉันสายไปห้านาที,เวลา นัดหมาย,RECOMMENDED,ประโยคสนทนาร่วมสมัยที่ใช้งานได้จริงในชีวิตประจำวัน การเดินทาง และการทำงาน (Natural Spoken English),I'm five minutes late.
1307,Sentence (ประโยค),st_0843,What time do you get up?,ตื่นกี่โมง,เวลา นัดหมาย,RECOMMENDED,ประโยคสนทนาร่วมสมัยที่ใช้งานได้จริงในชีวิตประจำวัน การเดินทาง และการทำงาน (Natural Spoken English),What time do you get up?
1308,Sentence (ประโยค),st_0844,What time do you go to bed?,เข้านอนกี่โมง,เวลา นัดหมาย,RECOMMENDED,ประโยคสนทนาร่วมสมัยที่ใช้งานได้จริงในชีวิตประจำวัน การเดินทาง และการทำงาน (Natural Spoken English),What time do you go to bed?
1309,Sentence (ประโยค),st_0845,What time does the meeting start?,ประชุมเริ่มกี่โมง,เวลา นัดหมาย,RECOMMENDED,ประโยคสนทนาร่วมสมัยที่ใช้งานได้จริงในชีวิตประจำวัน การเดินทาง และการทำงาน (Natural Spoken English),What time does the meeting start?
1310,Sentence (ประโยค),st_0846,When does it begin?,เริ่มเมื่อไหร่,เวลา นัดหมาย,RECOMMENDED,ประโยคสนทนาร่วมสมัยที่ใช้งานได้จริงในชีวิตประจำวัน การเดินทาง และการทำงาน (Natural Spoken English),When does it begin?
1311,Sentence (ประโยค),st_0847,When does it end?,จบเมื่อไหร่,เวลา นัดหมาย,RECOMMENDED,ประโยคสนทนาร่วมสมัยที่ใช้งานได้จริงในชีวิตประจำวัน การเดินทาง และการทำงาน (Natural Spoken English),When does it end?
1312,Sentence (ประโยค),st_0848,How much time do we have?,เรามีเวลาเท่าไหร่,เวลา นัดหมาย,RECOMMENDED,ประโยคสนทนาร่วมสมัยที่ใช้งานได้จริงในชีวิตประจำวัน การเดินทาง และการทำงาน (Natural Spoken English),How much time do we have?
1313,Sentence (ประโยค),st_0849,We have plenty of time.,เรามีเวลาเหลือเฟือ,เวลา นัดหมาย,RECOMMENDED,ประโยคสนทนาร่วมสมัยที่ใช้งานได้จริงในชีวิตประจำวัน การเดินทาง และการทำงาน (Natural Spoken English),We have plenty of time.
1314,Sentence (ประโยค),st_0850,We're running out of time.,เวลาเราใกล้หมดแล้ว,เวลา นัดหมาย,RECOMMENDED,ประโยคสนทนาร่วมสมัยที่ใช้งานได้จริงในชีวิตประจำวัน การเดินทาง และการทำงาน (Natural Spoken English),We're running out of time.
1315,Sentence (ประโยค),st_0851,Time is almost up.,เวลาใกล้หมดแล้ว,เวลา นัดหมาย,RECOMMENDED,ประโยคสนทนาร่วมสมัยที่ใช้งานได้จริงในชีวิตประจำวัน การเดินทาง และการทำงาน (Natural Spoken English),Time is almost up.
1316,Sentence (ประโยค),st_0852,"Hurry, we're late!",รีบหน่อย เราสายแล้ว,เวลา นัดหมาย,RECOMMENDED,ประโยคสนทนาร่วมสมัยที่ใช้งานได้จริงในชีวิตประจำวัน การเดินทาง และการทำงาน (Natural Spoken English),"Hurry, we're late!"
1317,Sentence (ประโยค),st_0853,We made it just in time.,เรามาทันเวลาพอดี,เวลา นัดหมาย,RECOMMENDED,ประโยคสนทนาร่วมสมัยที่ใช้งานได้จริงในชีวิตประจำวัน การเดินทาง และการทำงาน (Natural Spoken English),We made it just in time.
1318,Sentence (ประโยค),st_0854,We missed it by a minute.,เราพลาดไปแค่นาทีเดียว,เวลา นัดหมาย,RECOMMENDED,ประโยคสนทนาร่วมสมัยที่ใช้งานได้จริงในชีวิตประจำวัน การเดินทาง และการทำงาน (Natural Spoken English),We missed it by a minute.
1319,Sentence (ประโยค),st_0855,I need more time.,ฉันต้องการเวลามากกว่านี้,เวลา นัดหมาย,RECOMMENDED,ประโยคสนทนาร่วมสมัยที่ใช้งานได้จริงในชีวิตประจำวัน การเดินทาง และการทำงาน (Natural Spoken English),I need more time.
1320,Sentence (ประโยค),st_0856,Give me a moment.,ให้เวลาฉันแป๊บนึง,เวลา นัดหมาย,RECOMMENDED,ประโยคสนทนาร่วมสมัยที่ใช้งานได้จริงในชีวิตประจำวัน การเดินทาง และการทำงาน (Natural Spoken English),Give me a moment.
1321,Sentence (ประโยค),st_0857,Wait a second.,รอแป๊บนึง,เวลา นัดหมาย,RECOMMENDED,ประโยคสนทนาร่วมสมัยที่ใช้งานได้จริงในชีวิตประจำวัน การเดินทาง และการทำงาน (Natural Spoken English),Wait a second.
1322,Sentence (ประโยค),st_0858,Just a minute.,แป๊บนึง,เวลา นัดหมาย,RECOMMENDED,ประโยคสนทนาร่วมสมัยที่ใช้งานได้จริงในชีวิตประจำวัน การเดินทาง และการทำงาน (Natural Spoken English),Just a minute.
1323,Sentence (ประโยค),st_0859,"One moment, please.",รอสักครู่,เวลา นัดหมาย,RECOMMENDED,ประโยคสนทนาร่วมสมัยที่ใช้งานได้จริงในชีวิตประจำวัน การเดินทาง และการทำงาน (Natural Spoken English),"One moment, please."
1324,Sentence (ประโยค),st_0860,I'll be done in a minute.,ฉันจะเสร็จในอีกหนึ่งนาที,เวลา นัดหมาย,RECOMMENDED,ประโยคสนทนาร่วมสมัยที่ใช้งานได้จริงในชีวิตประจำวัน การเดินทาง และการทำงาน (Natural Spoken English),I'll be done in a minute.
1325,Sentence (ประโยค),st_0861,It'll only take a moment.,ใช้เวลาแป๊บเดียว,เวลา นัดหมาย,RECOMMENDED,ประโยคสนทนาร่วมสมัยที่ใช้งานได้จริงในชีวิตประจำวัน การเดินทาง และการทำงาน (Natural Spoken English),It'll only take a moment.
1326,Sentence (ประโยค),st_0862,Let's meet at five.,เจอกันห้าโมง,เวลา นัดหมาย,RECOMMENDED,ประโยคสนทนาร่วมสมัยที่ใช้งานได้จริงในชีวิตประจำวัน การเดินทาง และการทำงาน (Natural Spoken English),Let's meet at five.
1327,Sentence (ประโยค),st_0863,Let's meet at noon.,เจอกันตอนเที่ยง,เวลา นัดหมาย,RECOMMENDED,ประโยคสนทนาร่วมสมัยที่ใช้งานได้จริงในชีวิตประจำวัน การเดินทาง และการทำงาน (Natural Spoken English),Let's meet at noon.
1328,Sentence (ประโยค),st_0864,See you in an hour.,เจอกันในอีกหนึ่งชั่วโมง,เวลา นัดหมาย,RECOMMENDED,ประโยคสนทนาร่วมสมัยที่ใช้งานได้จริงในชีวิตประจำวัน การเดินทาง และการทำงาน (Natural Spoken English),See you in an hour.
1329,Sentence (ประโยค),st_0865,See you at eight.,เจอกันสองทุ่ม,เวลา นัดหมาย,RECOMMENDED,ประโยคสนทนาร่วมสมัยที่ใช้งานได้จริงในชีวิตประจำวัน การเดินทาง และการทำงาน (Natural Spoken English),See you at eight.
1330,Sentence (ประโยค),st_0866,Let's set a time.,กำหนดเวลาไว้เลย,เวลา นัดหมาย,RECOMMENDED,ประโยคสนทนาร่วมสมัยที่ใช้งานได้จริงในชีวิตประจำวัน การเดินทาง และการทำงาน (Natural Spoken English),Let's set a time.
1331,Sentence (ประโยค),st_0867,When is a good time for you?,เวลาไหนสะดวกสำหรับคุณ,เวลา นัดหมาย,RECOMMENDED,ประโยคสนทนาร่วมสมัยที่ใช้งานได้จริงในชีวิตประจำวัน การเดินทาง และการทำงาน (Natural Spoken English),When is a good time for you?
1332,Sentence (ประโยค),st_0868,Does this time work for you?,เวลานี้สะดวกไหม,เวลา นัดหมาย,RECOMMENDED,ประโยคสนทนาร่วมสมัยที่ใช้งานได้จริงในชีวิตประจำวัน การเดินทาง และการทำงาน (Natural Spoken English),Does this time work for you?
1333,Sentence (ประโยค),st_0869,I'm free in the afternoon.,ฉันว่างช่วงบ่าย,เวลา นัดหมาย,RECOMMENDED,ประโยคสนทนาร่วมสมัยที่ใช้งานได้จริงในชีวิตประจำวัน การเดินทาง และการทำงาน (Natural Spoken English),I'm free in the afternoon.
1334,Sentence (ประโยค),st_0870,I'm busy in the morning.,ช่วงเช้าฉันยุ่ง,เวลา นัดหมาย,RECOMMENDED,ประโยคสนทนาร่วมสมัยที่ใช้งานได้จริงในชีวิตประจำวัน การเดินทาง และการทำงาน (Natural Spoken English),I'm busy in the morning.
1335,Sentence (ประโยค),st_0871,Let's do it another day.,ไว้ทำวันอื่นเถอะ,เวลา นัดหมาย,RECOMMENDED,ประโยคสนทนาร่วมสมัยที่ใช้งานได้จริงในชีวิตประจำวัน การเดินทาง และการทำงาน (Natural Spoken English),Let's do it another day.
1336,Sentence (ประโยค),st_0872,See you soon.,แล้วเจอกันเร็วๆ นี้,เวลา นัดหมาย,RECOMMENDED,ประโยคสนทนาร่วมสมัยที่ใช้งานได้จริงในชีวิตประจำวัน การเดินทาง และการทำงาน (Natural Spoken English),See you soon.
1337,Sentence (ประโยค),st_0873,See you later.,แล้วเจอกัน,เวลา นัดหมาย,RECOMMENDED,ประโยคสนทนาร่วมสมัยที่ใช้งานได้จริงในชีวิตประจำวัน การเดินทาง และการทำงาน (Natural Spoken English),See you later.
1338,Sentence (ประโยค),st_0874,It's time to go.,ถึงเวลาไปแล้ว,เวลา นัดหมาย,RECOMMENDED,ประโยคสนทนาร่วมสมัยที่ใช้งานได้จริงในชีวิตประจำวัน การเดินทาง และการทำงาน (Natural Spoken English),It's time to go.
1339,Sentence (ประโยค),st_0875,Time flies.,เวลาผ่านไปไวจัง,เวลา นัดหมาย,RECOMMENDED,ประโยคสนทนาร่วมสมัยที่ใช้งานได้จริงในชีวิตประจำวัน การเดินทาง และการทำงาน (Natural Spoken English),Time flies.
1340,Sentence (ประโยค),st_0876,Where did the time go?,เวลาหายไปไหนหมด,เวลา นัดหมาย,RECOMMENDED,ประโยคสนทนาร่วมสมัยที่ใช้งานได้จริงในชีวิตประจำวัน การเดินทาง และการทำงาน (Natural Spoken English),Where did the time go?
1341,Sentence (ประโยค),st_0877,How's the weather?,อากาศเป็นยังไง,สภาพอากาศ,RECOMMENDED,ประโยคสนทนาร่วมสมัยที่ใช้งานได้จริงในชีวิตประจำวัน การเดินทาง และการทำงาน (Natural Spoken English),How's the weather?
1342,Sentence (ประโยค),st_0878,What's the weather like today?,วันนี้อากาศเป็นยังไง,สภาพอากาศ,RECOMMENDED,ประโยคสนทนาร่วมสมัยที่ใช้งานได้จริงในชีวิตประจำวัน การเดินทาง และการทำงาน (Natural Spoken English),What's the weather like today?
1343,Sentence (ประโยค),st_0879,It's sunny today.,วันนี้แดดดี,สภาพอากาศ,RECOMMENDED,ประโยคสนทนาร่วมสมัยที่ใช้งานได้จริงในชีวิตประจำวัน การเดินทาง และการทำงาน (Natural Spoken English),It's sunny today.
1344,Sentence (ประโยค),st_0880,It's a beautiful day.,วันนี้อากาศดีมาก,สภาพอากาศ,RECOMMENDED,ประโยคสนทนาร่วมสมัยที่ใช้งานได้จริงในชีวิตประจำวัน การเดินทาง และการทำงาน (Natural Spoken English),It's a beautiful day.
1345,Sentence (ประโยค),st_0881,"It's overcast and gloomy today, looks like rain.",วันนี้ท้องฟ้ามืดครึ้มหม่นหมอง ดูเหมือนฝนจะตก,สภาพอากาศ,RECOMMENDED,ประโยคสนทนาร่วมสมัยที่ใช้งานได้จริงในชีวิตประจำวัน การเดินทาง และการทำงาน (Natural Spoken English),"It's overcast and gloomy today, looks like rain."
1346,Sentence (ประโยค),st_0882,It's pouring outside.,ฝนตกหนักมาก,สภาพอากาศ,RECOMMENDED,ประโยคสนทนาร่วมสมัยที่ใช้งานได้จริงในชีวิตประจำวัน การเดินทาง และการทำงาน (Natural Spoken English),It's pouring outside.
1347,Sentence (ประโยค),st_0883,It's drizzling.,ฝนตกปรอยๆ,สภาพอากาศ,RECOMMENDED,ประโยคสนทนาร่วมสมัยที่ใช้งานได้จริงในชีวิตประจำวัน การเดินทาง และการทำงาน (Natural Spoken English),It's drizzling.
1348,Sentence (ประโยค),st_0884,Take an umbrella with you.,เอาร่มไปด้วย,สภาพอากาศ,RECOMMENDED,ประโยคสนทนาร่วมสมัยที่ใช้งานได้จริงในชีวิตประจำวัน การเดินทาง และการทำงาน (Natural Spoken English),Take an umbrella with you.
1349,Sentence (ประโยค),st_0885,It's windy today.,วันนี้ลมแรง,สภาพอากาศ,RECOMMENDED,ประโยคสนทนาร่วมสมัยที่ใช้งานได้จริงในชีวิตประจำวัน การเดินทาง และการทำงาน (Natural Spoken English),It's windy today.
1350,Sentence (ประโยค),st_0886,The wind is strong.,ลมแรงมาก,สภาพอากาศ,RECOMMENDED,ประโยคสนทนาร่วมสมัยที่ใช้งานได้จริงในชีวิตประจำวัน การเดินทาง และการทำงาน (Natural Spoken English),The wind is strong.
1351,Sentence (ประโยค),st_0887,It's hot outside.,ข้างนอกร้อน,สภาพอากาศ,RECOMMENDED,ประโยคสนทนาร่วมสมัยที่ใช้งานได้จริงในชีวิตประจำวัน การเดินทาง และการทำงาน (Natural Spoken English),It's hot outside.
1352,Sentence (ประโยค),st_0888,It's really hot today.,วันนี้ร้อนมาก,สภาพอากาศ,RECOMMENDED,ประโยคสนทนาร่วมสมัยที่ใช้งานได้จริงในชีวิตประจำวัน การเดินทาง และการทำงาน (Natural Spoken English),It's really hot today.
1353,Sentence (ประโยค),st_0889,It's cold today.,วันนี้หนาว,สภาพอากาศ,RECOMMENDED,ประโยคสนทนาร่วมสมัยที่ใช้งานได้จริงในชีวิตประจำวัน การเดินทาง และการทำงาน (Natural Spoken English),It's cold today.
1354,Sentence (ประโยค),st_0890,It's freezing outside.,ข้างนอกหนาวมาก,สภาพอากาศ,RECOMMENDED,ประโยคสนทนาร่วมสมัยที่ใช้งานได้จริงในชีวิตประจำวัน การเดินทาง และการทำงาน (Natural Spoken English),It's freezing outside.
1355,Sentence (ประโยค),st_0891,The temperature is dropping.,อุณหภูมิกำลังลดลง,สภาพอากาศ,RECOMMENDED,ประโยคสนทนาร่วมสมัยที่ใช้งานได้จริงในชีวิตประจำวัน การเดินทาง และการทำงาน (Natural Spoken English),The temperature is dropping.
1356,Sentence (ประโยค),st_0892,It's getting warmer.,อากาศเริ่มอุ่นขึ้น,สภาพอากาศ,RECOMMENDED,ประโยคสนทนาร่วมสมัยที่ใช้งานได้จริงในชีวิตประจำวัน การเดินทาง และการทำงาน (Natural Spoken English),It's getting warmer.
1357,Sentence (ประโยค),st_0893,What's the temperature?,อุณหภูมิเท่าไหร่,สภาพอากาศ,RECOMMENDED,ประโยคสนทนาร่วมสมัยที่ใช้งานได้จริงในชีวิตประจำวัน การเดินทาง และการทำงาน (Natural Spoken English),What's the temperature?
1358,Sentence (ประโยค),st_0894,It's about thirty degrees.,ประมาณสามสิบองศา,สภาพอากาศ,RECOMMENDED,ประโยคสนทนาร่วมสมัยที่ใช้งานได้จริงในชีวิตประจำวัน การเดินทาง และการทำงาน (Natural Spoken English),It's about thirty degrees.
1359,Sentence (ประโยค),st_0895,It's humid today.,วันนี้อากาศชื้น,สภาพอากาศ,RECOMMENDED,ประโยคสนทนาร่วมสมัยที่ใช้งานได้จริงในชีวิตประจำวัน การเดินทาง และการทำงาน (Natural Spoken English),It's humid today.
1360,Sentence (ประโยค),st_0896,The weather is perfect.,อากาศสมบูรณ์แบบ,สภาพอากาศ,RECOMMENDED,ประโยคสนทนาร่วมสมัยที่ใช้งานได้จริงในชีวิตประจำวัน การเดินทาง และการทำงาน (Natural Spoken English),The weather is perfect.
1361,Sentence (ประโยค),st_0897,The forecast says rain.,พยากรณ์อากาศว่าฝนจะตก,สภาพอากาศ,RECOMMENDED,ประโยคสนทนาร่วมสมัยที่ใช้งานได้จริงในชีวิตประจำวัน การเดินทาง และการทำงาน (Natural Spoken English),The forecast says rain.
1362,Sentence (ประโยค),st_0898,It might rain later.,เดี๋ยวอาจมีฝนตก,สภาพอากาศ,RECOMMENDED,ประโยคสนทนาร่วมสมัยที่ใช้งานได้จริงในชีวิตประจำวัน การเดินทาง และการทำงาน (Natural Spoken English),It might rain later.
1363,Sentence (ประโยค),st_0899,It's going to rain.,กำลังจะฝนตก,สภาพอากาศ,RECOMMENDED,ประโยคสนทนาร่วมสมัยที่ใช้งานได้จริงในชีวิตประจำวัน การเดินทาง และการทำงาน (Natural Spoken English),It's going to rain.
1364,Sentence (ประโยค),st_0900,I hope it doesn't rain.,หวังว่าฝนจะไม่ตก,สภาพอากาศ,RECOMMENDED,ประโยคสนทนาร่วมสมัยที่ใช้งานได้จริงในชีวิตประจำวัน การเดินทาง และการทำงาน (Natural Spoken English),I hope it doesn't rain.
1365,Sentence (ประโยค),st_0901,We got caught in the rain.,เราโดนฝน,สภาพอากาศ,RECOMMENDED,ประโยคสนทนาร่วมสมัยที่ใช้งานได้จริงในชีวิตประจำวัน การเดินทาง และการทำงาน (Natural Spoken English),We got caught in the rain.
1366,Sentence (ประโยค),st_0902,The storm is coming.,พายุกำลังมา,สภาพอากาศ,RECOMMENDED,ประโยคสนทนาร่วมสมัยที่ใช้งานได้จริงในชีวิตประจำวัน การเดินทาง และการทำงาน (Natural Spoken English),The storm is coming.
1367,Sentence (ประโยค),st_0903,There's a thunderstorm tonight.,คืนนี้มีพายุฟ้าคะนอง,สภาพอากาศ,RECOMMENDED,ประโยคสนทนาร่วมสมัยที่ใช้งานได้จริงในชีวิตประจำวัน การเดินทาง และการทำงาน (Natural Spoken English),There's a thunderstorm tonight.
1368,Sentence (ประโยค),st_0904,Did you hear the thunder?,ได้ยินเสียงฟ้าร้องไหม,สภาพอากาศ,RECOMMENDED,ประโยคสนทนาร่วมสมัยที่ใช้งานได้จริงในชีวิตประจำวัน การเดินทาง และการทำงาน (Natural Spoken English),Did you hear the thunder?
1369,Sentence (ประโยค),st_0905,The sun is shining.,แดดกำลังส่อง,สภาพอากาศ,RECOMMENDED,ประโยคสนทนาร่วมสมัยที่ใช้งานได้จริงในชีวิตประจำวัน การเดินทาง และการทำงาน (Natural Spoken English),The sun is shining.
1370,Sentence (ประโยค),st_0906,How much does it cost?,ราคาเท่าไหร่,เงิน การเงิน,RECOMMENDED,ประโยคสนทนาร่วมสมัยที่ใช้งานได้จริงในชีวิตประจำวัน การเดินทาง และการทำงาน (Natural Spoken English),How much does it cost?
1371,Sentence (ประโยค),st_0907,It comes out to ten dollars total.,คิดเป็นเงินทั้งหมดสิบดอลลาร์,เงิน การเงิน,RECOMMENDED,ประโยคสนทนาร่วมสมัยที่ใช้งานได้จริงในชีวิตประจำวัน การเดินทาง และการทำงาน (Natural Spoken English),It comes out to ten dollars total.
1372,Sentence (ประโยค),st_0908,"That's way beyond my budget, I can't afford it.",อันนั้นเกินงบประมาณของฉันไปเยอะเลย ฉันจ่ายไม่ไหวหรอก,เงิน การเงิน,RECOMMENDED,ประโยคสนทนาร่วมสมัยที่ใช้งานได้จริงในชีวิตประจำวัน การเดินทาง และการทำงาน (Natural Spoken English),"That's way beyond my budget, I can't afford it."
1373,Sentence (ประโยค),st_0909,I can't afford it.,ฉันไม่สามารถจ่ายได้,เงิน การเงิน,RECOMMENDED,ประโยคสนทนาร่วมสมัยที่ใช้งานได้จริงในชีวิตประจำวัน การเดินทาง และการทำงาน (Natural Spoken English),I can't afford it.
1374,Sentence (ประโยค),st_0910,It's a bargain.,ถูกมาก,เงิน การเงิน,RECOMMENDED,ประโยคสนทนาร่วมสมัยที่ใช้งานได้จริงในชีวิตประจำวัน การเดินทาง และการทำงาน (Natural Spoken English),It's a bargain.
1375,Sentence (ประโยค),st_0911,It's worth it.,คุ้มค่า,เงิน การเงิน,RECOMMENDED,ประโยคสนทนาร่วมสมัยที่ใช้งานได้จริงในชีวิตประจำวัน การเดินทาง และการทำงาน (Natural Spoken English),It's worth it.
1376,Sentence (ประโยค),st_0912,It's not worth it.,ไม่คุ้ม,เงิน การเงิน,RECOMMENDED,ประโยคสนทนาร่วมสมัยที่ใช้งานได้จริงในชีวิตประจำวัน การเดินทาง และการทำงาน (Natural Spoken English),It's not worth it.
1377,Sentence (ประโยค),st_0913,Do you have any money?,มีเงินไหม,เงิน การเงิน,RECOMMENDED,ประโยคสนทนาร่วมสมัยที่ใช้งานได้จริงในชีวิตประจำวัน การเดินทาง และการทำงาน (Natural Spoken English),Do you have any money?
1378,Sentence (ประโยค),st_0914,I don't carry any cash on me.,ฉันไม่มีเงินสดติดตัวเลย,เงิน การเงิน,RECOMMENDED,ประโยคสนทนาร่วมสมัยที่ใช้งานได้จริงในชีวิตประจำวัน การเดินทาง และการทำงาน (Natural Spoken English),I don't carry any cash on me.
1379,Sentence (ประโยค),st_0915,I'm broke.,ฉันไม่มีเงินติดตัว,เงิน การเงิน,RECOMMENDED,ประโยคสนทนาร่วมสมัยที่ใช้งานได้จริงในชีวิตประจำวัน การเดินทาง และการทำงาน (Natural Spoken English),I'm broke.
1380,Sentence (ประโยค),st_0916,I'm short on cash.,ฉันเงินไม่พอ,เงิน การเงิน,RECOMMENDED,ประโยคสนทนาร่วมสมัยที่ใช้งานได้จริงในชีวิตประจำวัน การเดินทาง และการทำงาน (Natural Spoken English),I'm short on cash.
1381,Sentence (ประโยค),st_0917,Can I borrow some money?,ขอยืมเงินหน่อยได้ไหม,เงิน การเงิน,RECOMMENDED,ประโยคสนทนาร่วมสมัยที่ใช้งานได้จริงในชีวิตประจำวัน การเดินทาง และการทำงาน (Natural Spoken English),Can I borrow some money?
1382,Sentence (ประโยค),st_0918,Can you lend me your car?,ขอยืมรถของคุณได้ไหม,เงิน การเงิน,RECOMMENDED,ประโยคสนทนาร่วมสมัยที่ใช้งานได้จริงในชีวิตประจำวัน การเดินทาง และการทำงาน (Natural Spoken English),Can you lend me your car?
1383,Sentence (ประโยค),st_0919,I'll pay you back.,ฉันจะคืนเงินให้,เงิน การเงิน,RECOMMENDED,ประโยคสนทนาร่วมสมัยที่ใช้งานได้จริงในชีวิตประจำวัน การเดินทาง และการทำงาน (Natural Spoken English),I'll pay you back.
1384,Sentence (ประโยค),st_0920,You owe me ten dollars.,คุณติดเงินฉันสิบดอลลาร์,เงิน การเงิน,RECOMMENDED,ประโยคสนทนาร่วมสมัยที่ใช้งานได้จริงในชีวิตประจำวัน การเดินทาง และการทำงาน (Natural Spoken English),You owe me ten dollars.
1385,Sentence (ประโยค),st_0921,I need to save money.,ฉันต้องเก็บเงิน,เงิน การเงิน,RECOMMENDED,ประโยคสนทนาร่วมสมัยที่ใช้งานได้จริงในชีวิตประจำวัน การเดินทาง และการทำงาน (Natural Spoken English),I need to save money.
1386,Sentence (ประโยค),st_0922,I'm saving up for a car.,ฉันกำลังเก็บเงินซื้อรถ,เงิน การเงิน,RECOMMENDED,ประโยคสนทนาร่วมสมัยที่ใช้งานได้จริงในชีวิตประจำวัน การเดินทาง และการทำงาน (Natural Spoken English),I'm saving up for a car.
1387,Sentence (ประโยค),st_0923,I spent too much.,ฉันใช้เงินมากเกินไป,เงิน การเงิน,RECOMMENDED,ประโยคสนทนาร่วมสมัยที่ใช้งานได้จริงในชีวิตประจำวัน การเดินทาง และการทำงาน (Natural Spoken English),I spent too much.
1388,Sentence (ประโยค),st_0924,I wasted my money.,ฉันเสียเงินเปล่า,เงิน การเงิน,RECOMMENDED,ประโยคสนทนาร่วมสมัยที่ใช้งานได้จริงในชีวิตประจำวัน การเดินทาง และการทำงาน (Natural Spoken English),I wasted my money.
1389,Sentence (ประโยค),st_0925,I got a good deal.,ฉันได้ข้อตกลงที่ดี,เงิน การเงิน,RECOMMENDED,ประโยคสนทนาร่วมสมัยที่ใช้งานได้จริงในชีวิตประจำวัน การเดินทาง และการทำงาน (Natural Spoken English),I got a good deal.
1390,Sentence (ประโยค),st_0926,"It was fifty percent off, what a steal!",ลดตั้งห้าสิบเปอร์เซ็นต์ คุ้มสุดๆ ไปเลย!,เงิน การเงิน,RECOMMENDED,ประโยคสนทนาร่วมสมัยที่ใช้งานได้จริงในชีวิตประจำวัน การเดินทาง และการทำงาน (Natural Spoken English),"It was fifty percent off, what a steal!"
1391,Sentence (ประโยค),st_0927,It's on sale this week.,อาทิตย์นี้ลดราคา,เงิน การเงิน,RECOMMENDED,ประโยคสนทนาร่วมสมัยที่ใช้งานได้จริงในชีวิตประจำวัน การเดินทาง และการทำงาน (Natural Spoken English),It's on sale this week.
1392,Sentence (ประโยค),st_0928,Do you accept contactless payments or QR codes?,รับการชำระเงินแบบแตะจ่ายหรือสแกนคิวอาร์โค้ดไหมครับ/ค่ะ,เงิน การเงิน,RECOMMENDED,ประโยคสนทนาร่วมสมัยที่ใช้งานได้จริงในชีวิตประจำวัน การเดินทาง และการทำงาน (Natural Spoken English),Do you accept contactless payments or QR codes?
1393,Sentence (ประโยค),st_0929,Do you take credit cards?,รับบัตรเครดิตไหม,เงิน การเงิน,RECOMMENDED,ประโยคสนทนาร่วมสมัยที่ใช้งานได้จริงในชีวิตประจำวัน การเดินทาง และการทำงาน (Natural Spoken English),Do you take credit cards?
1394,Sentence (ประโยค),st_0930,Can I pay in cash?,จ่ายเงินสดได้ไหม,เงิน การเงิน,RECOMMENDED,ประโยคสนทนาร่วมสมัยที่ใช้งานได้จริงในชีวิตประจำวัน การเดินทาง และการทำงาน (Natural Spoken English),Can I pay in cash?
1395,Sentence (ประโยค),st_0931,I need to withdraw money.,ฉันต้องกดเงิน,เงิน การเงิน,RECOMMENDED,ประโยคสนทนาร่วมสมัยที่ใช้งานได้จริงในชีวิตประจำวัน การเดินทาง และการทำงาน (Natural Spoken English),I need to withdraw money.
1396,Sentence (ประโยค),st_0932,Where's the ATM?,ตู้ ATM อยู่ที่ไหน,เงิน การเงิน,RECOMMENDED,ประโยคสนทนาร่วมสมัยที่ใช้งานได้จริงในชีวิตประจำวัน การเดินทาง และการทำงาน (Natural Spoken English),Where's the ATM?
1397,Sentence (ประโยค),st_0933,I need to exchange money.,ฉันต้องแลกเงิน,เงิน การเงิน,RECOMMENDED,ประโยคสนทนาร่วมสมัยที่ใช้งานได้จริงในชีวิตประจำวัน การเดินทาง และการทำงาน (Natural Spoken English),I need to exchange money.
1398,Sentence (ประโยค),st_0934,What's the exchange rate?,อัตราแลกเปลี่ยนเท่าไหร่,เงิน การเงิน,RECOMMENDED,ประโยคสนทนาร่วมสมัยที่ใช้งานได้จริงในชีวิตประจำวัน การเดินทาง และการทำงาน (Natural Spoken English),What's the exchange rate?
1399,Sentence (ประโยค),st_0935,Can I get a receipt?,ขอใบเสร็จได้ไหม,เงิน การเงิน,RECOMMENDED,ประโยคสนทนาร่วมสมัยที่ใช้งานได้จริงในชีวิตประจำวัน การเดินทาง และการทำงาน (Natural Spoken English),Can I get a receipt?
1400,Sentence (ประโยค),st_0936,Could I request a full refund to my original payment method?,ขอรับเงินคืนเต็มจำนวนกลับเข้าช่องทางชำระเงินเดิมได้ไหมครับ/ค่ะ,เงิน การเงิน,RECOMMENDED,ประโยคสนทนาร่วมสมัยที่ใช้งานได้จริงในชีวิตประจำวัน การเดินทาง และการทำงาน (Natural Spoken English),Could I request a full refund to my original payment method?
1401,Sentence (ประโยค),st_0937,That's a fair price.,ราคายุติธรรม,เงิน การเงิน,RECOMMENDED,ประโยคสนทนาร่วมสมัยที่ใช้งานได้จริงในชีวิตประจำวัน การเดินทาง และการทำงาน (Natural Spoken English),That's a fair price.
1402,Sentence (ประโยค),st_0938,Money doesn't grow on trees.,เงินทองไม่ได้งอกมาจากต้นไม้นะ / เงินทองไม่ได้หากันมาง่ายๆ,เงิน การเงิน,RECOMMENDED,ปรับปรุงคำแปลภาษาไทยเป็น 'เงินทองไม่ได้งอกมาจากต้นไม้นะ / เงินทองไม่ได้หากันมาง่ายๆ' ให้เป็นธรรมชาติและถูกต้องตามสำนวนไทย,แก้ไขคำแปลภาษาไทยให้ถูกต้องเรียบร้อยแล้ว
1403,Sentence (ประโยค),st_0939,Save for a rainy day.,เก็บออมไว้ยามฉุกเฉิน,เงิน การเงิน,RECOMMENDED,ประโยคสนทนาร่วมสมัยที่ใช้งานได้จริงในชีวิตประจำวัน การเดินทาง และการทำงาน (Natural Spoken English),Save for a rainy day.
1404,Sentence (ประโยค),st_0940,I'm trying to budget.,ฉันกำลังพยายามจัดงบ,เงิน การเงิน,RECOMMENDED,ประโยคสนทนาร่วมสมัยที่ใช้งานได้จริงในชีวิตประจำวัน การเดินทาง และการทำงาน (Natural Spoken English),I'm trying to budget.
1405,Sentence (ประโยค),st_0941,We need to cut costs.,เราต้องลดค่าใช้จ่าย,เงิน การเงิน,RECOMMENDED,ประโยคสนทนาร่วมสมัยที่ใช้งานได้จริงในชีวิตประจำวัน การเดินทาง และการทำงาน (Natural Spoken English),We need to cut costs.
1406,Sentence (ประโยค),st_0942,It's a good investment.,เป็นการลงทุนที่ดี,เงิน การเงิน,RECOMMENDED,ประโยคสนทนาร่วมสมัยที่ใช้งานได้จริงในชีวิตประจำวัน การเดินทาง และการทำงาน (Natural Spoken English),It's a good investment.
1407,Sentence (ประโยค),st_0943,The price went up.,ราคาขึ้นแล้ว,เงิน การเงิน,RECOMMENDED,ประโยคสนทนาร่วมสมัยที่ใช้งานได้จริงในชีวิตประจำวัน การเดินทาง และการทำงาน (Natural Spoken English),The price went up.
1408,Sentence (ประโยค),st_0944,The price went down.,ราคาลงแล้ว,เงิน การเงิน,RECOMMENDED,ประโยคสนทนาร่วมสมัยที่ใช้งานได้จริงในชีวิตประจำวัน การเดินทาง และการทำงาน (Natural Spoken English),The price went down.
1409,Sentence (ประโยค),st_0945,I can't pay my bills.,ฉันจ่ายบิลไม่ไหว,เงิน การเงิน,RECOMMENDED,ประโยคสนทนาร่วมสมัยที่ใช้งานได้จริงในชีวิตประจำวัน การเดินทาง และการทำงาน (Natural Spoken English),I can't pay my bills.
1410,Sentence (ประโยค),st_0946,I'll pay the bill.,ฉันจะจ่ายบิลเอง,เงิน การเงิน,RECOMMENDED,ประโยคสนทนาร่วมสมัยที่ใช้งานได้จริงในชีวิตประจำวัน การเดินทาง และการทำงาน (Natural Spoken English),I'll pay the bill.
1411,Sentence (ประโยค),st_0947,Let's split the cost.,แบ่งจ่ายกันเถอะ,เงิน การเงิน,RECOMMENDED,ประโยคสนทนาร่วมสมัยที่ใช้งานได้จริงในชีวิตประจำวัน การเดินทาง และการทำงาน (Natural Spoken English),Let's split the cost.
1412,Sentence (ประโยค),st_0948,It's my treat.,ฉันเลี้ยงเอง,เงิน การเงิน,RECOMMENDED,ประโยคสนทนาร่วมสมัยที่ใช้งานได้จริงในชีวิตประจำวัน การเดินทาง และการทำงาน (Natural Spoken English),It's my treat.
1413,Sentence (ประโยค),st_0949,Let me treat you.,ให้ฉันเลี้ยงเอง,เงิน การเงิน,RECOMMENDED,ประโยคสนทนาร่วมสมัยที่ใช้งานได้จริงในชีวิตประจำวัน การเดินทาง และการทำงาน (Natural Spoken English),Let me treat you.
1414,Sentence (ประโยค),st_0950,Hello? Can you hear me clearly on this line?,ฮัลโหล ได้ยินฉันชัดเจนไหมในสายนี้,โทรศัพท์ ข้อความ,RECOMMENDED,ประโยคสนทนาร่วมสมัยที่ใช้งานได้จริงในชีวิตประจำวัน การเดินทาง และการทำงาน (Natural Spoken English),Hello? Can you hear me clearly on this line?
1415,Sentence (ประโยค),st_0951,Who is this?,นี่ใครครับ/ค่ะ,โทรศัพท์ ข้อความ,RECOMMENDED,ประโยคสนทนาร่วมสมัยที่ใช้งานได้จริงในชีวิตประจำวัน การเดินทาง และการทำงาน (Natural Spoken English),Who is this?
1416,Sentence (ประโยค),st_0952,This is John speaking.,นี่จอห์นพูดอยู่ครับ,โทรศัพท์ ข้อความ,RECOMMENDED,ประโยคสนทนาร่วมสมัยที่ใช้งานได้จริงในชีวิตประจำวัน การเดินทาง และการทำงาน (Natural Spoken English),This is John speaking.
1417,Sentence (ประโยค),st_0953,Can I speak to Anna?,ขอคุยกับแอนนาได้ไหม,โทรศัพท์ ข้อความ,RECOMMENDED,ประโยคสนทนาร่วมสมัยที่ใช้งานได้จริงในชีวิตประจำวัน การเดินทาง และการทำงาน (Natural Spoken English),Can I speak to Anna?
1418,Sentence (ประโยค),st_0954,She's not available right now.,ตอนนี้เธอไม่ว่าง,โทรศัพท์ ข้อความ,RECOMMENDED,ประโยคสนทนาร่วมสมัยที่ใช้งานได้จริงในชีวิตประจำวัน การเดินทาง และการทำงาน (Natural Spoken English),She's not available right now.
1419,Sentence (ประโยค),st_0955,Can I take a message?,รับข้อความแทนได้ไหม,โทรศัพท์ ข้อความ,RECOMMENDED,ประโยคสนทนาร่วมสมัยที่ใช้งานได้จริงในชีวิตประจำวัน การเดินทาง และการทำงาน (Natural Spoken English),Can I take a message?
1420,Sentence (ประโยค),st_0956,I'll call you back.,เดี๋ยวฉันโทรกลับ,โทรศัพท์ ข้อความ,RECOMMENDED,ประโยคสนทนาร่วมสมัยที่ใช้งานได้จริงในชีวิตประจำวัน การเดินทาง และการทำงาน (Natural Spoken English),I'll call you back.
1421,Sentence (ประโยค),st_0957,The line is busy.,สายไม่ว่าง,โทรศัพท์ ข้อความ,RECOMMENDED,ประโยคสนทนาร่วมสมัยที่ใช้งานได้จริงในชีวิตประจำวัน การเดินทาง และการทำงาน (Natural Spoken English),The line is busy.
1422,Sentence (ประโยค),st_0958,I'll call you later.,เดี๋ยวโทรหา,โทรศัพท์ ข้อความ,RECOMMENDED,ประโยคสนทนาร่วมสมัยที่ใช้งานได้จริงในชีวิตประจำวัน การเดินทาง และการทำงาน (Natural Spoken English),I'll call you later.
1423,Sentence (ประโยค),st_0959,Call me when you're free.,โทรหาฉันเมื่อว่าง,โทรศัพท์ ข้อความ,RECOMMENDED,ประโยคสนทนาร่วมสมัยที่ใช้งานได้จริงในชีวิตประจำวัน การเดินทาง และการทำงาน (Natural Spoken English),Call me when you're free.
1424,Sentence (ประโยค),st_0960,Text me later.,ส่งข้อความหาฉันทีหลัง,โทรศัพท์ ข้อความ,RECOMMENDED,ประโยคสนทนาร่วมสมัยที่ใช้งานได้จริงในชีวิตประจำวัน การเดินทาง และการทำงาน (Natural Spoken English),Text me later.
1425,Sentence (ประโยค),st_0961,Did you get my message?,ได้รับข้อความฉันไหม,โทรศัพท์ ข้อความ,RECOMMENDED,ประโยคสนทนาร่วมสมัยที่ใช้งานได้จริงในชีวิตประจำวัน การเดินทาง และการทำงาน (Natural Spoken English),Did you get my message?
1426,Sentence (ประโยค),st_0962,I sent you a message.,ฉันส่งข้อความให้คุณแล้ว,โทรศัพท์ ข้อความ,RECOMMENDED,ประโยคสนทนาร่วมสมัยที่ใช้งานได้จริงในชีวิตประจำวัน การเดินทาง และการทำงาน (Natural Spoken English),I sent you a message.
1427,Sentence (ประโยค),st_0963,I got your message.,ฉันได้รับข้อความของคุณแล้ว,โทรศัพท์ ข้อความ,RECOMMENDED,ประโยคสนทนาร่วมสมัยที่ใช้งานได้จริงในชีวิตประจำวัน การเดินทาง และการทำงาน (Natural Spoken English),I got your message.
1428,Sentence (ประโยค),st_0964,"Sorry, I missed your call.",ขอโทษ พลาดสายคุณ,โทรศัพท์ ข้อความ,RECOMMENDED,ประโยคสนทนาร่วมสมัยที่ใช้งานได้จริงในชีวิตประจำวัน การเดินทาง และการทำงาน (Natural Spoken English),"Sorry, I missed your call."
1429,Sentence (ประโยค),st_0965,My reception is really spotty here.,สัญญาณตรงนี้ขาดๆ หายๆ มากเลย,โทรศัพท์ ข้อความ,RECOMMENDED,ประโยคสนทนาร่วมสมัยที่ใช้งานได้จริงในชีวิตประจำวัน การเดินทาง และการทำงาน (Natural Spoken English),My reception is really spotty here.
1430,Sentence (ประโยค),st_0966,"Sorry about that, we got cut off.",ขอโทษทีนะเมื่อกี้สายตัดไป,โทรศัพท์ ข้อความ,RECOMMENDED,ประโยคสนทนาร่วมสมัยที่ใช้งานได้จริงในชีวิตประจำวัน การเดินทาง และการทำงาน (Natural Spoken English),"Sorry about that, we got cut off."
1431,Sentence (ประโยค),st_0967,Can you hear me?,ได้ยินฉันไหม,โทรศัพท์ ข้อความ,RECOMMENDED,ประโยคสนทนาร่วมสมัยที่ใช้งานได้จริงในชีวิตประจำวัน การเดินทาง และการทำงาน (Natural Spoken English),Can you hear me?
1432,Sentence (ประโยค),st_0968,You're breaking up.,เสียงคุณขาดๆ หายๆ,โทรศัพท์ ข้อความ,RECOMMENDED,ประโยคสนทนาร่วมสมัยที่ใช้งานได้จริงในชีวิตประจำวัน การเดินทาง และการทำงาน (Natural Spoken English),You're breaking up.
1433,Sentence (ประโยค),st_0969,"Speak louder, please.",พูดดังขึ้นหน่อย,โทรศัพท์ ข้อความ,RECOMMENDED,ประโยคสนทนาร่วมสมัยที่ใช้งานได้จริงในชีวิตประจำวัน การเดินทาง และการทำงาน (Natural Spoken English),"Speak louder, please."
1434,Sentence (ประโยค),st_0970,Can you say that again?,พูดอีกรอบได้ไหม,โทรศัพท์ ข้อความ,RECOMMENDED,ประโยคสนทนาร่วมสมัยที่ใช้งานได้จริงในชีวิตประจำวัน การเดินทาง และการทำงาน (Natural Spoken English),Can you say that again?
1435,Sentence (ประโยค),st_0971,I can't hear you well.,ฉันได้ยินคุณไม่ชัด,โทรศัพท์ ข้อความ,RECOMMENDED,ประโยคสนทนาร่วมสมัยที่ใช้งานได้จริงในชีวิตประจำวัน การเดินทาง และการทำงาน (Natural Spoken English),I can't hear you well.
1436,Sentence (ประโยค),st_0972,Let's talk later.,ไว้คุยกันทีหลัง,โทรศัพท์ ข้อความ,RECOMMENDED,ประโยคสนทนาร่วมสมัยที่ใช้งานได้จริงในชีวิตประจำวัน การเดินทาง และการทำงาน (Natural Spoken English),Let's talk later.
1437,Sentence (ประโยค),st_0973,I have to hang up now.,ฉันต้องวางสายแล้ว,โทรศัพท์ ข้อความ,RECOMMENDED,ประโยคสนทนาร่วมสมัยที่ใช้งานได้จริงในชีวิตประจำวัน การเดินทาง และการทำงาน (Natural Spoken English),I have to hang up now.
1438,Sentence (ประโยค),st_0974,I'll text you the address.,ฉันจะส่งที่อยู่ให้ทางข้อความ,โทรศัพท์ ข้อความ,RECOMMENDED,ประโยคสนทนาร่วมสมัยที่ใช้งานได้จริงในชีวิตประจำวัน การเดินทาง และการทำงาน (Natural Spoken English),I'll text you the address.
1439,Sentence (ประโยค),st_0975,Send me a photo.,ส่งรูปให้ฉันหน่อย,โทรศัพท์ ข้อความ,RECOMMENDED,ประโยคสนทนาร่วมสมัยที่ใช้งานได้จริงในชีวิตประจำวัน การเดินทาง และการทำงาน (Natural Spoken English),Send me a photo.
1440,Sentence (ประโยค),st_0976,Did you see the photo I sent?,เห็นรูปที่ฉันส่งไหม,โทรศัพท์ ข้อความ,RECOMMENDED,ประโยคสนทนาร่วมสมัยที่ใช้งานได้จริงในชีวิตประจำวัน การเดินทาง และการทำงาน (Natural Spoken English),Did you see the photo I sent?
1441,Sentence (ประโยค),st_0977,Let's video call tonight.,คืนนี้คอลวิดีโอกันเถอะ,โทรศัพท์ ข้อความ,RECOMMENDED,ประโยคสนทนาร่วมสมัยที่ใช้งานได้จริงในชีวิตประจำวัน การเดินทาง และการทำงาน (Natural Spoken English),Let's video call tonight.
