No,ID,Word/Phrase,POS (Old),POS (New),English Meaning (Old),English Meaning (New),Thai Meaning (Old),Thai Meaning (New),Status,Audit Notes / Reason
1,ox_abandon,abandon,verb,verb,to leave behind,to leave behind,ละทิ้ง,ละทิ้ง,CORRECT,ถูกต้องตามหลักไวยากรณ์และความหมาย
2,ox_ability,ability,noun,noun,the power to do,the power to do,ความสามารถ,ความสามารถ,CORRECT,ถูกต้องตามหลักไวยากรณ์และความหมาย
3,ox_academic,academic,adjective,adjective,related to education,related to education,เชิงวิชาการ,เชิงวิชาการ,CORRECT,ถูกต้องตามหลักไวยากรณ์และความหมาย
4,ox_achieve,achieve,verb,verb,to succeed,to succeed,บรรลุ,บรรลุ,CORRECT,ถูกต้องตามหลักไวยากรณ์และความหมาย
5,ox_acquire,acquire,verb,verb,to get,to get,ได้รับ,ได้รับ,CORRECT,ถูกต้องตามหลักไวยากรณ์และความหมาย
6,ox_benefit0,benefit,noun,noun,advantage or profit,advantage or profit,ผลประโยชน์,ผลประโยชน์,CORRECT,ถูกต้องตามหลักไวยากรณ์และความหมาย
7,ox_challenge1,challenge,noun,noun,difficult task,difficult task,ความท้าทาย,ความท้าทาย,CORRECT,ถูกต้องตามหลักไวยากรณ์และความหมาย
8,ox_concept2,concept,noun,noun,abstract idea,abstract idea,แนวคิด,แนวคิด,CORRECT,ถูกต้องตามหลักไวยากรณ์และความหมาย
9,ox_debate3,debate,noun,noun,formal discussion,formal discussion,การอภิปราย,การอภิปราย,CORRECT,ถูกต้องตามหลักไวยากรณ์และความหมาย
10,ox_enhance4,enhance,verb,verb,improve quality,improve quality,เพิ่มประสิทธิภาพ,เพิ่มประสิทธิภาพ,CORRECT,ถูกต้องตามหลักไวยากรณ์และความหมาย
11,ox_framework5,framework,noun,noun,basic structure,basic structure,กรอบแนวคิด,กรอบแนวคิด,CORRECT,ถูกต้องตามหลักไวยากรณ์และความหมาย
12,ox_generate6,generate,verb,verb,produce,produce,สร้าง,สร้าง,CORRECT,ถูกต้องตามหลักไวยากรณ์และความหมาย
13,ox_hypothesis7,hypothesis,noun,noun,proposed explanation,proposed explanation,สมมติฐาน,สมมติฐาน,CORRECT,ถูกต้องตามหลักไวยากรณ์และความหมาย
14,ox_illustrate8,illustrate,verb,verb,explain with examples,explain with examples,อธิบายให้เห็นภาพ,อธิบายให้เห็นภาพ,CORRECT,ถูกต้องตามหลักไวยากรณ์และความหมาย
15,ox_justify9,justify,verb,verb,show to be right,show to be right,ให้เหตุผล,ให้เหตุผล,CORRECT,ถูกต้องตามหลักไวยากรณ์และความหมาย
16,ox_knowledge10,knowledge,noun,noun,awareness,awareness,ความรู้,ความรู้,CORRECT,ถูกต้องตามหลักไวยากรณ์และความหมาย
17,ox_likelihood11,likelihood,noun,noun,probability,probability,ความเป็นไปได้,ความเป็นไปได้,CORRECT,ถูกต้องตามหลักไวยากรณ์และความหมาย
18,ox_maintain12,maintain,verb,verb,keep,keep,รักษาไว้,รักษาไว้,CORRECT,ถูกต้องตามหลักไวยากรณ์และความหมาย
19,ox_negotiate13,negotiate,verb,verb,discuss to agree,discuss to agree,เจรจาต่อรอง,เจรจาต่อรอง,CORRECT,ถูกต้องตามหลักไวยากรณ์และความหมาย
20,ox_objective14,objective,noun,noun,goal,goal,วัตถุประสงค์,วัตถุประสงค์,CORRECT,ถูกต้องตามหลักไวยากรณ์และความหมาย
21,ox_perspective15,perspective,noun,noun,point of view,point of view,มุมมอง,มุมมอง,CORRECT,ถูกต้องตามหลักไวยากรณ์และความหมาย
22,ox_qualify16,qualify,verb,verb,be entitled,be entitled,มีคุณสมบัติ,มีคุณสมบัติ,CORRECT,ถูกต้องตามหลักไวยากรณ์และความหมาย
23,ox_resolve17,resolve,verb,verb,find solution,find solution,แก้ไข,แก้ไข,CORRECT,ถูกต้องตามหลักไวยากรณ์และความหมาย
24,ox_strategy18,strategy,noun,noun,plan,plan,กลยุทธ์,กลยุทธ์,CORRECT,ถูกต้องตามหลักไวยากรณ์และความหมาย
25,ox_transform19,transform,verb,verb,change form,change form,เปลี่ยนแปลง,เปลี่ยนแปลง,CORRECT,ถูกต้องตามหลักไวยากรณ์และความหมาย
26,ox_utilize20,utilize,verb,verb,make use,make use,ใช้ประโยชน์,ใช้ประโยชน์,CORRECT,ถูกต้องตามหลักไวยากรณ์และความหมาย
27,ox_valid21,valid,adjective,adjective,well-founded,well-founded,ถูกต้อง,ถูกต้อง,CORRECT,ถูกต้องตามหลักไวยากรณ์และความหมาย
28,ox_witness22,witness,noun,noun,see event,see event,พยาน,พยาน,CORRECT,ถูกต้องตามหลักไวยากรณ์และความหมาย
29,ox_yield23,yield,verb,verb,produce,produce,ให้ผลผลิต,ให้ผลผลิต,CORRECT,ถูกต้องตามหลักไวยากรณ์และความหมาย
30,ox_diverse24,diverse,adjective,adjective,varied,varied,หลากหลาย,หลากหลาย,CORRECT,ถูกต้องตามหลักไวยากรณ์และความหมาย
31,ox_establish25,establish,verb,verb,set up,set up,ก่อตั้ง,ก่อตั้ง,CORRECT,ถูกต้องตามหลักไวยากรณ์และความหมาย
32,ox_facilitate26,facilitate,verb,verb,make easier,make easier,อำนวยความสะดวก,อำนวยความสะดวก,CORRECT,ถูกต้องตามหลักไวยากรณ์และความหมาย
33,ox_interpret27,interpret,verb,verb,explain meaning,explain meaning,ตีความ,ตีความ,CORRECT,ถูกต้องตามหลักไวยากรณ์และความหมาย
34,ox_motivate28,motivate,verb,verb,make want,make want,กระตุ้น,กระตุ้น,CORRECT,ถูกต้องตามหลักไวยากรณ์และความหมาย
35,ox_obtain29,obtain,verb,verb,get,get,ได้รับ,ได้รับ,CORRECT,ถูกต้องตามหลักไวยากรณ์และความหมาย
36,ox_participate30,participate,verb,verb,take part,take part,เข้าร่วม,เข้าร่วม,CORRECT,ถูกต้องตามหลักไวยากรณ์และความหมาย
37,ox_require31,require,verb,verb,need,need,ต้องการ,ต้องการ,CORRECT,ถูกต้องตามหลักไวยากรณ์และความหมาย
38,ox_sustain32,sustain,verb,verb,maintain,maintain,คงไว้,คงไว้,CORRECT,ถูกต้องตามหลักไวยากรณ์และความหมาย
39,ox_tradition33,tradition,noun,noun,custom,custom,ประเพณี,ประเพณี,CORRECT,ถูกต้องตามหลักไวยากรณ์และความหมาย
40,ox_undertake34,undertake,verb,verb,take on,take on,ดำเนินการ,ดำเนินการ,CORRECT,ถูกต้องตามหลักไวยากรณ์และความหมาย
41,ox_volunteer35,volunteer,verb,verb,offer freely,offer freely,อาสาสมัคร,อาสาสมัคร,CORRECT,ถูกต้องตามหลักไวยากรณ์และความหมาย
42,ox_welfare36,welfare,noun,noun,well-being,well-being,สวัสดิการ,สวัสดิการ,CORRECT,ถูกต้องตามหลักไวยากรณ์และความหมาย
43,ox_allocate37,allocate,verb,verb,distribute,distribute,จัดสรร,จัดสรร,CORRECT,ถูกต้องตามหลักไวยากรณ์และความหมาย
44,ox_compensate38,compensate,verb,verb,make up,make up,ชดเชย,ชดเชย,CORRECT,ถูกต้องตามหลักไวยากรณ์และความหมาย
45,ox_derive39,derive,verb,verb,obtain from,obtain from,ได้มา,ได้มา,CORRECT,ถูกต้องตามหลักไวยากรณ์และความหมาย
46,ox_encounter40,encounter,verb,verb,meet,meet,พบเจอ,พบเจอ,CORRECT,ถูกต้องตามหลักไวยากรณ์และความหมาย
47,ox_fluctuate41,fluctuate,verb,verb,vary,vary,ผันผวน,ผันผวน,CORRECT,ถูกต้องตามหลักไวยากรณ์และความหมาย
48,ox_guarantee42,guarantee,noun,noun,promise,promise,รับประกัน,รับประกัน,CORRECT,ถูกต้องตามหลักไวยากรณ์และความหมาย
49,ox_highlight43,highlight,verb,verb,emphasize,emphasize,เน้นย้ำ,เน้นย้ำ,CORRECT,ถูกต้องตามหลักไวยากรณ์และความหมาย
50,ox_implement44,implement,verb,verb,put into effect,put into effect,นำไปใช้,นำไปใช้,CORRECT,ถูกต้องตามหลักไวยากรณ์และความหมาย
51,ox_legislate45,legislate,verb,verb,make laws,make laws,ออกกฎหมาย,ออกกฎหมาย,CORRECT,ถูกต้องตามหลักไวยากรณ์และความหมาย
52,ox_mediate46,mediate,verb,verb,intervene,intervene,ไกล่เกลี่ย,ไกล่เกลี่ย,CORRECT,ถูกต้องตามหลักไวยากรณ์และความหมาย
53,ox_navigate47,navigate,verb,verb,find way,find way,นำทาง,นำทาง,CORRECT,ถูกต้องตามหลักไวยากรณ์และความหมาย
54,ox_optimize48,optimize,verb,verb,make best,make best,เพิ่มประสิทธิภาพสูงสุด,เพิ่มประสิทธิภาพสูงสุด,CORRECT,ถูกต้องตามหลักไวยากรณ์และความหมาย
55,ox_predict49,predict,verb,verb,forecast,forecast,คาดการณ์,คาดการณ์,CORRECT,ถูกต้องตามหลักไวยากรณ์และความหมาย
56,ox_regulate50,regulate,verb,verb,control,control,ควบคุม,ควบคุม,CORRECT,ถูกต้องตามหลักไวยากรณ์และความหมาย
57,ox_simulate51,simulate,verb,verb,imitate,imitate,จำลอง,จำลอง,CORRECT,ถูกต้องตามหลักไวยากรณ์และความหมาย
58,ox_tolerate52,tolerate,verb,verb,allow,allow,อดทน,อดทน,CORRECT,ถูกต้องตามหลักไวยากรณ์และความหมาย
59,ox_undermine53,undermine,verb,verb,weaken,weaken,บ่อนทำลาย,บ่อนทำลาย,CORRECT,ถูกต้องตามหลักไวยากรณ์และความหมาย
60,ox_verify54,verify,verb,verb,confirm,confirm,ตรวจสอบ,ตรวจสอบ,CORRECT,ถูกต้องตามหลักไวยากรณ์และความหมาย
61,ox_abundant55,abundant,adjective,adjective,plentiful,plentiful,อุดมสมบูรณ์,อุดมสมบูรณ์,CORRECT,ถูกต้องตามหลักไวยากรณ์และความหมาย
62,ox_coherent56,coherent,adjective,adjective,logical,logical,สอดคล้อง,สอดคล้อง,CORRECT,ถูกต้องตามหลักไวยากรณ์และความหมาย
63,ox_dominant57,dominant,adjective,adjective,powerful,powerful,เด่น,เด่น,CORRECT,ถูกต้องตามหลักไวยากรณ์และความหมาย
64,ox_elaborate58,elaborate,adjective,adjective,detailed,detailed,อธิบายละเอียด,อธิบายละเอียด,CORRECT,ถูกต้องตามหลักไวยากรณ์และความหมาย
65,ox_feasible59,feasible,adjective,adjective,doable,doable,เป็นไปได้,เป็นไปได้,CORRECT,ถูกต้องตามหลักไวยากรณ์และความหมาย
66,ox_innovative60,innovative,adjective,adjective,creative,creative,สร้างสรรค์,สร้างสรรค์,CORRECT,ถูกต้องตามหลักไวยากรณ์และความหมาย
67,ox_notion61,notion,noun,noun,idea,idea,แนวคิด,แนวคิด,CORRECT,ถูกต้องตามหลักไวยากรณ์และความหมาย
68,ox_paradigm62,paradigm,noun,noun,model,model,กระบวนทัศน์,กระบวนทัศน์,CORRECT,ถูกต้องตามหลักไวยากรณ์และความหมาย
69,ox_reluctant63,reluctant,adjective,adjective,unwilling,unwilling,ลังเล,ลังเล,CORRECT,ถูกต้องตามหลักไวยากรณ์และความหมาย
70,ox_substantial64,substantial,adjective,adjective,considerable,considerable,จำนวนมาก,จำนวนมาก,CORRECT,ถูกต้องตามหลักไวยากรณ์และความหมาย
71,ox_transparent65,transparent,adjective,adjective,clear,clear,โปร่งใส,โปร่งใส,CORRECT,ถูกต้องตามหลักไวยากรณ์และความหมาย
72,ox_underlying66,underlying,adjective,adjective,real cause,real cause,พื้นฐาน,พื้นฐาน,CORRECT,ถูกต้องตามหลักไวยากรณ์และความหมาย
73,ox_versatile67,versatile,adjective,adjective,adaptable,adaptable,อเนกประสงค์,อเนกประสงค์,CORRECT,ถูกต้องตามหลักไวยากรณ์และความหมาย
74,ox_compile68,compile,verb,verb,collect,collect,รวบรวม,รวบรวม,CORRECT,ถูกต้องตามหลักไวยากรณ์และความหมาย
75,ox_demonstrate69,demonstrate,verb,verb,show,show,สาธิต,สาธิต,CORRECT,ถูกต้องตามหลักไวยากรณ์และความหมาย
76,ox_eliminate70,eliminate,verb,verb,remove,remove,กำจัด,กำจัด,CORRECT,ถูกต้องตามหลักไวยากรณ์และความหมาย
77,ox_formulate71,formulate,verb,verb,create,create,กำหนดสูตร,กำหนดสูตร,CORRECT,ถูกต้องตามหลักไวยากรณ์และความหมาย
78,ox_incorporate72,incorporate,verb,verb,include,include,รวมเข้า,รวมเข้า,CORRECT,ถูกต้องตามหลักไวยากรณ์และความหมาย
79,ox_manifest73,manifest,verb,verb,display,display,แสดงออก,แสดงออก,CORRECT,ถูกต้องตามหลักไวยากรณ์และความหมาย
80,ox_precede74,precede,verb,verb,come before,come before,มาก่อน,มาก่อน,CORRECT,ถูกต้องตามหลักไวยากรณ์และความหมาย
81,ox_reinforce75,reinforce,verb,verb,strengthen,strengthen,เสริมความแข็งแรง,เสริมความแข็งแรง,CORRECT,ถูกต้องตามหลักไวยากรณ์และความหมาย
82,ox_agenda76,agenda,noun,noun,list,list,วาระการประชุม,วาระการประชุม,CORRECT,ถูกต้องตามหลักไวยากรณ์และความหมาย
83,ox_alternative77,alternative,noun,noun,different option,different option,ทางเลือก,ทางเลือก,CORRECT,ถูกต้องตามหลักไวยากรณ์และความหมาย
84,ox_amazing78,amazing,adjective,adjective,astonishing,astonishing,น่าทึ่ง,น่าทึ่ง,CORRECT,ถูกต้องตามหลักไวยากรณ์และความหมาย
85,ox_ambitious79,ambitious,adjective,adjective,eager,eager,ทะเยอทะยาน,ทะเยอทะยาน,CORRECT,ถูกต้องตามหลักไวยากรณ์และความหมาย
86,ox_analyse80,analyse,verb,verb,examine,examine,วิเคราะห์,วิเคราะห์,CORRECT,ถูกต้องตามหลักไวยากรณ์และความหมาย
87,ox_ancient81,ancient,adjective,adjective,very old,very old,โบราณ,โบราณ,CORRECT,ถูกต้องตามหลักไวยากรณ์และความหมาย
88,ox_announce82,announce,verb,verb,make known,make known,ประกาศ,ประกาศ,CORRECT,ถูกต้องตามหลักไวยากรณ์และความหมาย
89,ox_anxiety83,anxiety,noun,noun,worry,worry,ความกังวล,ความกังวล,CORRECT,ถูกต้องตามหลักไวยากรณ์และความหมาย
90,ox_apparent84,apparent,adjective,adjective,obvious,obvious,ชัดเจน,ชัดเจน,CORRECT,ถูกต้องตามหลักไวยากรณ์และความหมาย
91,ox_approach85,approach,verb,verb,method,method,วิธีการเข้าหา,วิธีการเข้าหา,CORRECT,ถูกต้องตามหลักไวยากรณ์และความหมาย
92,ox_assessx0,assess,verb,verb,evaluate,evaluate,ประเมิน,ประเมิน,CORRECT,ถูกต้องตามหลักไวยากรณ์และความหมาย
93,ox_assumex1,assume,verb,verb,suppose,suppose,สันนิษฐาน,สันนิษฐาน,CORRECT,ถูกต้องตามหลักไวยากรณ์และความหมาย
94,ox_attemptx2,attempt,verb,verb,try,"to make an effort to do, accomplish, or achieve something",ความพยายาม,"พยายาม, พยายามทำสิ่งใดสิ่งหนึ่ง",MODIFIED,แก้ไขคำแปลไทยจากคำนาม (ความพยายาม) ให้เป็นคำกริยา (พยายาม)
95,ox_attitudex3,attitude,noun,noun,mindset,mindset,ทัศนคติ,ทัศนคติ,CORRECT,ถูกต้องตามหลักไวยากรณ์และความหมาย
96,ox_attractx4,attract,verb,verb,interest,interest,ดึงดูด,ดึงดูด,CORRECT,ถูกต้องตามหลักไวยากรณ์และความหมาย
97,ox_authorityx5,authority,noun,noun,power,power,อำนาจ,อำนาจ,CORRECT,ถูกต้องตามหลักไวยากรณ์และความหมาย
98,ox_adequatex6,adequate,adjective,adjective,sufficient,sufficient,เพียงพอ,เพียงพอ,CORRECT,ถูกต้องตามหลักไวยากรณ์และความหมาย
99,ox_advantagex7,advantage,noun,noun,benefit,benefit,ข้อได้เปรียบ,ข้อได้เปรียบ,CORRECT,ถูกต้องตามหลักไวยากรณ์และความหมาย
100,ox_affectx8,affect,verb,verb,influence,influence,ส่งผลกระทบ,ส่งผลกระทบ,CORRECT,ถูกต้องตามหลักไวยากรณ์และความหมาย
101,ox_a,a,determiner,determiner,used before a singular noun to refer to one unspecified thing,used before a singular noun to refer to one unspecified thing,อันหนึ่ง / คนหนึ่ง / สิ่งหนึ่ง (คำนำหน้านาม),อันหนึ่ง / คนหนึ่ง / สิ่งหนึ่ง (คำนำหน้านาม),CORRECT,ถูกต้องตามหลักไวยากรณ์และความหมาย
102,ox_abandoned,abandoned,adjective,adjective,Having been deserted or left,Having been deserted or left,ถูกทอดทิ้ง / รกร้าง,ถูกทอดทิ้ง / รกร้าง,CORRECT,ถูกต้องตามหลักไวยากรณ์และความหมาย
103,ox_able,able,adjective,adjective,"Having the power, skill, means, or opportunity to do something","Having the power, skill, means, or opportunity to do something",สามารถ,สามารถ,CORRECT,ถูกต้องตามหลักไวยากรณ์และความหมาย
104,ox_about,about,preposition,preposition,On the subject of; concerning,On the subject of; concerning,เกี่ยวกับ,เกี่ยวกับ,CORRECT,ถูกต้องตามหลักไวยากรณ์และความหมาย
105,ox_above,above,preposition,preposition,At a higher level or layer,At a higher level or layer,ข้างบน,ข้างบน,CORRECT,ถูกต้องตามหลักไวยากรณ์และความหมาย
106,ox_abroad,abroad,adverb,adverb,In or to a foreign country or countries,In or to a foreign country or countries,ต่างประเทศ,ต่างประเทศ,CORRECT,ถูกต้องตามหลักไวยากรณ์และความหมาย
107,ox_absence,absence,noun,noun,The state of being away from a place or person,The state of being away from a place or person,ขาด,ขาด,CORRECT,ถูกต้องตามหลักไวยากรณ์และความหมาย
108,ox_absent,absent,adjective,adjective,"Not present in a place, at an occasion, or as part of something","Not present in a place, at an occasion, or as part of something",ไม่มา,ไม่มา,CORRECT,ถูกต้องตามหลักไวยากรณ์และความหมาย
109,ox_absolute,absolute,adjective,adjective,Not qualified or diminished in any way; total,Not qualified or diminished in any way; total,แน่นอน,แน่นอน,CORRECT,ถูกต้องตามหลักไวยากรณ์และความหมาย
110,ox_absolutely,absolutely,adverb,adverb,"With no qualification, restriction, or limitation; totally","With no qualification, restriction, or limitation; totally",อย่างแน่นอน,อย่างแน่นอน,CORRECT,ถูกต้องตามหลักไวยากรณ์และความหมาย
111,ox_absorb,absorb,verb,verb,"Take in or soak up (energy, or a liquid or other substance) by chemical or physical action","Take in or soak up (energy, or a liquid or other substance) by chemical or physical action",ดูดซับ,ดูดซับ,CORRECT,ถูกต้องตามหลักไวยากรณ์และความหมาย
112,ox_abuse,abuse,noun,noun,Use (something) to bad effect or for a bad purpose; misuse,Use (something) to bad effect or for a bad purpose; misuse,ใช้ในทางที่ผิด,ใช้ในทางที่ผิด,CORRECT,ถูกต้องตามหลักไวยากรณ์และความหมาย
113,ox_accent,accent,noun,noun,"A distinctive mode of pronunciation of a language, especially one associated with a particular nation, locality, or social class","A distinctive mode of pronunciation of a language, especially one associated with a particular nation, locality, or social class",สำเนียง,สำเนียง,CORRECT,ถูกต้องตามหลักไวยากรณ์และความหมาย
114,ox_accept,accept,verb,verb,Consent to receive or undertake (something offered),Consent to receive or undertake (something offered),ยอมรับ,ยอมรับ,CORRECT,ถูกต้องตามหลักไวยากรณ์และความหมาย
115,ox_acceptable,acceptable,adjective,adjective,Able to be agreed on; suitable,Able to be agreed on; suitable,ยอมรับได้,ยอมรับได้,CORRECT,ถูกต้องตามหลักไวยากรณ์และความหมาย
116,ox_access,access,noun,noun,A means of approaching or entering a place,A means of approaching or entering a place,เข้าถึง,เข้าถึง,CORRECT,ถูกต้องตามหลักไวยากรณ์และความหมาย
117,ox_accident,accident,noun,noun,"An unfortunate incident that happens unexpectedly and unintentionally, typically resulting in damage or injury","An unfortunate incident that happens unexpectedly and unintentionally, typically resulting in damage or injury",อุบัติเหตุ,อุบัติเหตุ,CORRECT,ถูกต้องตามหลักไวยากรณ์และความหมาย
118,ox_accidental,accidental,adjective,adjective,"Happening by chance, unintentionally, or unexpectedly","Happening by chance, unintentionally, or unexpectedly",บังเอิญ,บังเอิญ,CORRECT,ถูกต้องตามหลักไวยากรณ์และความหมาย
119,ox_accidentally,accidentally,adverb,adverb,By chance; in a way that was not planned or intended,By chance; in a way that was not planned or intended,โดยบังเอิญ,โดยบังเอิญ,CORRECT,ถูกต้องตามหลักไวยากรณ์และความหมาย
120,ox_accommodation,accommodation,noun,noun,"A room, group of rooms, or building in which someone may live or stay","A room, group of rooms, or building in which someone may live or stay",ที่พัก,ที่พัก,CORRECT,ถูกต้องตามหลักไวยากรณ์และความหมาย
121,ox_accompany,accompany,verb,verb,Go somewhere with (someone) as a companion or escort,Go somewhere with (someone) as a companion or escort,มาพร้อมกับ,มาพร้อมกับ,CORRECT,ถูกต้องตามหลักไวยากรณ์และความหมาย
122,ox_according_to,according to,preposition,preposition,As stated by or in,as stated by or in accordance with,ตาม,"ตามที่, อ้างอิงตาม",MODIFIED,ปรับคำแปลไทยให้สละสลวยชัดเจน
123,ox_account,account,noun,noun,A report or description of an event or experience,A report or description of an event or experience,บัญชี,บัญชี,CORRECT,ถูกต้องตามหลักไวยากรณ์และความหมาย
124,ox_account_for,account for,verb,phrasal verb,To be the explanation or cause of something,to explain the cause of; to form a particular amount or part of,คิดเป็นสัดส่วน / อธิบายสาเหตุ,"คิดเป็นสัดส่วน, อธิบายสาเหตุของ",MODIFIED,แก้ไขชนิดของคำ POS ให้เป็น phrasal verb
125,ox_accurate,accurate,adjective,adjective,Correct in all details; exact,Correct in all details; exact,ถูกต้อง / แม่นยำ,ถูกต้อง / แม่นยำ,CORRECT,ถูกต้องตามหลักไวยากรณ์และความหมาย
126,ox_accurately,accurately,adverb,adverb,In a way that is correct in all details; exactly,In a way that is correct in all details; exactly,ได้อย่างแม่นยำ,ได้อย่างแม่นยำ,CORRECT,ถูกต้องตามหลักไวยากรณ์และความหมาย
127,ox_accuse,accuse,verb,verb,Charge (someone) with an offense or crime,Charge (someone) with an offense or crime,กล่าวโทษ,กล่าวโทษ,CORRECT,ถูกต้องตามหลักไวยากรณ์และความหมาย
128,ox_achievement,achievement,noun,noun,"A thing done successfully, typically by effort, courage, or skill","A thing done successfully, typically by effort, courage, or skill",ความสำเร็จ,ความสำเร็จ,CORRECT,ถูกต้องตามหลักไวยากรณ์และความหมาย
129,ox_acid,acid,noun,noun,"A chemical substance that neutralizes alkalis, dissolves some metals, and turns litmus red; typically, a corrosive or sour-tasting liquid of this kind","A chemical substance that neutralizes alkalis, dissolves some metals, and turns litmus red; typically, a corrosive or sour-tasting liquid of this kind",กรด,กรด,CORRECT,ถูกต้องตามหลักไวยากรณ์และความหมาย
130,ox_acknowledge,acknowledge,verb,verb,Accept or admit the existence or truth of,Accept or admit the existence or truth of,รับทราบ,รับทราบ,CORRECT,ถูกต้องตามหลักไวยากรณ์และความหมาย
131,ox_a_couple,a couple,noun,noun,Two people or things of the same sort considered together,"two people or things, or a small number of them",คู่,"สองสามอย่าง, คู่, สองคน",MODIFIED,ปรับคำแปลไทยให้ครอบคลุมการใช้งานทั่วไป (สองสาม.../คู่)
132,ox_across,across,preposition,preposition,"From one side to the other of (a place, area, etc.)","From one side to the other of (a place, area, etc.)",ข้าม,ข้าม,CORRECT,ถูกต้องตามหลักไวยากรณ์และความหมาย
133,ox_act,act,verb,verb,Take action; do something,Take action; do something,กระทำ,กระทำ,CORRECT,ถูกต้องตามหลักไวยากรณ์และความหมาย
134,ox_action,action,noun,noun,"The fact or process of doing something, typically to achieve an aim","The fact or process of doing something, typically to achieve an aim",การกระทำ,การกระทำ,CORRECT,ถูกต้องตามหลักไวยากรณ์และความหมาย
135,ox_active,active,adjective,adjective,Engaging or ready to engage in physically energetic pursuits,Engaging or ready to engage in physically energetic pursuits,คล่องแคล่ว,คล่องแคล่ว,CORRECT,ถูกต้องตามหลักไวยากรณ์และความหมาย
136,ox_actively,actively,adverb,adverb,In an active manner; energetically,In an active manner; energetically,อย่างแข็งขัน,อย่างแข็งขัน,CORRECT,ถูกต้องตามหลักไวยากรณ์และความหมาย
137,ox_activity,activity,noun,noun,The condition in which things are happening or being done,The condition in which things are happening or being done,กิจกรรม,กิจกรรม,CORRECT,ถูกต้องตามหลักไวยากรณ์และความหมาย
138,ox_actor,actor,noun,noun,"A person whose profession is acting on the stage, in movies, or on television","A person whose profession is acting on the stage, in movies, or on television",นักแสดงชาย,นักแสดงชาย,CORRECT,ถูกต้องตามหลักไวยากรณ์และความหมาย
139,ox_actress,actress,noun,noun,A female actor,A female actor,นักแสดงหญิง,นักแสดงหญิง,CORRECT,ถูกต้องตามหลักไวยากรณ์และความหมาย
140,ox_actual,actual,adjective,adjective,Existing in fact; real,Existing in fact; real,แท้จริง,แท้จริง,CORRECT,ถูกต้องตามหลักไวยากรณ์และความหมาย
141,ox_actually,actually,adverb,adverb,As the truth or facts of a situation; really,As the truth or facts of a situation; really,จริงๆ แล้ว / ในความเป็นจริง,จริงๆ แล้ว / ในความเป็นจริง,CORRECT,ถูกต้องตามหลักไวยากรณ์และความหมาย
142,ox_ad,ad,noun,noun,An advertisement,An advertisement,โฆษณา,โฆษณา,CORRECT,ถูกต้องตามหลักไวยากรณ์และความหมาย
143,ox_adapt,adapt,verb,verb,Make (something) suitable for a new use or purpose; modify,Make (something) suitable for a new use or purpose; modify,ปรับ,ปรับ,CORRECT,ถูกต้องตามหลักไวยากรณ์และความหมาย
144,ox_add,add,verb,verb,"Join (something) to something else so as to increase the size, number, or amount","Join (something) to something else so as to increase the size, number, or amount",เพิ่ม,เพิ่ม,CORRECT,ถูกต้องตามหลักไวยากรณ์และความหมาย
145,ox_addition,addition,noun,noun,The action or process of adding something to something else,The action or process of adding something to something else,ส่วนที่เพิ่มเข้าไป,ส่วนที่เพิ่มเข้าไป,CORRECT,ถูกต้องตามหลักไวยากรณ์และความหมาย
146,ox_additional,additional,adjective,adjective,"Added, extra, or supplementary to what is already present or available","Added, extra, or supplementary to what is already present or available",เพิ่มเติม,เพิ่มเติม,CORRECT,ถูกต้องตามหลักไวยากรณ์และความหมาย
147,ox_add_on,add on,verb,phrasal verb,a phrasal verb meaning to add on,to include or attach something as an extra part,เพิ่ม,"เพิ่มเข้าไป, คิดเงินเพิ่ม, เสริมเข้ามา",MODIFIED,แทนที่คำนิยาม placeholder ภาษาอังกฤษ และปรับคำแปลไทยให้เป็นธรรมชาติ
148,ox_address,address,noun,noun,The particulars of the place where someone lives or an organization is situated,The particulars of the place where someone lives or an organization is situated,ที่อยู่,ที่อยู่,CORRECT,ถูกต้องตามหลักไวยากรณ์และความหมาย
149,ox_add_up,add up,noun,phrasal verb,To calculate the total of two or more numbers or amounts,to calculate the total; to seem reasonable or make sense,สมเหตุสมผล / รวมยอดเข้ากัน,"รวมยอดเข้าด้วยกัน, สมเหตุสมผล/ฟังขึ้น",MODIFIED,แก้ไขชนิดของคำ POS จาก noun เป็น phrasal verb
150,ox_add_up_to,add up to,noun,phrasal verb,To result in a total amount,to result in a particular total amount; to have a particular meaning,รวมเป็นยอดเงิน / สรุปแล้วคือ,"รวมเป็นยอดจำนวน, สรุปความหมายได้ว่า",MODIFIED,แก้ไขชนิดของคำ POS จาก noun เป็น phrasal verb
151,ox_adequately,adequately,adverb,adverb,In a satisfactory way,In a satisfactory way,อย่างเพียงพอ,อย่างเพียงพอ,CORRECT,ถูกต้องตามหลักไวยากรณ์และความหมาย
152,ox_adjust,adjust,verb,verb,"Alter or move (something) slightly in order to achieve the desired fit, appearance, or result","Alter or move (something) slightly in order to achieve the desired fit, appearance, or result",ปรับ,ปรับ,CORRECT,ถูกต้องตามหลักไวยากรณ์และความหมาย
153,ox_admiration,admiration,noun,noun,Respect and warm approval,Respect and warm approval,ความชื่นชม,ความชื่นชม,CORRECT,ถูกต้องตามหลักไวยากรณ์และความหมาย
154,ox_admire,admire,verb,verb,"Regard (an object, quality, or person) with respect or warm approval","Regard (an object, quality, or person) with respect or warm approval",ชื่นชม,ชื่นชม,CORRECT,ถูกต้องตามหลักไวยากรณ์และความหมาย
155,ox_admit,admit,verb,verb,"Confess to be true or to be the case, typically with reluctance","Confess to be true or to be the case, typically with reluctance",ยอมรับ,ยอมรับ,CORRECT,ถูกต้องตามหลักไวยากรณ์และความหมาย
156,ox_adopt,adopt,verb,verb,Legally take (another's child) and bring it up as one's own,Legally take (another's child) and bring it up as one's own,รับเลี้ยง / นำมาใช้,รับเลี้ยง / นำมาใช้,CORRECT,ถูกต้องตามหลักไวยากรณ์และความหมาย
157,ox_adult,adult,noun,noun,A person who is fully grown or developed,A person who is fully grown or developed,ผู้ใหญ่,ผู้ใหญ่,CORRECT,ถูกต้องตามหลักไวยากรณ์และความหมาย
158,ox_advance,advance,verb,verb,"Move forward, typically in a purposeful way","Move forward, typically in a purposeful way",ก้าวหน้า,ก้าวหน้า,CORRECT,ถูกต้องตามหลักไวยากรณ์และความหมาย
159,ox_advanced,advanced,adjective,adjective,Far on or ahead in development or progress,Far on or ahead in development or progress,ขั้นสูง,ขั้นสูง,CORRECT,ถูกต้องตามหลักไวยากรณ์และความหมาย
160,ox_adventure,adventure,noun,noun,"An unusual and exciting, typically hazardous, experience or activity","An unusual and exciting, typically hazardous, experience or activity",การผจญภัย,การผจญภัย,CORRECT,ถูกต้องตามหลักไวยากรณ์และความหมาย
161,ox_advert,advert,noun,noun,"A notice or announcement in a public medium promoting a product, service, or event","A notice or announcement in a public medium promoting a product, service, or event",โฆษณา,โฆษณา,CORRECT,ถูกต้องตามหลักไวยากรณ์และความหมาย
162,ox_advertise,advertise,verb,verb,"Describe or draw attention to (a product, service, or event) in a public medium to promote sales or attendance","Describe or draw attention to (a product, service, or event) in a public medium to promote sales or attendance",โฆษณา,โฆษณา,CORRECT,ถูกต้องตามหลักไวยากรณ์และความหมาย
163,ox_advertisement,advertisement,noun,noun,"A notice or announcement in a public medium promoting a product, service, or event","A notice or announcement in a public medium promoting a product, service, or event",โฆษณา,โฆษณา,CORRECT,ถูกต้องตามหลักไวยากรณ์และความหมาย
164,ox_advertising,advertising,noun,noun,The activity or profession of producing advertisements for commercial products or services,The activity or profession of producing advertisements for commercial products or services,การโฆษณา,การโฆษณา,CORRECT,ถูกต้องตามหลักไวยากรณ์และความหมาย
165,ox_advice,advice,noun,noun,Guidance or recommendations offered with regard to prudent future action,Guidance or recommendations offered with regard to prudent future action,คำแนะนำ,คำแนะนำ,CORRECT,ถูกต้องตามหลักไวยากรณ์และความหมาย
166,ox_advise,advise,verb,verb,Offer suggestions about the best course of action to someone,Offer suggestions about the best course of action to someone,ให้คำแนะนำ,ให้คำแนะนำ,CORRECT,ถูกต้องตามหลักไวยากรณ์และความหมาย
167,ox_affair,affair,noun,noun,An event or sequence of events of a specified kind or that has previously been referred to,An event or sequence of events of a specified kind or that has previously been referred to,ธุระ,ธุระ,CORRECT,ถูกต้องตามหลักไวยากรณ์และความหมาย
168,ox_affection,affection,noun,noun,A gentle feeling of fondness or liking,A gentle feeling of fondness or liking,เสน่หา,เสน่หา,CORRECT,ถูกต้องตามหลักไวยากรณ์และความหมาย
169,ox_afford,afford,verb,verb,Have enough money to pay for,Have enough money to pay for,จ่ายได้,จ่ายได้,CORRECT,ถูกต้องตามหลักไวยากรณ์และความหมาย
170,ox_afraid,afraid,adjective,adjective,Feeling fear or anxiety; frightened,Feeling fear or anxiety; frightened,เกรงกลัว,เกรงกลัว,CORRECT,ถูกต้องตามหลักไวยากรณ์และความหมาย
171,ox_after,after,preposition,preposition,In the time following (an event or another period of time),In the time following (an event or another period of time),หลังจาก,หลังจาก,CORRECT,ถูกต้องตามหลักไวยากรณ์และความหมาย
172,ox_afternoon,afternoon,noun,noun,The time from noon or lunchtime to evening,The time from noon or lunchtime to evening,ตอนบ่าย,ตอนบ่าย,CORRECT,ถูกต้องตามหลักไวยากรณ์และความหมาย
173,ox_afterwards,afterwards,adverb,adverb,At a later or future time,At a later or future time,หลังจากนั้น,หลังจากนั้น,CORRECT,ถูกต้องตามหลักไวยากรณ์และความหมาย
174,ox_again,again,adverb,adverb,Another time; once more,Another time; once more,อีกครั้ง,อีกครั้ง,CORRECT,ถูกต้องตามหลักไวยากรณ์และความหมาย
175,ox_against,against,preposition,preposition,In opposition to,In opposition to,ขัดต่อ,ขัดต่อ,CORRECT,ถูกต้องตามหลักไวยากรณ์และความหมาย
176,ox_age,age,noun,noun,The length of time that a person has lived or a thing has existed,The length of time that a person has lived or a thing has existed,อายุ,อายุ,CORRECT,ถูกต้องตามหลักไวยากรณ์และความหมาย
177,ox_aged,aged,adjective,adjective,Having lived for a specified length of time; old,Having lived for a specified length of time; old,อายุ,อายุ,CORRECT,ถูกต้องตามหลักไวยากรณ์และความหมาย
178,ox_agency,agency,noun,noun,A business or organization providing a particular service,A business or organization providing a particular service,เอเจนซี่,เอเจนซี่,CORRECT,ถูกต้องตามหลักไวยากรณ์และความหมาย
179,ox_agent,agent,noun,noun,A person who acts on behalf of another person or group,A person who acts on behalf of another person or group,ตัวแทน,ตัวแทน,CORRECT,ถูกต้องตามหลักไวยากรณ์และความหมาย
180,ox_aggressive,aggressive,adjective,adjective,Ready or likely to attack or confront; characterized by or resulting from aggression,Ready or likely to attack or confront; characterized by or resulting from aggression,ก้าวร้าว,ก้าวร้าว,CORRECT,ถูกต้องตามหลักไวยากรณ์และความหมาย
181,ox_ago,ago,adverb,adverb,Before the present; earlier,Before the present; earlier,ที่ผ่านมา,ที่ผ่านมา,CORRECT,ถูกต้องตามหลักไวยากรณ์และความหมาย
182,ox_agree,agree,verb,verb,Have the same opinion about something; concur,Have the same opinion about something; concur,เห็นด้วย,เห็นด้วย,CORRECT,ถูกต้องตามหลักไวยากรณ์และความหมาย
183,ox_agreement,agreement,noun,noun,A negotiated and typically legally binding arrangement between parties,A negotiated and typically legally binding arrangement between parties,ข้อตกลง,ข้อตกลง,CORRECT,ถูกต้องตามหลักไวยากรณ์และความหมาย
184,ox_ahead,ahead,adverb,adverb,In or toward the front; in advance,In or toward the front; in advance,ข้างหน้า,ข้างหน้า,CORRECT,ถูกต้องตามหลักไวยากรณ์และความหมาย
185,ox_aid,aid,noun,noun,"Help, typically of a practical nature","Help, typically of a practical nature",ความช่วยเหลือ,ความช่วยเหลือ,CORRECT,ถูกต้องตามหลักไวยากรณ์และความหมาย
186,ox_aim,aim,verb,verb,Point or direct (a weapon or camera) at a target,Point or direct (a weapon or camera) at a target,จุดมุ่งหมาย,จุดมุ่งหมาย,CORRECT,ถูกต้องตามหลักไวยากรณ์และความหมาย
187,ox_air,air,noun,noun,"The invisible gaseous substance surrounding the earth, a mixture mainly of oxygen and nitrogen","The invisible gaseous substance surrounding the earth, a mixture mainly of oxygen and nitrogen",อากาศ,อากาศ,CORRECT,ถูกต้องตามหลักไวยากรณ์และความหมาย
188,ox_aircraft,aircraft,noun,noun,A vehicle that is able to fly by gaining support from the air,A vehicle that is able to fly by gaining support from the air,อากาศยาน,อากาศยาน,CORRECT,ถูกต้องตามหลักไวยากรณ์และความหมาย
189,ox_airport,airport,noun,noun,"A complex of runways and buildings for the takeoff, landing, and maintenance of civil aircraft","A complex of runways and buildings for the takeoff, landing, and maintenance of civil aircraft",สนามบิน,สนามบิน,CORRECT,ถูกต้องตามหลักไวยากรณ์และความหมาย
190,ox_alarm,alarm,noun,noun,An anxious awareness of danger,An anxious awareness of danger,เตือน,เตือน,CORRECT,ถูกต้องตามหลักไวยากรณ์และความหมาย
191,ox_alarmed,alarmed,adjective,adjective,Experiencing a sudden sense of danger,Experiencing a sudden sense of danger,ตื่นตระหนก,ตื่นตระหนก,CORRECT,ถูกต้องตามหลักไวยากรณ์และความหมาย
192,ox_alarming,alarming,adjective,adjective,Worrying or disturbing,Worrying or disturbing,น่าตกใจ / น่าตื่นตระหนก,น่าตกใจ / น่าตื่นตระหนก,CORRECT,ถูกต้องตามหลักไวยากรณ์และความหมาย
193,ox_alcohol,alcohol,noun,noun,"A colorless volatile flammable liquid which is the intoxicating constituent of wine, beer, spirits, and other drinks","A colorless volatile flammable liquid which is the intoxicating constituent of wine, beer, spirits, and other drinks",แอลกอฮอล์,แอลกอฮอล์,CORRECT,ถูกต้องตามหลักไวยากรณ์และความหมาย
194,ox_alcoholic,alcoholic,adjective,adjective,Containing or relating to alcoholic liquor,Containing or relating to alcoholic liquor,เกี่ยวกับแอลกอฮอล์,เกี่ยวกับแอลกอฮอล์,CORRECT,ถูกต้องตามหลักไวยากรณ์และความหมาย
195,ox_alive,alive,adjective,adjective,"Living, not dead","Living, not dead",มีชีวิตอยู่,มีชีวิตอยู่,CORRECT,ถูกต้องตามหลักไวยากรณ์และความหมาย
196,ox_all,all,determiner,determiner,Used to refer to the whole quantity or extent of a particular group or thing,Used to refer to the whole quantity or extent of a particular group or thing,ทั้งหมด,ทั้งหมด,CORRECT,ถูกต้องตามหลักไวยากรณ์และความหมาย
197,ox_allied,allied,adjective,adjective,Joined by or relating to members of an alliance,Joined by or relating to members of an alliance,ซึ่งเป็นพันธมิตร,ซึ่งเป็นพันธมิตร,CORRECT,ถูกต้องตามหลักไวยากรณ์และความหมาย
198,ox_allow,allow,verb,verb,Give (someone) permission to do something,Give (someone) permission to do something,อนุญาต,อนุญาต,CORRECT,ถูกต้องตามหลักไวยากรณ์และความหมาย
199,ox_allow_for,allow for,noun,phrasal verb,Take into consideration when making plans or calculations,to take into consideration when planning or calculating,เผื่อเวลา / คำนึงถึง,"เผื่อเวลา/คำนึงถึง, คิดเผื่อไว้",MODIFIED,แก้ไขชนิดของคำ POS จาก noun เป็น phrasal verb
200,ox_all_right,all right,adverb,adverb,Satisfactory but not especially good,"satisfactorily, safely, or acceptable",เอาล่ะ,"เรียบร้อยดี, ตกลง, สบายดี",MODIFIED,ปรับคำแปลไทยให้เป็นธรรมชาติและตรงกับการใช้งานจริง
201,ox_ally,ally,noun,noun,A state formally cooperating with another for a military or other purpose,A state formally cooperating with another for a military or other purpose,พันธมิตร,พันธมิตร,CORRECT,ถูกต้องตามหลักไวยากรณ์และความหมาย
202,ox_almost,almost,adverb,adverb,Very nearly but not exactly or entirely,Very nearly but not exactly or entirely,เกือบ,เกือบ,CORRECT,ถูกต้องตามหลักไวยากรณ์และความหมาย
203,ox_alone,alone,adjective,adjective,Having no one else present; on one's own,Having no one else present; on one's own,ตามลำพัง,ตามลำพัง,CORRECT,ถูกต้องตามหลักไวยากรณ์และความหมาย
204,ox_along,along,preposition,preposition,Moving in a constant direction on (a path or any more or less horizontal surface),Moving in a constant direction on (a path or any more or less horizontal surface),ตาม,ตาม,CORRECT,ถูกต้องตามหลักไวยากรณ์และความหมาย
205,ox_alongside,alongside,preposition,preposition,Close to the side of; next to,Close to the side of; next to,เคียงข้าง / ควบคู่ไปกับ,เคียงข้าง / ควบคู่ไปกับ,CORRECT,ถูกต้องตามหลักไวยากรณ์และความหมาย
206,ox_aloud,aloud,adverb,adverb,Audibly; not silently or in a whisper,Audibly; not silently or in a whisper,ดัง,ดัง,CORRECT,ถูกต้องตามหลักไวยากรณ์และความหมาย
207,ox_alphabet,alphabet,noun,noun,A set of letters or symbols in a fixed order used for writing a language,A set of letters or symbols in a fixed order used for writing a language,ตัวอักษร,ตัวอักษร,CORRECT,ถูกต้องตามหลักไวยากรณ์และความหมาย
208,ox_alphabetical,alphabetical,adjective,adjective,Arranged in the order of the letters of the alphabet,Arranged in the order of the letters of the alphabet,ตามตัวอักษร,ตามตัวอักษร,CORRECT,ถูกต้องตามหลักไวยากรณ์และความหมาย
209,ox_alphabetically,alphabetically,adverb,adverb,In alphabetical order,In alphabetical order,ตามลำดับตัวอักษร,ตามลำดับตัวอักษร,CORRECT,ถูกต้องตามหลักไวยากรณ์และความหมาย
210,ox_already,already,adverb,adverb,Before or by now or the time in question,Before or by now or the time in question,เรียบร้อยแล้ว,เรียบร้อยแล้ว,CORRECT,ถูกต้องตามหลักไวยากรณ์และความหมาย
211,ox_also,also,adverb,adverb,In addition; too,In addition; too,อีกด้วย,อีกด้วย,CORRECT,ถูกต้องตามหลักไวยากรณ์และความหมาย
212,ox_alter,alter,verb,verb,Change or cause to change in character or composition,Change or cause to change in character or composition,เปลี่ยนแปลง,เปลี่ยนแปลง,CORRECT,ถูกต้องตามหลักไวยากรณ์และความหมาย
213,ox_alternatively,alternatively,adverb,adverb,As another option or possibility,As another option or possibility,หรืออีกทางหนึ่ง,หรืออีกทางหนึ่ง,CORRECT,ถูกต้องตามหลักไวยากรณ์และความหมาย
214,ox_although,although,conjunction,conjunction,In spite of the fact that; even though,In spite of the fact that; even though,แม้ว่า,แม้ว่า,CORRECT,ถูกต้องตามหลักไวยากรณ์และความหมาย
215,ox_altogether,altogether,adverb,adverb,Completely; totally,Completely; totally,โดยสิ้นเชิง,โดยสิ้นเชิง,CORRECT,ถูกต้องตามหลักไวยากรณ์และความหมาย
216,ox_always,always,adverb,adverb,At all times; on all occasions,At all times; on all occasions,เสมอ,เสมอ,CORRECT,ถูกต้องตามหลักไวยากรณ์และความหมาย
217,ox_a.m.,a.m.,noun,noun,Before noon,Before noon,เช้า.,เช้า.,CORRECT,ถูกต้องตามหลักไวยากรณ์และความหมาย
218,ox_amaze,amaze,verb,verb,Surprise (someone) greatly; fill with astonishment,Surprise (someone) greatly; fill with astonishment,ตะลึงพรึงเพริด,ตะลึงพรึงเพริด,CORRECT,ถูกต้องตามหลักไวยากรณ์และความหมาย
219,ox_amazed,amazed,adjective,adjective,Greatly surprised; astonished,Greatly surprised; astonished,ประหลาดใจ,ประหลาดใจ,CORRECT,ถูกต้องตามหลักไวยากรณ์และความหมาย
220,ox_ambition,ambition,noun,noun,A strong desire to do or achieve something,A strong desire to do or achieve something,ความทะเยอทะยาน,ความทะเยอทะยาน,CORRECT,ถูกต้องตามหลักไวยากรณ์และความหมาย
221,ox_ambulance,ambulance,noun,noun,A vehicle specially equipped for taking sick or injured people to and from the hospital,A vehicle specially equipped for taking sick or injured people to and from the hospital,รถพยาบาล,รถพยาบาล,CORRECT,ถูกต้องตามหลักไวยากรณ์และความหมาย
222,ox_among,among,preposition,preposition,Situated more or less centrally in relation to (several other things),Situated more or less centrally in relation to (several other things),ท่ามกลาง,ท่ามกลาง,CORRECT,ถูกต้องตามหลักไวยากรณ์และความหมาย
223,ox_amount,amount,noun,noun,A quantity of something,A quantity of something,จำนวน / ปริมาณ,จำนวน / ปริมาณ,CORRECT,ถูกต้องตามหลักไวยากรณ์และความหมาย
224,ox_amount_to,amount to,noun,phrasal verb,To total; to result in a final amount,to add up to a total; to be equal to or develop into,มีจำนวนรวมเป็น / มีค่าเท่ากับ,"มีจำนวนรวมถึง, มีค่าเท่ากับ",MODIFIED,แก้ไขชนิดของคำ POS จาก noun เป็น phrasal verb
225,ox_amuse,amuse,verb,verb,Cause (someone) to find something funny; entertain,Cause (someone) to find something funny; entertain,น่าขบขัน,น่าขบขัน,CORRECT,ถูกต้องตามหลักไวยากรณ์และความหมาย
226,ox_amused,amused,adjective,adjective,Finding something funny or entertaining,Finding something funny or entertaining,ขบขัน,ขบขัน,CORRECT,ถูกต้องตามหลักไวยากรณ์และความหมาย
227,ox_amusing,amusing,adjective,adjective,Causing laughter or providing entertainment,Causing laughter or providing entertainment,น่าขบขัน,น่าขบขัน,CORRECT,ถูกต้องตามหลักไวยากรณ์และความหมาย
228,ox_analysis,analysis,noun,noun,Detailed examination of the elements or structure of something,Detailed examination of the elements or structure of something,การวิเคราะห์,การวิเคราะห์,CORRECT,ถูกต้องตามหลักไวยากรณ์และความหมาย
229,ox_and,and,conjunction,conjunction,"Used to connect words of the same part of speech, clauses, or sentences","Used to connect words of the same part of speech, clauses, or sentences",และ,และ,CORRECT,ถูกต้องตามหลักไวยากรณ์และความหมาย
230,ox_anger,anger,noun,noun,"A strong feeling of annoyance, displeasure, or hostility","A strong feeling of annoyance, displeasure, or hostility",ความโกรธ,ความโกรธ,CORRECT,ถูกต้องตามหลักไวยากรณ์และความหมาย
231,ox_angle,angle,noun,noun,The space (usually measured in degrees) between two intersecting lines or surfaces at or close to the point where they meet,The space (usually measured in degrees) between two intersecting lines or surfaces at or close to the point where they meet,มุม,มุม,CORRECT,ถูกต้องตามหลักไวยากรณ์และความหมาย
232,ox_angrily,angrily,adverb,adverb,In a manner resulting from or betraying anger,In a manner resulting from or betraying anger,โกรธ,โกรธ,CORRECT,ถูกต้องตามหลักไวยากรณ์และความหมาย
233,ox_angry,angry,adjective,adjective,"Feeling or showing strong annoyance, displeasure, or hostility","Feeling or showing strong annoyance, displeasure, or hostility",โกรธ,โกรธ,CORRECT,ถูกต้องตามหลักไวยากรณ์และความหมาย
234,ox_animal,animal,noun,noun,"A living organism that feeds on organic matter, typically having specialized sense organs and nervous system and able to respond rapidly to stimuli","A living organism that feeds on organic matter, typically having specialized sense organs and nervous system and able to respond rapidly to stimuli",สัตว์,สัตว์,CORRECT,ถูกต้องตามหลักไวยากรณ์และความหมาย
235,ox_ankle,ankle,noun,noun,The joint connecting the foot with the leg,The joint connecting the foot with the leg,ข้อเท้า,ข้อเท้า,CORRECT,ถูกต้องตามหลักไวยากรณ์และความหมาย
236,ox_anniversary,anniversary,noun,noun,The date on which an event took place in a previous year,The date on which an event took place in a previous year,วันครบรอบปี,วันครบรอบปี,CORRECT,ถูกต้องตามหลักไวยากรณ์และความหมาย
237,ox_annoy,annoy,verb,verb,Make (someone) a little angry; irritate,Make (someone) a little angry; irritate,รบกวน,รบกวน,CORRECT,ถูกต้องตามหลักไวยากรณ์และความหมาย
238,ox_annoyed,annoyed,adjective,adjective,Slightly angry; irritated,Slightly angry; irritated,รำคาญ,รำคาญ,CORRECT,ถูกต้องตามหลักไวยากรณ์และความหมาย
239,ox_annoying,annoying,adjective,adjective,Causing irritation or annoyance,Causing irritation or annoyance,น่ารำคาญ,น่ารำคาญ,CORRECT,ถูกต้องตามหลักไวยากรณ์และความหมาย
240,ox_annual,annual,adjective,adjective,Occurring once every year,Occurring once every year,ประจำปี,ประจำปี,CORRECT,ถูกต้องตามหลักไวยากรณ์และความหมาย
241,ox_annually,annually,adverb,adverb,Once a year; every year,Once a year; every year,เป็นประจำทุกปี,เป็นประจำทุกปี,CORRECT,ถูกต้องตามหลักไวยากรณ์และความหมาย
242,ox_another,another,determiner,determiner,Used to refer to an additional person or thing of the same type as one already mentioned or known,Used to refer to an additional person or thing of the same type as one already mentioned or known,อีกอันหนึ่ง / อีกคนหนึ่ง,อีกอันหนึ่ง / อีกคนหนึ่ง,CORRECT,ถูกต้องตามหลักไวยากรณ์และความหมาย
243,ox_answer,answer,noun,noun,"A thing said, written, or done to deal with or as a reaction to a question, statement, or situation","A thing said, written, or done to deal with or as a reaction to a question, statement, or situation",คำตอบ,คำตอบ,CORRECT,ถูกต้องตามหลักไวยากรณ์และความหมาย
244,ox_anti_,anti-,noun,noun,Opposed to; against,Opposed to; against,ต่อต้าน,ต่อต้าน,CORRECT,ถูกต้องตามหลักไวยากรณ์และความหมาย
245,ox_anticipate,anticipate,verb,verb,Regard as probable; expect or predict,Regard as probable; expect or predict,คาดหวัง,คาดหวัง,CORRECT,ถูกต้องตามหลักไวยากรณ์และความหมาย
246,ox_anxious,anxious,adjective,adjective,"Experiencing worry, unease, or nervousness","Experiencing worry, unease, or nervousness",กังวล,กังวล,CORRECT,ถูกต้องตามหลักไวยากรณ์และความหมาย
247,ox_anxiously,anxiously,adverb,adverb,In a manner resulting from or revealing anxiety,In a manner resulting from or revealing anxiety,อย่างใจจดใจจ่อ,อย่างใจจดใจจ่อ,CORRECT,ถูกต้องตามหลักไวยากรณ์และความหมาย
248,ox_any,any,determiner,determiner,"Used to refer to one or some of a thing or number of things, no matter how much or many","Used to refer to one or some of a thing or number of things, no matter how much or many",ใดๆ,ใดๆ,CORRECT,ถูกต้องตามหลักไวยากรณ์และความหมาย
249,ox_anybody,anybody,pronoun,pronoun,Any person; anyone,Any person; anyone,ใครก็ได้,ใครก็ได้,CORRECT,ถูกต้องตามหลักไวยากรณ์และความหมาย
250,ox_anyone,anyone,pronoun,pronoun,Any person; anybody,Any person; anybody,ใครก็ได้,ใครก็ได้,CORRECT,ถูกต้องตามหลักไวยากรณ์และความหมาย
251,ox_anything,anything,pronoun,pronoun,"Used to refer to a thing, no matter what","Used to refer to a thing, no matter what",อะไรก็ตาม,อะไรก็ตาม,CORRECT,ถูกต้องตามหลักไวยากรณ์และความหมาย
252,ox_anyway,anyway,adverb,adverb,Used to confirm or support a point or idea just mentioned,Used to confirm or support a point or idea just mentioned,ถึงอย่างไร,ถึงอย่างไร,CORRECT,ถูกต้องตามหลักไวยากรณ์และความหมาย
253,ox_anywhere,anywhere,adverb,adverb,In or to any place,In or to any place,ทุกที่,ทุกที่,CORRECT,ถูกต้องตามหลักไวยากรณ์และความหมาย
254,ox_apart,apart,adverb,adverb,To one side; at a distance from the main body,To one side; at a distance from the main body,ห่างกัน,ห่างกัน,CORRECT,ถูกต้องตามหลักไวยากรณ์และความหมาย
255,ox_apart_from,apart from,preposition,preposition,Except for; other than,except for; in addition to,นอกเหนือจาก,"นอกจาก, นอกเหนือจาก",MODIFIED,ปรับคำแปลไทยให้ชัดเจนครอบคลุม
256,ox_apartment,apartment,noun,noun,"A set of rooms forming an individual residence, typically on one floor and within a larger building","A set of rooms forming an individual residence, typically on one floor and within a larger building",อพาร์ตเมนต์ / ห้องชุด,อพาร์ตเมนต์ / ห้องชุด,CORRECT,ถูกต้องตามหลักไวยากรณ์และความหมาย
257,ox_apologize,apologize,verb,verb,Express regret for something that one has done wrong,Express regret for something that one has done wrong,ขอโทษ,ขอโทษ,CORRECT,ถูกต้องตามหลักไวยากรณ์และความหมาย
258,ox_apparently,apparently,adverb,adverb,As far as one knows or can see,As far as one knows or can see,เห็นได้ชัดว่า,เห็นได้ชัดว่า,CORRECT,ถูกต้องตามหลักไวยากรณ์และความหมาย
259,ox_appeal,appeal,noun,noun,"Make a serious or urgent request, typically to the public","Make a serious or urgent request, typically to the public",อุทธรณ์,อุทธรณ์,CORRECT,ถูกต้องตามหลักไวยากรณ์และความหมาย
260,ox_appear,appear,verb,verb,Come into sight; become visible or noticeable,Come into sight; become visible or noticeable,ปรากฏ,ปรากฏ,CORRECT,ถูกต้องตามหลักไวยากรณ์และความหมาย
261,ox_appearance,appearance,noun,noun,The way that someone or something looks,The way that someone or something looks,รูปร่าง,รูปร่าง,CORRECT,ถูกต้องตามหลักไวยากรณ์และความหมาย
262,ox_apple,apple,noun,noun,"The round fruit of a tree of the rose family, which typically has thin green or red skin and crisp flesh","The round fruit of a tree of the rose family, which typically has thin green or red skin and crisp flesh",แอปเปิล,แอปเปิล,CORRECT,ถูกต้องตามหลักไวยากรณ์และความหมาย
263,ox_application,application,noun,noun,A formal request to an authority for something,A formal request to an authority for something,ใบสมัคร / การสมัคร / แอปพลิเคชัน,ใบสมัคร / การสมัคร / แอปพลิเคชัน,CORRECT,ถูกต้องตามหลักไวยากรณ์และความหมาย
264,ox_apply,apply,verb,verb,Make a formal application or request,Make a formal application or request,สมัคร / ประยุกต์ใช้,สมัคร / ประยุกต์ใช้,CORRECT,ถูกต้องตามหลักไวยากรณ์และความหมาย
265,ox_appoint,appoint,verb,verb,Assign a job or role to (someone),Assign a job or role to (someone),แต่งตั้ง,แต่งตั้ง,CORRECT,ถูกต้องตามหลักไวยากรณ์และความหมาย
266,ox_appointment,appointment,noun,noun,An arrangement to meet someone at a particular time and place,An arrangement to meet someone at a particular time and place,การนัดหมาย,การนัดหมาย,CORRECT,ถูกต้องตามหลักไวยากรณ์และความหมาย
267,ox_appreciate,appreciate,verb,verb,Recognize the full worth of,Recognize the full worth of,ชื่นชม,ชื่นชม,CORRECT,ถูกต้องตามหลักไวยากรณ์และความหมาย
268,ox_appropriate,appropriate,adjective,adjective,Suitable or proper in the circumstances,Suitable or proper in the circumstances,เหมาะสม,เหมาะสม,CORRECT,ถูกต้องตามหลักไวยากรณ์และความหมาย
269,ox_approval,approval,noun,noun,The action of officially agreeing to something or accepting something as satisfactory,The action of officially agreeing to something or accepting something as satisfactory,การอนุมัติ / การเห็นชอบ,การอนุมัติ / การเห็นชอบ,CORRECT,ถูกต้องตามหลักไวยากรณ์และความหมาย
270,ox_approve,approve,verb,verb,Officially agree to or accept as satisfactory,Officially agree to or accept as satisfactory,อนุมัติ / เห็นชอบ,อนุมัติ / เห็นชอบ,CORRECT,ถูกต้องตามหลักไวยากรณ์และความหมาย
271,ox_approving,approving,adjective,adjective,Showing or feeling approval of someone or something,Showing or feeling approval of someone or something,ซึ่งเห็นด้วย / ชื่นชม,ซึ่งเห็นด้วย / ชื่นชม,CORRECT,ถูกต้องตามหลักไวยากรณ์และความหมาย
272,ox_approximate,approximate,adjective,adjective,"Close to the actual, but not completely accurate or exact","Close to the actual, but not completely accurate or exact",โดยประมาณ / ใกล้เคียง,โดยประมาณ / ใกล้เคียง,CORRECT,ถูกต้องตามหลักไวยากรณ์และความหมาย
273,ox_approximately,approximately,adverb,adverb,"Used to show that something is almost, but not completely, accurate or exact","Used to show that something is almost, but not completely, accurate or exact",ประมาณ,ประมาณ,CORRECT,ถูกต้องตามหลักไวยากรณ์และความหมาย
274,ox_April,April,noun,noun,"The fourth month of the year, in the northern hemisphere usually considered the second month of spring","The fourth month of the year, in the northern hemisphere usually considered the second month of spring",เมษายน,เมษายน,CORRECT,ถูกต้องตามหลักไวยากรณ์และความหมาย
275,ox_area,area,noun,noun,"A region or part of a town, a country, or the world","A region or part of a town, a country, or the world",พื้นที่,พื้นที่,CORRECT,ถูกต้องตามหลักไวยากรณ์และความหมาย
276,ox_argue,argue,verb,verb,"Give reasons or cite evidence in support of an idea, action, or theory, typically with the aim of persuading others to share one's view","Give reasons or cite evidence in support of an idea, action, or theory, typically with the aim of persuading others to share one's view",โต้แย้ง,โต้แย้ง,CORRECT,ถูกต้องตามหลักไวยากรณ์และความหมาย
277,ox_argument,argument,noun,noun,"An exchange of diverging or opposite views, typically a heated or angry one","An exchange of diverging or opposite views, typically a heated or angry one",การโต้แย้ง,การโต้แย้ง,CORRECT,ถูกต้องตามหลักไวยากรณ์และความหมาย
278,ox_arise,arise,verb,verb,Emerge; become apparent,Emerge; become apparent,เกิดขึ้น / ปรากฏขึ้น,เกิดขึ้น / ปรากฏขึ้น,CORRECT,ถูกต้องตามหลักไวยากรณ์และความหมาย
279,ox_arm,arm,noun,noun,Each of the two upper limbs of the human body from the shoulder to the hand,Each of the two upper limbs of the human body from the shoulder to the hand,แขน,แขน,CORRECT,ถูกต้องตามหลักไวยากรณ์และความหมาย
280,ox_armed,armed,adjective,adjective,Equipped with or carrying weapons,Equipped with or carrying weapons,ติดอาวุธ,ติดอาวุธ,CORRECT,ถูกต้องตามหลักไวยากรณ์และความหมาย
281,ox_arms,arms,noun,noun,Weapons and ammunition,Weapons and ammunition,แขน,แขน,CORRECT,ถูกต้องตามหลักไวยากรณ์และความหมาย
282,ox_army,army,noun,noun,An organized military force equipped for fighting on land,An organized military force equipped for fighting on land,กองทัพ,กองทัพ,CORRECT,ถูกต้องตามหลักไวยากรณ์และความหมาย
283,ox_around,around,adverb,adverb,Located or situated on every side,Located or situated on every side,รอบๆ,รอบๆ,CORRECT,ถูกต้องตามหลักไวยากรณ์และความหมาย
284,ox_arrange,arrange,verb,verb,"Put (things) in a neat, attractive, or required order","Put (things) in a neat, attractive, or required order",จัดเตรียม / จัดการ,จัดเตรียม / จัดการ,CORRECT,ถูกต้องตามหลักไวยากรณ์และความหมาย
285,ox_arrangement,arrangement,noun,noun,"The action, process, or result of arranging or being arranged","The action, process, or result of arranging or being arranged",การจัดเตรียม / ข้อตกลง,การจัดเตรียม / ข้อตกลง,CORRECT,ถูกต้องตามหลักไวยากรณ์และความหมาย
286,ox_arrest,arrest,verb,verb,Seize (someone) by legal authority and take into custody,Seize (someone) by legal authority and take into custody,จับกุม,จับกุม,CORRECT,ถูกต้องตามหลักไวยากรณ์และความหมาย
287,ox_arrival,arrival,noun,noun,The action or process of arriving,The action or process of arriving,การมาถึง,การมาถึง,CORRECT,ถูกต้องตามหลักไวยากรณ์และความหมาย
288,ox_arrive,arrive,verb,verb,Reach a place at the end of a journey or a stage in a journey,Reach a place at the end of a journey or a stage in a journey,มาถึง,มาถึง,CORRECT,ถูกต้องตามหลักไวยากรณ์และความหมาย
289,ox_arrive_at,arrive at,noun,phrasal verb,To reach a particular place,"to reach a place, decision, or conclusion",ไปถึง / บรรลุถึง,"ไปถึง (สถานที่), บรรลุถึง (ข้อสรุป/การตัดสินใจ)",MODIFIED,แก้ไขชนิดของคำ POS จาก noun เป็น phrasal verb
290,ox_arrow,arrow,noun,noun,"A weapon consisting of a thin, straight stick with a sharp point, designed to be shot from a bow","A weapon consisting of a thin, straight stick with a sharp point, designed to be shot from a bow",ลูกศร,ลูกศร,CORRECT,ถูกต้องตามหลักไวยากรณ์และความหมาย
291,ox_art,art,noun,noun,"The expression or application of human creative skill and imagination, typically in a visual form such as painting or sculpture","The expression or application of human creative skill and imagination, typically in a visual form such as painting or sculpture",ศิลปะ,ศิลปะ,CORRECT,ถูกต้องตามหลักไวยากรณ์และความหมาย
292,ox_article,article,noun,noun,"A particular item or object, typically one of a specified type","A particular item or object, typically one of a specified type",บทความ,บทความ,CORRECT,ถูกต้องตามหลักไวยากรณ์และความหมาย
293,ox_artificial,artificial,adjective,adjective,"Made or produced by human beings rather than occurring naturally, typically as a copy of something natural","Made or produced by human beings rather than occurring naturally, typically as a copy of something natural",เทียม,เทียม,CORRECT,ถูกต้องตามหลักไวยากรณ์และความหมาย
294,ox_artificially,artificially,adverb,adverb,By means of human intervention rather than naturally,By means of human intervention rather than naturally,โดยมนุษย์สร้างขึ้น / อย่างประดิษฐ์,โดยมนุษย์สร้างขึ้น / อย่างประดิษฐ์,CORRECT,ถูกต้องตามหลักไวยากรณ์และความหมาย
295,ox_artist,artist,noun,noun,A person who creates art,A person who creates art,ศิลปิน,ศิลปิน,CORRECT,ถูกต้องตามหลักไวยากรณ์และความหมาย
296,ox_artistic,artistic,adjective,adjective,Having or revealing natural creative skill,Having or revealing natural creative skill,ทางศิลปะ / มีความคิดสร้างสรรค์,ทางศิลปะ / มีความคิดสร้างสรรค์,CORRECT,ถูกต้องตามหลักไวยากรณ์และความหมาย
297,ox_artistically,artistically,adverb,adverb,In a way that relates to art or artists,In a way that relates to art or artists,ในทางศิลปะ,ในทางศิลปะ,CORRECT,ถูกต้องตามหลักไวยากรณ์และความหมาย
298,ox_as,as,conjunction,conjunction,Used to indicate that something happens during the time when something else is taking place,Used to indicate that something happens during the time when something else is taking place,ขณะที่ / ในฐานะที่,ขณะที่ / ในฐานะที่,CORRECT,ถูกต้องตามหลักไวยากรณ์และความหมาย
299,ox_ashamed,ashamed,adjective,adjective,"Embarrassed or guilty because of one's actions, characteristics, or associations","Embarrassed or guilty because of one's actions, characteristics, or associations",ละอาย,ละอาย,CORRECT,ถูกต้องตามหลักไวยากรณ์และความหมาย
300,ox_aside,aside,adverb,adverb,To one side; out of the way,To one side; out of the way,กัน,กัน,CORRECT,ถูกต้องตามหลักไวยากรณ์และความหมาย
301,ox_aside_from,aside from,preposition,preposition,Except for; apart from,in addition to; except for,นอกจาก / นอกเหนือจาก,"นอกจาก, นอกเหนือจาก",MODIFIED,ปรับคำแปลไทยให้สละสลวย
302,ox_ask,ask,verb,verb,Say something in order to obtain an answer or some information,Say something in order to obtain an answer or some information,ถาม / ขอร้อง,ถาม / ขอร้อง,CORRECT,ถูกต้องตามหลักไวยากรณ์และความหมาย
303,ox_asleep,asleep,adjective,adjective,In a state of sleep,In a state of sleep,นอนหลับ,นอนหลับ,CORRECT,ถูกต้องตามหลักไวยากรณ์และความหมาย
304,ox_aspect,aspect,noun,noun,A particular part or feature of something,A particular part or feature of something,แง่มุม / ด้าน,แง่มุม / ด้าน,CORRECT,ถูกต้องตามหลักไวยากรณ์และความหมาย
305,ox_assist,assist,verb,verb,Give help or support to,Give help or support to,ช่วยเหลือ / สนับสนุน,ช่วยเหลือ / สนับสนุน,CORRECT,ถูกต้องตามหลักไวยากรณ์และความหมาย
306,ox_assistance,assistance,noun,noun,The action of helping someone with a job or task,The action of helping someone with a job or task,ความช่วยเหลือ,ความช่วยเหลือ,CORRECT,ถูกต้องตามหลักไวยากรณ์และความหมาย
307,ox_assistant,assistant,noun,noun,A person who ranks below a senior person,A person who ranks below a senior person,ผู้ช่วย,ผู้ช่วย,CORRECT,ถูกต้องตามหลักไวยากรณ์และความหมาย
308,ox_associate,associate,verb,verb,Connect (someone or something) with something else in one's mind,Connect (someone or something) with something else in one's mind,เชื่อมโยง / คบค้าสมาคม,เชื่อมโยง / คบค้าสมาคม,CORRECT,ถูกต้องตามหลักไวยากรณ์และความหมาย
309,ox_associated,associated,adjective,adjective,Connected with something else,Connected with something else,ที่เกี่ยวข้อง,ที่เกี่ยวข้อง,CORRECT,ถูกต้องตามหลักไวยากรณ์และความหมาย
310,ox_association,association,noun,noun,A group of people organized for a joint purpose,A group of people organized for a joint purpose,สมาคม / การรวมกลุ่ม,สมาคม / การรวมกลุ่ม,CORRECT,ถูกต้องตามหลักไวยากรณ์และความหมาย
311,ox_assure,assure,verb,verb,Tell someone something positively to dispel any doubts,Tell someone something positively to dispel any doubts,รับรอง / ทำให้มั่นใจ,รับรอง / ทำให้มั่นใจ,CORRECT,ถูกต้องตามหลักไวยากรณ์และความหมาย
312,ox_at,at,preposition,preposition,Expressing location or arrival in a particular place or position,Expressing location or arrival in a particular place or position,ที่,ที่,CORRECT,ถูกต้องตามหลักไวยากรณ์และความหมาย
313,ox_atmosphere,atmosphere,noun,noun,The envelope of gases surrounding the earth or another planet,The envelope of gases surrounding the earth or another planet,บรรยากาศ,บรรยากาศ,CORRECT,ถูกต้องตามหลักไวยากรณ์และความหมาย
314,ox_atom,atom,noun,noun,The basic unit of a chemical element,The basic unit of a chemical element,อะตอม,อะตอม,CORRECT,ถูกต้องตามหลักไวยากรณ์และความหมาย
315,ox_attach,attach,verb,verb,Fasten; join,Fasten; join,แนบ,แนบ,CORRECT,ถูกต้องตามหลักไวยากรณ์และความหมาย
316,ox_attached,attached,adjective,adjective,"Joined, fastened, or connected to something","Joined, fastened, or connected to something",ที่แนบมา,ที่แนบมา,CORRECT,ถูกต้องตามหลักไวยากรณ์และความหมาย
317,ox_attack,attack,verb,verb,Take aggressive action against (a place or enemy forces) with weapons or armed force,Take aggressive action against (a place or enemy forces) with weapons or armed force,จู่โจม,จู่โจม,CORRECT,ถูกต้องตามหลักไวยากรณ์และความหมาย
318,ox_attempted,attempted,adjective,adjective,Tried to do (something),Tried to do (something),พยายามแล้ว,พยายามแล้ว,CORRECT,ถูกต้องตามหลักไวยากรณ์และความหมาย
319,ox_attend,attend,verb,verb,"Be present at (an event, meeting, or function)","Be present at (an event, meeting, or function)",เข้าร่วม / ไปร่วม,เข้าร่วม / ไปร่วม,CORRECT,ถูกต้องตามหลักไวยากรณ์และความหมาย
320,ox_attend_to,attend to,noun,phrasal verb,Deal with,to deal with or take care of someone or something,ไปจัดการ / ดูแล / ใส่ใจ,"ไปจัดการ, ดูแลเอาใจใส่, คอยต้อนรับ",MODIFIED,แก้ไขชนิดของคำ POS จาก noun เป็น phrasal verb
321,ox_attention,attention,noun,noun,Notice taken of someone or something,Notice taken of someone or something,ความสนใจ,ความสนใจ,CORRECT,ถูกต้องตามหลักไวยากรณ์และความหมาย
322,ox_attorney,attorney,noun,noun,A person appointed to act for another in business or legal matters,A person appointed to act for another in business or legal matters,ทนายความ,ทนายความ,CORRECT,ถูกต้องตามหลักไวยากรณ์และความหมาย
323,ox_attraction,attraction,noun,noun,"The action or power of evoking interest, pleasure, or liking for someone or something","The action or power of evoking interest, pleasure, or liking for someone or something",สถานที่ท่องเที่ยว,สถานที่ท่องเที่ยว,CORRECT,ถูกต้องตามหลักไวยากรณ์และความหมาย
324,ox_attractive,attractive,adjective,adjective,Pleasing or appealing to the senses,Pleasing or appealing to the senses,มีเสน่ห์,มีเสน่ห์,CORRECT,ถูกต้องตามหลักไวยากรณ์และความหมาย
325,ox_audience,audience,noun,noun,The assembled spectators or listeners at a public event,The assembled spectators or listeners at a public event,ผู้ชม,ผู้ชม,CORRECT,ถูกต้องตามหลักไวยากรณ์และความหมาย
326,ox_August,August,noun,noun,The eighth month of the year,The eighth month of the year,สิงหาคม,สิงหาคม,CORRECT,ถูกต้องตามหลักไวยากรณ์และความหมาย
327,ox_aunt,aunt,noun,noun,The sister of one's father or mother or the wife of one's uncle,The sister of one's father or mother or the wife of one's uncle,ป้า,ป้า,CORRECT,ถูกต้องตามหลักไวยากรณ์และความหมาย
328,ox_author,author,noun,noun,"A writer of a book, article, or report","A writer of a book, article, or report",ผู้เขียน,ผู้เขียน,CORRECT,ถูกต้องตามหลักไวยากรณ์และความหมาย
329,ox_automatic,automatic,adjective,adjective,Working by itself with little or no direct human control,Working by itself with little or no direct human control,อัตโนมัติ,อัตโนมัติ,CORRECT,ถูกต้องตามหลักไวยากรณ์และความหมาย
330,ox_automatically,automatically,adverb,adverb,Without conscious thought or intention,Without conscious thought or intention,โดยอัตโนมัติ,โดยอัตโนมัติ,CORRECT,ถูกต้องตามหลักไวยากรณ์และความหมาย
331,ox_autumn,autumn,noun,noun,"The season between summer and winter, when leaves fall from trees","The season between summer and winter, when leaves fall from trees",ฤดูใบไม้ร่วง,ฤดูใบไม้ร่วง,CORRECT,ถูกต้องตามหลักไวยากรณ์และความหมาย
332,ox_available,available,adjective,adjective,Able to be used or obtained; at someone's disposal,Able to be used or obtained; at someone's disposal,มีอยู่,มีอยู่,CORRECT,ถูกต้องตามหลักไวยากรณ์และความหมาย
333,ox_average,average,noun,noun,A number expressing the central or typical value in a set of data,A number expressing the central or typical value in a set of data,ค่าเฉลี่ย,ค่าเฉลี่ย,CORRECT,ถูกต้องตามหลักไวยากรณ์และความหมาย
334,ox_avoid,avoid,verb,verb,Keep away from or stop oneself from doing (something),Keep away from or stop oneself from doing (something),หลีกเลี่ยง,หลีกเลี่ยง,CORRECT,ถูกต้องตามหลักไวยากรณ์และความหมาย
335,ox_awake,awake,adjective,adjective,Not asleep,Not asleep,ตื่น,ตื่น,CORRECT,ถูกต้องตามหลักไวยากรณ์และความหมาย
336,ox_award,award,noun,noun,"Give or order the giving of (something) as an official payment, compensation, or prize to (someone)","Give or order the giving of (something) as an official payment, compensation, or prize to (someone)",รางวัล,รางวัล,CORRECT,ถูกต้องตามหลักไวยากรณ์และความหมาย
337,ox_aware,aware,adjective,adjective,Having knowledge or perception of a situation or fact,Having knowledge or perception of a situation or fact,รับรู้,รับรู้,CORRECT,ถูกต้องตามหลักไวยากรณ์และความหมาย
338,ox_away,away,adverb,adverb,"To or at a distance from a particular place, person, or thing","To or at a distance from a particular place, person, or thing",ห่างออกไป,ห่างออกไป,CORRECT,ถูกต้องตามหลักไวยากรณ์และความหมาย
339,ox_awful,awful,adjective,adjective,Very bad or unpleasant,Very bad or unpleasant,แย่มาก,แย่มาก,CORRECT,ถูกต้องตามหลักไวยากรณ์และความหมาย
340,ox_awfully,awfully,adverb,adverb,Very; extremely,Very; extremely,อย่างมาก,อย่างมาก,CORRECT,ถูกต้องตามหลักไวยากรณ์และความหมาย
341,ox_awkward,awkward,adjective,adjective,Causing difficulty; hard to deal with,Causing difficulty; hard to deal with,งุ่มง่าม,งุ่มง่าม,CORRECT,ถูกต้องตามหลักไวยากรณ์และความหมาย
342,ox_awkwardly,awkwardly,adverb,adverb,In an awkward manner,In an awkward manner,อย่างเชื่องช้า,อย่างเชื่องช้า,CORRECT,ถูกต้องตามหลักไวยากรณ์และความหมาย
343,ox_baby,baby,noun,noun,"A very young child, especially one newly or recently born","A very young child, especially one newly or recently born",ที่รัก,ที่รัก,CORRECT,ถูกต้องตามหลักไวยากรณ์และความหมาย
344,ox_back,back,noun,noun,The rear surface of the human body from the shoulders to the hips,The rear surface of the human body from the shoulders to the hips,กลับ,กลับ,CORRECT,ถูกต้องตามหลักไวยากรณ์และความหมาย
345,ox_background,background,noun,noun,The part of a scene (or picture) that lies behind objects in the foreground,The part of a scene (or picture) that lies behind objects in the foreground,พื้นหลัง,พื้นหลัง,CORRECT,ถูกต้องตามหลักไวยากรณ์และความหมาย
346,ox_back_up,back up,noun,phrasal verb,To support or help,to provide support; to make a copy of computer data; to move backward,สำรองข้อมูล,"สำรองข้อมูล, สนับสนุน/หนุนหลัง, ถอยหลัง",MODIFIED,แก้ไขชนิดของคำ POS จาก noun เป็น phrasal verb และเพิ่มบริบท
347,ox_backward,backward,adjective,adjective,Directed behind or to the rear,Directed behind or to the rear,ถอยหลัง,ถอยหลัง,CORRECT,ถูกต้องตามหลักไวยากรณ์และความหมาย
348,ox_backwards,backwards,adverb,adverb,In the opposite direction from the one that you are facing or opposite to the usual direction,In the opposite direction from the one that you are facing or opposite to the usual direction,ถอยหลัง,ถอยหลัง,CORRECT,ถูกต้องตามหลักไวยากรณ์และความหมาย
349,ox_bacteria,bacteria,noun,noun,"Microscopic living organisms, usually one-celled, that can be found everywhere","Microscopic living organisms, usually one-celled, that can be found everywhere",แบคทีเรีย,แบคทีเรีย,CORRECT,ถูกต้องตามหลักไวยากรณ์และความหมาย
350,ox_bad,bad,adjective,adjective,Of poor quality or a low standard,Of poor quality or a low standard,แย่,แย่,CORRECT,ถูกต้องตามหลักไวยากรณ์และความหมาย
351,ox_badly,badly,adverb,adverb,"In an unsatisfactory, inadequate, or unsuccessful way","In an unsatisfactory, inadequate, or unsuccessful way",ห่วย,ห่วย,CORRECT,ถูกต้องตามหลักไวยากรณ์และความหมาย
352,ox_bad_tempered,bad-tempered,adjective,adjective,Easily annoyed or made angry,Easily annoyed or made angry,อารมณ์ไม่ดี,อารมณ์ไม่ดี,CORRECT,ถูกต้องตามหลักไวยากรณ์และความหมาย
353,ox_bag,bag,noun,noun,"A container made of flexible material with an opening at the top, used for carrying things","A container made of flexible material with an opening at the top, used for carrying things",ถุง,ถุง,CORRECT,ถูกต้องตามหลักไวยากรณ์และความหมาย
354,ox_baggage,baggage,noun,noun,Personal belongings packed in suitcases for traveling; luggage,Personal belongings packed in suitcases for traveling; luggage,สัมภาระ / กระเป๋าเดินทาง,สัมภาระ / กระเป๋าเดินทาง,CORRECT,ถูกต้องตามหลักไวยากรณ์และความหมาย
355,ox_bake,bake,verb,verb,"Cook (food) by dry heat without direct exposure to a flame, typically in an oven","Cook (food) by dry heat without direct exposure to a flame, typically in an oven",อบ,อบ,CORRECT,ถูกต้องตามหลักไวยากรณ์และความหมาย
356,ox_balance,balance,noun,noun,An even distribution of weight enabling someone or something to remain upright and steady,An even distribution of weight enabling someone or something to remain upright and steady,สมดุล,สมดุล,CORRECT,ถูกต้องตามหลักไวยากรณ์และความหมาย
357,ox_ball,ball,noun,noun,"A solid or hollow spherical or egg-shaped object that is kicked, thrown, or hit in a game","A solid or hollow spherical or egg-shaped object that is kicked, thrown, or hit in a game",ลูกบอล,ลูกบอล,CORRECT,ถูกต้องตามหลักไวยากรณ์และความหมาย
358,ox_ban,ban,verb,verb,Officially or legally prohibit (something),Officially or legally prohibit (something),ห้าม,ห้าม,CORRECT,ถูกต้องตามหลักไวยากรณ์และความหมาย
359,ox_band,band,noun,noun,"A flat, thin strip or loop of material put around something, typically to hold it together or to decorate it","A flat, thin strip or loop of material put around something, typically to hold it together or to decorate it",วงดนตรี,วงดนตรี,CORRECT,ถูกต้องตามหลักไวยากรณ์และความหมาย
360,ox_bandage,bandage,noun,noun,A strip of material used to bind a wound or to protect an injured part of the body,A strip of material used to bind a wound or to protect an injured part of the body,ผ้าพันแผล,ผ้าพันแผล,CORRECT,ถูกต้องตามหลักไวยากรณ์และความหมาย
361,ox_bank,bank,noun,noun,The land alongside or sloping down to a river or lake,The land alongside or sloping down to a river or lake,ธนาคาร,ธนาคาร,CORRECT,ถูกต้องตามหลักไวยากรณ์และความหมาย
362,ox_bar,bar,noun,noun,"A long rigid piece of wood, metal, or similar material, typically used as an obstruction, fastening, or weapon","A long rigid piece of wood, metal, or similar material, typically used as an obstruction, fastening, or weapon",บาร์,บาร์,CORRECT,ถูกต้องตามหลักไวยากรณ์และความหมาย
363,ox_bargain,bargain,noun,noun,An agreement between two or more parties as to what each party will do for the other,An agreement between two or more parties as to what each party will do for the other,การต่อรอง / ข้อตกลง / ของราคาถูก,การต่อรอง / ข้อตกลง / ของราคาถูก,CORRECT,ถูกต้องตามหลักไวยากรณ์และความหมาย
364,ox_barrier,barrier,noun,noun,A fence or other obstacle that prevents movement or access,A fence or other obstacle that prevents movement or access,สิ่งกีดขวาง,สิ่งกีดขวาง,CORRECT,ถูกต้องตามหลักไวยากรณ์และความหมาย
365,ox_base,base,noun,noun,"The lowest part or edge of something, especially the part on which it rests or is supported","The lowest part or edge of something, especially the part on which it rests or is supported",ฐาน,ฐาน,CORRECT,ถูกต้องตามหลักไวยากรณ์และความหมาย
366,ox_based,based,adjective,adjective,Having a specified foundation or basis,Having a specified foundation or basis,ซึ่งเป็นรากฐาน,ซึ่งเป็นรากฐาน,CORRECT,ถูกต้องตามหลักไวยากรณ์และความหมาย
367,ox_base_on,base on,noun,phrasal verb,Use as a point from which (something) can develop,to use something as the foundation or starting point for something else,บนพื้นฐาน,"อิงจาก, มีพื้นฐานมาจาก, พัฒนามาจาก",MODIFIED,แก้ไขคำแปลไทยเดิมที่แปลตรงตัว (บนพื้นฐาน) และแก้ POS จาก noun เป็น phrasal verb
368,ox_basic,basic,adjective,adjective,Forming an essential foundation or starting point; fundamental,Forming an essential foundation or starting point; fundamental,ขั้นพื้นฐาน,ขั้นพื้นฐาน,CORRECT,ถูกต้องตามหลักไวยากรณ์และความหมาย
369,ox_basically,basically,adverb,adverb,In the most essential respects; fundamentally,In the most essential respects; fundamentally,โดยพื้นฐานแล้ว,โดยพื้นฐานแล้ว,CORRECT,ถูกต้องตามหลักไวยากรณ์และความหมาย
370,ox_basis,basis,noun,noun,"The underlying support or foundation for an idea, argument, or process","The underlying support or foundation for an idea, argument, or process",พื้นฐาน,พื้นฐาน,CORRECT,ถูกต้องตามหลักไวยากรณ์และความหมาย
371,ox_bath,bath,noun,noun,"A large container for water, used for immersing and washing the body","A large container for water, used for immersing and washing the body",อาบน้ำ,อาบน้ำ,CORRECT,ถูกต้องตามหลักไวยากรณ์และความหมาย
372,ox_bathroom,bathroom,noun,noun,A room containing a toilet and sink and typically also a bathtub or shower,A room containing a toilet and sink and typically also a bathtub or shower,ห้องน้ำ,ห้องน้ำ,CORRECT,ถูกต้องตามหลักไวยากรณ์และความหมาย
373,ox_battery,battery,noun,noun,"A container consisting of one or more cells, in which chemical energy is converted into electricity and used as a source of power","A container consisting of one or more cells, in which chemical energy is converted into electricity and used as a source of power",แบตเตอรี่,แบตเตอรี่,CORRECT,ถูกต้องตามหลักไวยากรณ์และความหมาย
374,ox_battle,battle,noun,noun,A sustained fight between large organized armed forces,A sustained fight between large organized armed forces,การต่อสู้,การต่อสู้,CORRECT,ถูกต้องตามหลักไวยากรณ์และความหมาย
375,ox_bay,bay,noun,noun,A broad inlet of the sea where the land curves inward,A broad inlet of the sea where the land curves inward,อ่าว,อ่าว,CORRECT,ถูกต้องตามหลักไวยากรณ์และความหมาย
376,ox_be,be,verb,verb,Exist,Exist,เป็น,เป็น,CORRECT,ถูกต้องตามหลักไวยากรณ์และความหมาย
377,ox_beach,beach,noun,noun,"A pebbly or sandy shore, especially by the sea between high- and low-water marks","A pebbly or sandy shore, especially by the sea between high- and low-water marks",ชายหาด,ชายหาด,CORRECT,ถูกต้องตามหลักไวยากรณ์และความหมาย
378,ox_beak,beak,noun,noun,"The horny projecting jaw of birds, typically pointed and curved","The horny projecting jaw of birds, typically pointed and curved",จะงอยปาก,จะงอยปาก,CORRECT,ถูกต้องตามหลักไวยากรณ์และความหมาย
379,ox_bear,bear,verb,verb,Endure (an ordeal or difficulty),Endure (an ordeal or difficulty),หมี,หมี,CORRECT,ถูกต้องตามหลักไวยากรณ์และความหมาย
380,ox_beard,beard,noun,noun,A growth of hair on the chin and lower cheeks of a man's face,A growth of hair on the chin and lower cheeks of a man's face,หนวดเครา,หนวดเครา,CORRECT,ถูกต้องตามหลักไวยากรณ์และความหมาย
381,ox_beat,beat,verb,verb,"Strike (a person or an animal) repeatedly and violently so as to hurt or injure them, typically with the fists or a blunt implement","Strike (a person or an animal) repeatedly and violently so as to hurt or injure them, typically with the fists or a blunt implement",ตี,ตี,CORRECT,ถูกต้องตามหลักไวยากรณ์และความหมาย
382,ox_beat_up,beat up,noun,phrasal verb,To attack and hit someone repeatedly,to attack someone and hurt them badly by hitting them repeatedly,ซ้อม / รุมทำร้ายร่างกาย,"รุมทำร้าย, ซ้อมจนบาดเจ็บ",MODIFIED,แก้ไขชนิดของคำ POS จาก noun เป็น phrasal verb
383,ox_beautiful,beautiful,adjective,adjective,Pleasing the senses or mind aesthetically,Pleasing the senses or mind aesthetically,สวย,สวย,CORRECT,ถูกต้องตามหลักไวยากรณ์และความหมาย
384,ox_beautifully,beautifully,adverb,adverb,In a way that pleases the senses or mind aesthetically,In a way that pleases the senses or mind aesthetically,อย่างสวยงาม,อย่างสวยงาม,CORRECT,ถูกต้องตามหลักไวยากรณ์และความหมาย
385,ox_beauty,beauty,noun,noun,"A combination of qualities, such as shape, color, or form, that pleases the aesthetic senses, especially the sight","A combination of qualities, such as shape, color, or form, that pleases the aesthetic senses, especially the sight",ความงาม / ความสวยงาม,ความงาม / ความสวยงาม,CORRECT,ถูกต้องตามหลักไวยากรณ์และความหมาย
386,ox_because,because,conjunction,conjunction,For the reason that; since,For the reason that; since,เพราะว่า / เนื่องจาก,เพราะว่า / เนื่องจาก,CORRECT,ถูกต้องตามหลักไวยากรณ์และความหมาย
387,ox_because_of,because of,preposition,preposition,Due to; as a result of,as a result of; due to,เนื่องจาก,"เนื่องจาก, เพราะว่า",MODIFIED,ตรวจสอบความถูกต้อง
388,ox_become,become,verb,verb,Begin to be,Begin to be,กลายเป็น,กลายเป็น,CORRECT,ถูกต้องตามหลักไวยากรณ์และความหมาย
389,ox_bed,bed,noun,noun,"A piece of furniture for sleep or rest, typically a framework with a mattress","A piece of furniture for sleep or rest, typically a framework with a mattress",เตียงนอน,เตียงนอน,CORRECT,ถูกต้องตามหลักไวยากรณ์และความหมาย
390,ox_bedroom,bedroom,noun,noun,A room furnished with a bed and intended primarily for sleeping,A room furnished with a bed and intended primarily for sleeping,ห้องนอน,ห้องนอน,CORRECT,ถูกต้องตามหลักไวยากรณ์และความหมาย
391,ox_beef,beef,noun,noun,"The flesh of a cow, bull, or ox, used as food","The flesh of a cow, bull, or ox, used as food",เนื้อวัว,เนื้อวัว,CORRECT,ถูกต้องตามหลักไวยากรณ์และความหมาย
392,ox_beer,beer,noun,noun,An alcoholic drink made from yeast-fermented malt flavored with hops,An alcoholic drink made from yeast-fermented malt flavored with hops,เบียร์,เบียร์,CORRECT,ถูกต้องตามหลักไวยากรณ์และความหมาย
393,ox_before,before,preposition,preposition,"During the period of time preceding (a particular event, date, or time)","During the period of time preceding (a particular event, date, or time)",ก่อน,ก่อน,CORRECT,ถูกต้องตามหลักไวยากรณ์และความหมาย
394,ox_begin,begin,verb,verb,Start; perform or undergo the first part of (an action or activity),Start; perform or undergo the first part of (an action or activity),เริ่ม,เริ่ม,CORRECT,ถูกต้องตามหลักไวยากรณ์และความหมาย
395,ox_beginning,beginning,noun,noun,The point in time or space at which something starts,The point in time or space at which something starts,จุดเริ่มต้น,จุดเริ่มต้น,CORRECT,ถูกต้องตามหลักไวยากรณ์และความหมาย
396,ox_behalf,behalf,noun,noun,"In the interests of a person, group, or principle","In the interests of a person, group, or principle",ในนามของ,ในนามของ,CORRECT,ถูกต้องตามหลักไวยากรณ์และความหมาย
397,ox_behave,behave,verb,verb,"Act or conduct oneself in a specified way, especially toward others","Act or conduct oneself in a specified way, especially toward others",ประพฤติ,ประพฤติ,CORRECT,ถูกต้องตามหลักไวยากรณ์และความหมาย
398,ox_behaviour,behaviour,noun,noun,"The way in which one acts or conducts oneself, especially toward others","The way in which one acts or conducts oneself, especially toward others",พฤติกรรม,พฤติกรรม,CORRECT,ถูกต้องตามหลักไวยากรณ์และความหมาย
399,ox_behind,behind,preposition,preposition,"At or to the far side of (something), typically so as to be hidden by it","At or to the far side of (something), typically so as to be hidden by it",ด้านหลัง,ด้านหลัง,CORRECT,ถูกต้องตามหลักไวยากรณ์และความหมาย
400,ox_be_left_over,be left over,noun,phrasal verb,To remain after the rest has been used or dealt with,"to remain when the rest has been used, eaten, or dealt with",เหลืออยู่,"เหลืออยู่, ยังค้างอยู่",MODIFIED,แก้ไขชนิดของคำ POS จาก noun เป็น phrasal verb
401,ox_belief,belief,noun,noun,An acceptance that a statement is true or that something exists,An acceptance that a statement is true or that something exists,ความเชื่อ,ความเชื่อ,CORRECT,ถูกต้องตามหลักไวยากรณ์และความหมาย
402,ox_believe,believe,verb,verb,Accept (something) as true; feel sure of the truth of,Accept (something) as true; feel sure of the truth of,เชื่อ,เชื่อ,CORRECT,ถูกต้องตามหลักไวยากรณ์และความหมาย
403,ox_believe_in,believe in,noun,phrasal verb,Have faith in the truth or existence of,to feel sure of the existence of something; to trust in someone,เชื่อใน,"เชื่อมั่นใน, ศรัทธาใน",MODIFIED,แก้ไขชนิดของคำ POS จาก noun เป็น phrasal verb
404,ox_bell,bell,noun,noun,A device that makes a ringing sound and is used to give a signal or warning,A device that makes a ringing sound and is used to give a signal or warning,กระดิ่ง,กระดิ่ง,CORRECT,ถูกต้องตามหลักไวยากรณ์และความหมาย
405,ox_belong,belong,verb,verb,Be the property of,Be the property of,เป็นของ,เป็นของ,CORRECT,ถูกต้องตามหลักไวยากรณ์และความหมาย
406,ox_belong_to,belong to,noun,phrasal verb,Be the property of (someone),to be the property of; to be a member of a group,เป็นของ,"เป็นของ, เป็นสมาชิกของ",MODIFIED,แก้ไขชนิดของคำ POS จาก noun เป็น phrasal verb
407,ox_below,below,preposition,preposition,At a lower level or layer than,At a lower level or layer than,ด้านล่าง,ด้านล่าง,CORRECT,ถูกต้องตามหลักไวยากรณ์และความหมาย
408,ox_belt,belt,noun,noun,A strip of leather or other material worn around the waist to support or hold in clothes or to carry weapons,A strip of leather or other material worn around the waist to support or hold in clothes or to carry weapons,เข็มขัด,เข็มขัด,CORRECT,ถูกต้องตามหลักไวยากรณ์และความหมาย
409,ox_bend,bend,verb,verb,Shape or force (something straight) into a curve or angle,Shape or force (something straight) into a curve or angle,ดัด / โค้ง / โค้งงอ,ดัด / โค้ง / โค้งงอ,CORRECT,ถูกต้องตามหลักไวยากรณ์และความหมาย
410,ox_beneath,beneath,preposition,preposition,"Extending or directly underneath, typically with close contact","Extending or directly underneath, typically with close contact",ข้างใต้,ข้างใต้,CORRECT,ถูกต้องตามหลักไวยากรณ์และความหมาย
411,ox_bent,bent,adjective,adjective,Sharply curved or having an angle,"curved, crooked, or angled rather than straight",งอ,"โค้งงอ, คดเคี้ยว, บิดเบี้ยว",MODIFIED,"ขยายคำแปลไทยจาก ""งอ"" เป็น ""โค้งงอ, คดเคี้ยว"""
412,ox_beside,beside,preposition,preposition,At the side of; next to,At the side of; next to,ข้าง,ข้าง,CORRECT,ถูกต้องตามหลักไวยากรณ์และความหมาย
413,ox_best,best,adjective,adjective,"Of the most excellent, effective, or desirable type or quality","Of the most excellent, effective, or desirable type or quality",ดีที่สุด,ดีที่สุด,CORRECT,ถูกต้องตามหลักไวยากรณ์และความหมาย
414,ox_bet,bet,verb,verb,Risk (a sum of money or valued item) against someone else's on the basis of the outcome of an unpredictable event such as a race or game,Risk (a sum of money or valued item) against someone else's on the basis of the outcome of an unpredictable event such as a race or game,เดิมพัน,เดิมพัน,CORRECT,ถูกต้องตามหลักไวยากรณ์และความหมาย
415,ox_better,better,adjective,adjective,Of a more excellent or effective type or quality,Of a more excellent or effective type or quality,ดีกว่า,ดีกว่า,CORRECT,ถูกต้องตามหลักไวยากรณ์และความหมาย
416,ox_betting,betting,noun,noun,The act of risking a sum of money on the outcome of an event,The act of risking a sum of money on the outcome of an event,การพนัน / การเดิมพัน,การพนัน / การเดิมพัน,CORRECT,ถูกต้องตามหลักไวยากรณ์และความหมาย
417,ox_between,between,preposition,preposition,"At, into, or across the space separating (two objects or regions)","At, into, or across the space separating (two objects or regions)",ระหว่าง,ระหว่าง,CORRECT,ถูกต้องตามหลักไวยากรณ์และความหมาย
418,ox_beyond,beyond,preposition,preposition,At or to the further side of,At or to the further side of,เกินกว่า / พ้นไปจาก,เกินกว่า / พ้นไปจาก,CORRECT,ถูกต้องตามหลักไวยากรณ์และความหมาย
419,ox_bicycle,bicycle,noun,noun,"A vehicle composed of two wheels held in a frame one behind the other, propelled by pedals and steered with handlebars attached to the front wheel","A vehicle composed of two wheels held in a frame one behind the other, propelled by pedals and steered with handlebars attached to the front wheel",จักรยาน,จักรยาน,CORRECT,ถูกต้องตามหลักไวยากรณ์และความหมาย
420,ox_bid_1,bid 1,verb,verb,to offer to pay a particular amount of money for something,to offer a particular amount of money for something at an auction,การประมูล / การยื่นข้อเสนอ,"ประมูล, ยื่นราคาประมูล",MODIFIED,แก้ไขคำแปลไทยจากคำนาม (การประมูล) ให้เป็นคำกริยาตามชนิด POS
421,ox_big,big,adjective,adjective,"Of considerable size, extent, or intensity","Of considerable size, extent, or intensity",ใหญ่,ใหญ่,CORRECT,ถูกต้องตามหลักไวยากรณ์และความหมาย
422,ox_bike,bike,noun,noun,A bicycle or motorcycle,A bicycle or motorcycle,จักรยาน,จักรยาน,CORRECT,ถูกต้องตามหลักไวยากรณ์และความหมาย
423,ox_bill,bill,noun,noun,A printed or written statement of the money owed for goods or services,A printed or written statement of the money owed for goods or services,ใบแจ้งหนี้,ใบแจ้งหนี้,CORRECT,ถูกต้องตามหลักไวยากรณ์และความหมาย
424,ox_billion,billion,noun,noun,"The number equivalent to the product of a thousand and a million; 1,000,000,000","The number equivalent to the product of a thousand and a million; 1,000,000,000",พันล้าน,พันล้าน,CORRECT,ถูกต้องตามหลักไวยากรณ์และความหมาย
425,ox_bin,bin,noun,noun,A container for storing or holding items,A container for storing or holding items,ถังขยะ / ภาชนะใส่ของ,ถังขยะ / ภาชนะใส่ของ,CORRECT,ถูกต้องตามหลักไวยากรณ์และความหมาย
426,ox_biology,biology,noun,noun,The study of living organisms,The study of living organisms,ชีววิทยา,ชีววิทยา,CORRECT,ถูกต้องตามหลักไวยากรณ์และความหมาย
427,ox_bird,bird,noun,noun,"A warm-blooded egg-laying vertebrate distinguished by feathers, wings, and a beak","A warm-blooded egg-laying vertebrate distinguished by feathers, wings, and a beak",นก,นก,CORRECT,ถูกต้องตามหลักไวยากรณ์และความหมาย
428,ox_birth,birth,noun,noun,The emergence of a baby or other young from the body of its mother,The emergence of a baby or other young from the body of its mother,การเกิด,การเกิด,CORRECT,ถูกต้องตามหลักไวยากรณ์และความหมาย
429,ox_birthday,birthday,noun,noun,The anniversary of the day on which a person was born,The anniversary of the day on which a person was born,วันเกิด,วันเกิด,CORRECT,ถูกต้องตามหลักไวยากรณ์และความหมาย
430,ox_biscuit,biscuit,noun,noun,"A small baked unleavened cake, typically crisp, flat, and sweet","A small baked unleavened cake, typically crisp, flat, and sweet",บิสกิต,บิสกิต,CORRECT,ถูกต้องตามหลักไวยากรณ์และความหมาย
431,ox_bit,bit,noun,noun,"A small piece, part, or quantity of something","A small piece, part, or quantity of something",นิดหน่อย,นิดหน่อย,CORRECT,ถูกต้องตามหลักไวยากรณ์และความหมาย
432,ox_bite,bite,verb,verb,Use the teeth to cut into something,Use the teeth to cut into something,กัด,กัด,CORRECT,ถูกต้องตามหลักไวยากรณ์และความหมาย
433,ox_bitter,bitter,adjective,adjective,"Having a sharp, pungent taste or smell; not sweet",having a sharp pungent taste; filled with deep anger and resentment,ขม,"ขม (รสชาติ), ขมขื่น, เจ็บปวด",MODIFIED,"ขยายคำแปลไทยจาก ""ขม"" เป็น ""ขม, ขมขื่น"""
434,ox_bitterly,bitterly,adverb,adverb,"In an angry, hurt, or resentful manner","In an angry, hurt, or resentful manner",อย่างขมขื่น,อย่างขมขื่น,CORRECT,ถูกต้องตามหลักไวยากรณ์และความหมาย
435,ox_black,black,adjective,adjective,Of the very darkest color owing to the absence of or complete absorption of light,Of the very darkest color owing to the absence of or complete absorption of light,สีดำ,สีดำ,CORRECT,ถูกต้องตามหลักไวยากรณ์และความหมาย
436,ox_blade,blade,noun,noun,"The flat cutting edge of a knife, saw, or other tool or weapon","The flat cutting edge of a knife, saw, or other tool or weapon",ใบมีด / คมมีด,ใบมีด / คมมีด,CORRECT,ถูกต้องตามหลักไวยากรณ์และความหมาย
437,ox_blame,blame,verb,verb,Assign responsibility for a fault or wrong,Assign responsibility for a fault or wrong,ตำหนิ,ตำหนิ,CORRECT,ถูกต้องตามหลักไวยากรณ์และความหมาย
438,ox_blank,blank,adjective,adjective,Not marked or decorated; plain,Not marked or decorated; plain,ว่างเปล่า,ว่างเปล่า,CORRECT,ถูกต้องตามหลักไวยากรณ์และความหมาย
439,ox_blind,blind,adjective,adjective,Unable to see,Unable to see,ตาบอด,ตาบอด,CORRECT,ถูกต้องตามหลักไวยากรณ์และความหมาย
440,ox_block,block,noun,noun,"A large solid piece of hard material, especially rock, stone, or wood","A large solid piece of hard material, especially rock, stone, or wood",ปิดกั้น,ปิดกั้น,CORRECT,ถูกต้องตามหลักไวยากรณ์และความหมาย
441,ox_blonde,blonde,adjective,adjective,Fair or pale yellow in color,Fair or pale yellow in color,สีบลอนด์,สีบลอนด์,CORRECT,ถูกต้องตามหลักไวยากรณ์และความหมาย
442,ox_blood,blood,noun,noun,The red liquid that circulates in the arteries and veins of humans and other vertebrate animals,The red liquid that circulates in the arteries and veins of humans and other vertebrate animals,เลือด,เลือด,CORRECT,ถูกต้องตามหลักไวยากรณ์และความหมาย
443,ox_blow,blow,verb,verb,A strong wind,A strong wind,เป่า,เป่า,CORRECT,ถูกต้องตามหลักไวยากรณ์และความหมาย
444,ox_blow_out,blow out,noun,phrasal verb,Extinguish (a flame) by blowing on it,to extinguish a flame by blowing; (of a tyre) to burst suddenly,เป่าดับ / (ยาง) ระเบิด,"เป่าดับ, (ยางรถ) ระเบิดแตก",MODIFIED,แก้ไขชนิดของคำ POS จาก noun เป็น phrasal verb
445,ox_blow_up,blow up,noun,phrasal verb,Cause to explode,to explode or destroy something with explosives; to become suddenly angry,ระเบิด,"ระเบิด, ระเบิดอารมณ์โกรธ, ขยายภาพ",MODIFIED,แก้ไขชนิดของคำ POS จาก noun เป็น phrasal verb
446,ox_blue,blue,adjective,adjective,Of a color intermediate between green and violet,Of a color intermediate between green and violet,สีฟ้า,สีฟ้า,CORRECT,ถูกต้องตามหลักไวยากรณ์และความหมาย
447,ox_board,board,noun,noun,"A long, thin, flat piece of wood or other hard material","A long, thin, flat piece of wood or other hard material",กระดาน / แผ่นไม้ / คณะกรรมการ,กระดาน / แผ่นไม้ / คณะกรรมการ,CORRECT,ถูกต้องตามหลักไวยากรณ์และความหมาย
448,ox_boat,boat,noun,noun,A small vessel for traveling over water,A small vessel for traveling over water,เรือ,เรือ,CORRECT,ถูกต้องตามหลักไวยากรณ์และความหมาย
449,ox_body,body,noun,noun,The physical structure of a person or an animal,The physical structure of a person or an animal,ร่างกาย,ร่างกาย,CORRECT,ถูกต้องตามหลักไวยากรณ์และความหมาย
450,ox_boil,boil,verb,verb,Heat (a liquid) to the temperature at which it bubbles and turns to vapor,Heat (a liquid) to the temperature at which it bubbles and turns to vapor,ต้ม,ต้ม,CORRECT,ถูกต้องตามหลักไวยากรณ์และความหมาย
451,ox_bomb,bomb,noun,noun,"A container filled with explosive, incendiary material, smoke, gas, or other destructive substance, designed to explode on impact or when detonated by a time mechanism or remote-control device","A container filled with explosive, incendiary material, smoke, gas, or other destructive substance, designed to explode on impact or when detonated by a time mechanism or remote-control device",ระเบิด,ระเบิด,CORRECT,ถูกต้องตามหลักไวยากรณ์และความหมาย
452,ox_bone,bone,noun,noun,"Any of the pieces of hard, whitish tissue making up the skeleton in humans and other vertebrates","Any of the pieces of hard, whitish tissue making up the skeleton in humans and other vertebrates",กระดูก,กระดูก,CORRECT,ถูกต้องตามหลักไวยากรณ์และความหมาย
453,ox_book,book,noun,noun,"A set of written, printed, or blank pages fastened together along one side and encased between protective covers","A set of written, printed, or blank pages fastened together along one side and encased between protective covers",หนังสือ,หนังสือ,CORRECT,ถูกต้องตามหลักไวยากรณ์และความหมาย
454,ox_boot,boot,noun,noun,"A sturdy item of footwear covering the foot, the ankle, and sometimes the lower leg","A sturdy item of footwear covering the foot, the ankle, and sometimes the lower leg",บูต,บูต,CORRECT,ถูกต้องตามหลักไวยากรณ์และความหมาย
455,ox_border,border,noun,noun,"A line separating two political or geographical areas, especially countries","A line separating two political or geographical areas, especially countries",ชายแดน,ชายแดน,CORRECT,ถูกต้องตามหลักไวยากรณ์และความหมาย
456,ox_bore,bore,verb,verb,Make (someone) feel weary and uninterested by tedious talk or dullness,Make (someone) feel weary and uninterested by tedious talk or dullness,เบื่อ,เบื่อ,CORRECT,ถูกต้องตามหลักไวยากรณ์และความหมาย
457,ox_bored,bored,adjective,adjective,Feeling weary and impatient because one is unoccupied or lacks interest in one's current activity,Feeling weary and impatient because one is unoccupied or lacks interest in one's current activity,เบื่อ,เบื่อ,CORRECT,ถูกต้องตามหลักไวยากรณ์และความหมาย
458,ox_boring,boring,adjective,adjective,Not interesting; tedious,Not interesting; tedious,น่าเบื่อ,น่าเบื่อ,CORRECT,ถูกต้องตามหลักไวยากรณ์และความหมาย
459,ox_born,born,adjective,adjective,Brought into life by the process of birth,Brought into life by the process of birth,เกิด,เกิด,CORRECT,ถูกต้องตามหลักไวยากรณ์และความหมาย
460,ox_borrow,borrow,verb,verb,Take and use (something belonging to someone else) with the intention of returning it,Take and use (something belonging to someone else) with the intention of returning it,ยืม,ยืม,CORRECT,ถูกต้องตามหลักไวยากรณ์และความหมาย
461,ox_boss,boss,noun,noun,A person who is in charge of a worker or organization,A person who is in charge of a worker or organization,เจ้านาย,เจ้านาย,CORRECT,ถูกต้องตามหลักไวยากรณ์และความหมาย
462,ox_both,both,determiner,determiner,"Used to refer to two people or things, regarded and identified together","Used to refer to two people or things, regarded and identified together",ทั้งคู่,ทั้งคู่,CORRECT,ถูกต้องตามหลักไวยากรณ์และความหมาย
463,ox_bother,bother,verb,verb,Take the trouble to do something,Take the trouble to do something,รบกวน,รบกวน,CORRECT,ถูกต้องตามหลักไวยากรณ์และความหมาย
464,ox_bottle,bottle,noun,noun,"A container, typically made of glass or plastic and with a narrow neck, used for storing drinks or other liquids","A container, typically made of glass or plastic and with a narrow neck, used for storing drinks or other liquids",ขวด,ขวด,CORRECT,ถูกต้องตามหลักไวยากรณ์และความหมาย
465,ox_bottom,bottom,noun,noun,The lowest point or part of something,The lowest point or part of something,ด้านล่าง,ด้านล่าง,CORRECT,ถูกต้องตามหลักไวยากรณ์และความหมาย
466,ox_bound,bound,adjective,adjective,Going or ready to go toward a specified place,Going or ready to go toward a specified place,ผูกพัน,ผูกพัน,CORRECT,ถูกต้องตามหลักไวยากรณ์และความหมาย
467,ox_bowl,bowl,noun,noun,"A round, deep dish or basin used for food or liquid","A round, deep dish or basin used for food or liquid",ชาม,ชาม,CORRECT,ถูกต้องตามหลักไวยากรณ์และความหมาย
468,ox_box,box,noun,noun,"A container with a flat base and sides, typically square or rectangular and having a lid","A container with a flat base and sides, typically square or rectangular and having a lid",กล่อง,กล่อง,CORRECT,ถูกต้องตามหลักไวยากรณ์และความหมาย
469,ox_boy,boy,noun,noun,A male child or youth,A male child or youth,เด็กผู้ชาย,เด็กผู้ชาย,CORRECT,ถูกต้องตามหลักไวยากรณ์และความหมาย
470,ox_boyfriend,boyfriend,noun,noun,A regular male companion with whom one has a romantic or sexual relationship,A regular male companion with whom one has a romantic or sexual relationship,แฟน,แฟน,CORRECT,ถูกต้องตามหลักไวยากรณ์และความหมาย
471,ox_brain,brain,noun,noun,"An organ of soft nervous tissue contained in the skull of vertebrates, functioning as the coordinating center of sensation and intellectual and nervous activity","An organ of soft nervous tissue contained in the skull of vertebrates, functioning as the coordinating center of sensation and intellectual and nervous activity",สมอง,สมอง,CORRECT,ถูกต้องตามหลักไวยากรณ์และความหมาย
472,ox_branch,branch,noun,noun,A part of a tree that grows out from the trunk or from a bough,A part of a tree that grows out from the trunk or from a bough,สาขา,สาขา,CORRECT,ถูกต้องตามหลักไวยากรณ์และความหมาย
473,ox_brand,brand,noun,noun,A type of product manufactured by a particular company under a particular name,A type of product manufactured by a particular company under a particular name,ยี่ห้อ,ยี่ห้อ,CORRECT,ถูกต้องตามหลักไวยากรณ์และความหมาย
474,ox_brave,brave,adjective,adjective,Ready to face and endure danger or pain; showing courage,Ready to face and endure danger or pain; showing courage,กล้าหาญ,กล้าหาญ,CORRECT,ถูกต้องตามหลักไวยากรณ์และความหมาย
475,ox_bread,bread,noun,noun,"Food made of flour, water, and yeast mixed together and baked","Food made of flour, water, and yeast mixed together and baked",ขนมปัง,ขนมปัง,CORRECT,ถูกต้องตามหลักไวยากรณ์และความหมาย
476,ox_break,break,verb,verb,"Separate or cause to separate into pieces as a result of a blow, shock, or strain","Separate or cause to separate into pieces as a result of a blow, shock, or strain",หยุดพัก,หยุดพัก,CORRECT,ถูกต้องตามหลักไวยากรณ์และความหมาย
477,ox_break_down,break down,noun,phrasal verb,Stop functioning,to stop functioning (machine); to lose control of feelings and cry,เสีย/พัง (เครื่องยนต์) / เสียสติ,"เครื่องเสีย/พัง, สติแตก/ปล่อยโฮ, แยกย่อยข้อมูล",MODIFIED,แก้ไขชนิดของคำ POS จาก noun เป็น phrasal verb
478,ox_breakfast,breakfast,noun,noun,"A meal eaten in the morning, the first of the day","A meal eaten in the morning, the first of the day",อาหารเช้า,อาหารเช้า,CORRECT,ถูกต้องตามหลักไวยากรณ์และความหมาย
479,ox_break_in,break in,noun,phrasal verb,Enter a building by force,to enter a building illegally by force; to interrupt a conversation,งัดแงะเข้ามา / บุกรุก,"งัดแงะบุกรุกเข้ามา, พูดแทรกขัดจังหวะ",MODIFIED,แก้ไขชนิดของคำ POS จาก noun เป็น phrasal verb
480,ox_break_into,break into,noun,phrasal verb,"Enter or open (a place, vehicle, or container) forcibly, especially for the purpose of theft",to enter a building by force; to succeed in entering a market or career,งัดแงะเข้าไป / เจาะตลาด,"งัดแงะบุกรุกเข้าไป, เจาะตลาด, เริ่มต้นทำ (อาชีพ)",MODIFIED,แก้ไขชนิดของคำ POS จาก noun เป็น phrasal verb
481,ox_break_off,break off,noun,phrasal verb,Separate or cause to separate abruptly,to separate something by breaking; to end a relationship or talk abruptly,หักออก / ยุติความสัมพันธ์,"หักออก, ยุติความสัมพันธ์กะทันหัน",MODIFIED,แก้ไขชนิดของคำ POS จาก noun เป็น phrasal verb
482,ox_break_out,break out,noun,phrasal verb,Start suddenly,"to start suddenly (of war, fire, or disease); to escape from prison",ระเบิดขึ้น / ปะทุขึ้น,"ปะทุขึ้นกะทันหัน (สงคราม/ไฟไหม้), แหกคุกหนี",MODIFIED,แก้ไขชนิดของคำ POS จาก noun เป็น phrasal verb
483,ox_break_up,break up,noun,phrasal verb,End a relationship,to end a relationship or marriage; to break into smaller pieces,เลิกรา / แตกแยก,"เลิกรา/เลิกกัน, แตกแยกเป็นชิ้นๆ, ปิดเทอม",MODIFIED,แก้ไขชนิดของคำ POS จาก noun เป็น phrasal verb
484,ox_breast,breast,noun,noun,"Either of the two soft, protruding organs on the upper front of a woman's body that secrete milk after childbirth","Either of the two soft, protruding organs on the upper front of a woman's body that secrete milk after childbirth",หน้าอก,หน้าอก,CORRECT,ถูกต้องตามหลักไวยากรณ์และความหมาย
485,ox_breath,breath,noun,noun,The air taken into or expelled from the lungs,The air taken into or expelled from the lungs,ลมหายใจ,ลมหายใจ,CORRECT,ถูกต้องตามหลักไวยากรณ์และความหมาย
486,ox_breathe,breathe,verb,verb,"Take air into the lungs and then expel it, especially as a regular physiological process","Take air into the lungs and then expel it, especially as a regular physiological process",หายใจ,หายใจ,CORRECT,ถูกต้องตามหลักไวยากรณ์และความหมาย
487,ox_breathe_in,breathe in,noun,phrasal verb,Inhale air,to inhale air into the lungs,หายใจเข้า,"หายใจเข้า, สูดลมหายใจ",MODIFIED,แก้ไขชนิดของคำ POS จาก noun เป็น phrasal verb
488,ox_breathe_out,breathe out,noun,phrasal verb,Exhale air,to exhale air from the lungs,หายใจออก,"หายใจออก, ผ่อนลมหายใจ",MODIFIED,แก้ไขชนิดของคำ POS จาก noun เป็น phrasal verb
489,ox_breathing,breathing,noun,noun,The process of taking air into and expelling it from the lungs,The process of taking air into and expelling it from the lungs,การหายใจ,การหายใจ,CORRECT,ถูกต้องตามหลักไวยากรณ์และความหมาย
490,ox_breed,breed,verb,verb,"Cause (an animal) to produce offspring, typically in a controlled and organized way","Cause (an animal) to produce offspring, typically in a controlled and organized way",เพาะพันธุ์ / สายพันธุ์,เพาะพันธุ์ / สายพันธุ์,CORRECT,ถูกต้องตามหลักไวยากรณ์และความหมาย
491,ox_brick,brick,noun,noun,"A small rectangular block typically made of fired or sun-dried clay, used in building","A small rectangular block typically made of fired or sun-dried clay, used in building",อิฐ,อิฐ,CORRECT,ถูกต้องตามหลักไวยากรณ์และความหมาย
492,ox_bridge,bridge,noun,noun,"A structure carrying a road, path, railroad, or canal across a river, ravine, road, railroad, or other obstacle","A structure carrying a road, path, railroad, or canal across a river, ravine, road, railroad, or other obstacle",สะพาน,สะพาน,CORRECT,ถูกต้องตามหลักไวยากรณ์และความหมาย
493,ox_brief,brief,adjective,adjective,Of short duration,Of short duration,รวบรัด,รวบรัด,CORRECT,ถูกต้องตามหลักไวยากรณ์และความหมาย
494,ox_briefly,briefly,adverb,adverb,For a short time; fleetingly,For a short time; fleetingly,สั้น ๆ,สั้น ๆ,CORRECT,ถูกต้องตามหลักไวยากรณ์และความหมาย
495,ox_bright,bright,adjective,adjective,Giving out or reflecting a lot of light; shining,Giving out or reflecting a lot of light; shining,สว่าง / สดใส / ฉลาด,สว่าง / สดใส / ฉลาด,CORRECT,ถูกต้องตามหลักไวยากรณ์และความหมาย
496,ox_brightly,brightly,adverb,adverb,In a way that gives out or reflects much light,In a way that gives out or reflects much light,อย่างสว่างไสว / อย่างสดใส,อย่างสว่างไสว / อย่างสดใส,CORRECT,ถูกต้องตามหลักไวยากรณ์และความหมาย
497,ox_brilliant,brilliant,adjective,adjective,Exceptionally clever or talented,Exceptionally clever or talented,ฉลาดหลักแหลม,ฉลาดหลักแหลม,CORRECT,ถูกต้องตามหลักไวยากรณ์และความหมาย
498,ox_bring,bring,verb,verb,Take or go with (someone or something) to a place,Take or go with (someone or something) to a place,นำมา,นำมา,CORRECT,ถูกต้องตามหลักไวยากรณ์และความหมาย
499,ox_bring_back,bring back,noun,phrasal verb,Return (something) to its former condition,to return something; to reintroduce something; to evoke memories,นำกลับมา,"นำกลับมาคืน, ฟื้นฟูกลับมา, หวนนึกถึงความทรงจำ",MODIFIED,แก้ไขชนิดของคำ POS จาก noun เป็น phrasal verb
500,ox_bring_down,bring down,noun,phrasal verb,Make (someone or something) fall or collapse,to cause to fall or collapse; to reduce prices or levels,นำลงมา,"โค่นล้ม, ลดระดับ (ราคา/ความรุนแรง)",MODIFIED,แก้ไขคำแปลเดิมที่แปลตรงตัว (นำลงมา) และแก้ POS จาก noun เป็น phrasal verb
501,ox_bring_forward,bring forward,noun,phrasal verb,Change the date or time of an event so that it happens earlier,to change the date or time of an event so that it happens earlier,นำมาข้างหน้า,"เลื่อนกำหนดการให้เร็วขึ้น, เสนอแนวคิด",MODIFIED,แก้ไขคำแปลเดิมที่แปลตรงตัว (นำมาข้างหน้า) และแก้ POS จาก noun เป็น phrasal verb
502,ox_bring_out,bring out,noun,phrasal verb,Make (something) more visible or prominent,to produce or publish something new; to highlight a particular quality,นำออกมา,"เปิดตัว (สินค้า/ผลงาน), ดึงจุดเด่นออกมา",MODIFIED,แก้ไขคำแปลเดิมที่แปลตรงตัว (นำออกมา) และแก้ POS จาก noun เป็น phrasal verb
503,ox_bring_up,bring up,noun,phrasal verb,Raise (a child),to raise and care for a child; to mention a topic in conversation,นำขึ้นมา,"เลี้ยงดู (เด็ก), หยิบยกประเด็นขึ้นมาพูด",MODIFIED,แก้ไขคำแปลเดิมที่แปลตรงตัว (นำขึ้นมา) และแก้ POS จาก noun เป็น phrasal verb
504,ox_broad,broad,adjective,adjective,Having an ample distance from side to side; wide,Having an ample distance from side to side; wide,กว้างๆ,กว้างๆ,CORRECT,ถูกต้องตามหลักไวยากรณ์และความหมาย
505,ox_broadcast,broadcast,verb,verb,Transmit (a program or some information) by radio or television,Transmit (a program or some information) by radio or television,ออกอากาศ,ออกอากาศ,CORRECT,ถูกต้องตามหลักไวยากรณ์และความหมาย
506,ox_broadly,broadly,adverb,adverb,In general and with the exception of minor details,In general and with the exception of minor details,กว้างๆ,กว้างๆ,CORRECT,ถูกต้องตามหลักไวยากรณ์และความหมาย
507,ox_broken,broken,adjective,adjective,Having been fractured or damaged and no longer in one piece or in working order,Having been fractured or damaged and no longer in one piece or in working order,แตกหัก,แตกหัก,CORRECT,ถูกต้องตามหลักไวยากรณ์และความหมาย
508,ox_brother,brother,noun,noun,A man or boy in relation to other sons and daughters of his parents,A man or boy in relation to other sons and daughters of his parents,พี่ชาย / น้องชาย,พี่ชาย / น้องชาย,CORRECT,ถูกต้องตามหลักไวยากรณ์และความหมาย
509,ox_brown,brown,adjective,adjective,"Of a color produced by mixing red, yellow, and blue, as of dark wood or rich soil","Of a color produced by mixing red, yellow, and blue, as of dark wood or rich soil",สีน้ำตาล,สีน้ำตาล,CORRECT,ถูกต้องตามหลักไวยากรณ์และความหมาย
510,ox_brush,brush,noun,noun,"An implement with a handle and a block of bristles, hair, or wire, used for cleaning, smoothing, or painting","An implement with a handle and a block of bristles, hair, or wire, used for cleaning, smoothing, or painting",แปรง,แปรง,CORRECT,ถูกต้องตามหลักไวยากรณ์และความหมาย
511,ox_bubble,bubble,noun,noun,A thin sphere of liquid enclosing air or another gas,A thin sphere of liquid enclosing air or another gas,ฟองสบู่ / ฟองอากาศ,ฟองสบู่ / ฟองอากาศ,CORRECT,ถูกต้องตามหลักไวยากรณ์และความหมาย
512,ox_budget,budget,noun,noun,An estimate of income and expenditure for a set period of time,An estimate of income and expenditure for a set period of time,งบประมาณ,งบประมาณ,CORRECT,ถูกต้องตามหลักไวยากรณ์และความหมาย
513,ox_build,build,verb,verb,Construct (something) by putting parts or material together,Construct (something) by putting parts or material together,สร้าง,สร้าง,CORRECT,ถูกต้องตามหลักไวยากรณ์และความหมาย
514,ox_building,building,noun,noun,"A structure with a roof and walls, such as a house, school, or factory","A structure with a roof and walls, such as a house, school, or factory",อาคาร,อาคาร,CORRECT,ถูกต้องตามหลักไวยากรณ์และความหมาย
515,ox_build_up,build up,noun,phrasal verb,Increase or cause to increase,to increase or strengthen gradually over time,สร้างขึ้น,"สั่งสม, เสริมสร้าง, พัฒนาให้แข็งแกร่งขึ้น",MODIFIED,แก้ไขชนิดของคำ POS จาก noun เป็น phrasal verb
516,ox_bullet,bullet,noun,noun,"A projectile for firing from a rifle, revolver, or other small firearm, typically cylindrical and pointed, and sometimes containing an explosive","A projectile for firing from a rifle, revolver, or other small firearm, typically cylindrical and pointed, and sometimes containing an explosive",กระสุน,กระสุน,CORRECT,ถูกต้องตามหลักไวยากรณ์และความหมาย
517,ox_bunch,bunch,noun,noun,"A number of things, typically of the same kind, growing or fastened together","A number of things, typically of the same kind, growing or fastened together",กลุ่ม,กลุ่ม,CORRECT,ถูกต้องตามหลักไวยากรณ์และความหมาย
518,ox_burn,burn,verb,verb,Consume by fire,Consume by fire,เผา,เผา,CORRECT,ถูกต้องตามหลักไวยากรณ์และความหมาย
519,ox_burn_down,burn down,noun,phrasal verb,Destroy by fire,to be completely destroyed by fire,เผาไหม้,"ถูกไฟไหม้วอด, เผาวอดวาย",MODIFIED,แก้ไขคำแปลเดิมที่แปลตรงตัว (เผาไหม้) และแก้ POS จาก noun เป็น phrasal verb
520,ox_burnt,burnt,adjective,adjective,Consumed by fire,Consumed by fire,ไหม้เกรียม / ถูกไฟไหม้,ไหม้เกรียม / ถูกไฟไหม้,CORRECT,ถูกต้องตามหลักไวยากรณ์และความหมาย
521,ox_burst,burst,verb,verb,"Break open or apart suddenly and violently, especially as a result of an impact or internal pressure","Break open or apart suddenly and violently, especially as a result of an impact or internal pressure",ระเบิด,ระเบิด,CORRECT,ถูกต้องตามหลักไวยากรณ์และความหมาย
522,ox_burst_into,burst into,noun,phrasal verb,Suddenly begin to produce or do (something),"to suddenly begin to do or produce something (e.g. tears, flames)",ระเบิดเข้าไป,"ระเบิด (ร้องไห้/หัวเราะ) ออกมาทันที, ไฟลุกพรึ่บ",MODIFIED,แก้ไขคำแปลเดิมที่แปลตรงตัว (ระเบิดเข้าไป) และแก้ POS จาก noun เป็น phrasal verb
523,ox_burst_out,burst out,noun,phrasal verb,Suddenly start to say something loudly,to suddenly start laughing or crying; to speak suddenly and loudly,โพล่งออกมา / ระเบิดออกมา,"โพล่งออกมา, ระเบิดเสียง (หัวเราะ/ร้องไห้)",MODIFIED,แก้ไขชนิดของคำ POS จาก noun เป็น phrasal verb
524,ox_bury,bury,verb,verb,Put or hide underground,Put or hide underground,ฝังศพ,ฝังศพ,CORRECT,ถูกต้องตามหลักไวยากรณ์และความหมาย
525,ox_bus,bus,noun,noun,A large motor vehicle carrying passengers by road,A large motor vehicle carrying passengers by road,รสบัส,รสบัส,CORRECT,ถูกต้องตามหลักไวยากรณ์และความหมาย
526,ox_bush,bush,noun,noun,A shrub or clump of shrubs with stems of moderate length,A shrub or clump of shrubs with stems of moderate length,พุ่มไม้,พุ่มไม้,CORRECT,ถูกต้องตามหลักไวยากรณ์และความหมาย
527,ox_business,business,noun,noun,"A person's regular occupation, profession, or trade","A person's regular occupation, profession, or trade",ธุรกิจ,ธุรกิจ,CORRECT,ถูกต้องตามหลักไวยากรณ์และความหมาย
528,ox_businessman,businessman,noun,noun,"A man who works in commerce, especially at an executive level","A man who works in commerce, especially at an executive level",นักธุรกิจ,นักธุรกิจ,CORRECT,ถูกต้องตามหลักไวยากรณ์และความหมาย
529,ox_busy,busy,adjective,adjective,Having a great deal to do,Having a great deal to do,ยุ่ง,ยุ่ง,CORRECT,ถูกต้องตามหลักไวยากรณ์และความหมาย
530,ox_but,but,conjunction,conjunction,Used to introduce something contrasting with what has already been mentioned,Used to introduce something contrasting with what has already been mentioned,แต่,แต่,CORRECT,ถูกต้องตามหลักไวยากรณ์และความหมาย
531,ox_butter,butter,noun,noun,A pale yellow edible fatty substance made by churning cream and used as a spread or in cooking,A pale yellow edible fatty substance made by churning cream and used as a spread or in cooking,เนย,เนย,CORRECT,ถูกต้องตามหลักไวยากรณ์และความหมาย
532,ox_button,button,noun,noun,"A small disc or knob sewn onto a garment, either to fasten it by being pushed through a slit made for the purpose or for decoration","A small disc or knob sewn onto a garment, either to fasten it by being pushed through a slit made for the purpose or for decoration",ปุ่ม,ปุ่ม,CORRECT,ถูกต้องตามหลักไวยากรณ์และความหมาย
533,ox_buy,buy,verb,verb,Obtain in exchange for payment,Obtain in exchange for payment,ซื้อ,ซื้อ,CORRECT,ถูกต้องตามหลักไวยากรณ์และความหมาย
534,ox_buyer,buyer,noun,noun,A person who makes a purchase,A person who makes a purchase,ผู้ซื้อ,ผู้ซื้อ,CORRECT,ถูกต้องตามหลักไวยากรณ์และความหมาย
535,ox_by,by,preposition,preposition,Identifying the agent performing an action,Identifying the agent performing an action,โดย,โดย,CORRECT,ถูกต้องตามหลักไวยากรณ์และความหมาย
536,ox_bye,bye,interjection,interjection,Short for goodbye,Short for goodbye,ลาก่อน,ลาก่อน,CORRECT,ถูกต้องตามหลักไวยากรณ์และความหมาย
537,ox_cabinet,cabinet,noun,noun,A cupboard with drawers or shelves for storing or displaying articles,A cupboard with drawers or shelves for storing or displaying articles,ตู้,ตู้,CORRECT,ถูกต้องตามหลักไวยากรณ์และความหมาย
538,ox_cable,cable,noun,noun,"A thick rope of wire or hemp used for construction, mooring ships, and towing vehicles","A thick rope of wire or hemp used for construction, mooring ships, and towing vehicles",สายเคเบิล,สายเคเบิล,CORRECT,ถูกต้องตามหลักไวยากรณ์และความหมาย
539,ox_cake,cake,noun,noun,"An item of soft, sweet food made from a mixture of flour, shortening, eggs, sugar, and other ingredients, baked and often decorated","An item of soft, sweet food made from a mixture of flour, shortening, eggs, sugar, and other ingredients, baked and often decorated",เค้ก,เค้ก,CORRECT,ถูกต้องตามหลักไวยากรณ์และความหมาย
540,ox_calculate,calculate,verb,verb,Determine (the amount or number of something) mathematically,Determine (the amount or number of something) mathematically,คำนวณ,คำนวณ,CORRECT,ถูกต้องตามหลักไวยากรณ์และความหมาย
541,ox_calculation,calculation,noun,noun,A mathematical determination of the size or number of something,A mathematical determination of the size or number of something,การคำนวณ,การคำนวณ,CORRECT,ถูกต้องตามหลักไวยากรณ์และความหมาย
542,ox_call,call,verb,verb,Cry out (a word or words),Cry out (a word or words),เรียก,เรียก,CORRECT,ถูกต้องตามหลักไวยากรณ์และความหมาย
543,ox_call_back,call back,noun,phrasal verb,Return a phone call,to return a telephone call; to ask someone to return,โทรกลับ,"โทรกลับ, เรียกตัวกลับมา",MODIFIED,แก้ไขชนิดของคำ POS จาก noun เป็น phrasal verb
544,ox_called,called,verb,verb,Given a name,Given a name,เรียกว่า,เรียกว่า,CORRECT,ถูกต้องตามหลักไวยากรณ์และความหมาย
545,ox_call_for,call for,noun,phrasal verb,Publicly ask for or demand,to publicly demand or request; to require or need,เรียกร้อง / จำเป็นต้องใช้,"เรียกร้อง, จำเป็นต้องใช้/สมควรแก่",MODIFIED,แก้ไขชนิดของคำ POS จาก noun เป็น phrasal verb
546,ox_call_off,call off,noun,phrasal verb,Cancel,"to cancel an event, match, or agreement",ยกเลิก,ยกเลิก (นัดหมาย/การแข่งขัน),MODIFIED,แก้ไขชนิดของคำ POS จาก noun เป็น phrasal verb
547,ox_call_up,call up,noun,phrasal verb,Bring something to mind,to telephone someone; to summon for military service; to recall,โทรหา / เกณฑ์ทหาร / เรียกตัว,"โทรศัพท์หา, เรียกตัว (ติดทีมชาติ/เกณฑ์ทหาร)",MODIFIED,แก้ไขชนิดของคำ POS จาก noun เป็น phrasal verb
548,ox_calm,calm,adjective,adjective,"Not showing or feeling nervousness, anger, or other strong emotions","Not showing or feeling nervousness, anger, or other strong emotions",เงียบสงบ,เงียบสงบ,CORRECT,ถูกต้องตามหลักไวยากรณ์และความหมาย
549,ox_calm_down,calm down,noun,phrasal verb,Make someone or something less agitated,"to become or make someone less agitated, angry, or excited",สงบสติอารมณ์,"สงบสติอารมณ์, ใจเย็นลง",MODIFIED,แก้ไขชนิดของคำ POS จาก noun เป็น phrasal verb
550,ox_calmly,calmly,adverb,adverb,In a quiet and relaxed manner,In a quiet and relaxed manner,ใจเย็น,ใจเย็น,CORRECT,ถูกต้องตามหลักไวยากรณ์และความหมาย
551,ox_camera,camera,noun,noun,"A device for recording visual images in the form of photographs, film, or video signals","A device for recording visual images in the form of photographs, film, or video signals",กล้อง,กล้อง,CORRECT,ถูกต้องตามหลักไวยากรณ์และความหมาย
552,ox_camp,camp,noun,noun,A place where people live temporarily in tents or other temporary structures,A place where people live temporarily in tents or other temporary structures,ค่าย,ค่าย,CORRECT,ถูกต้องตามหลักไวยากรณ์และความหมาย
553,ox_campaign,campaign,noun,noun,An organized effort to win or achieve something,An organized effort to win or achieve something,แคมเปญ,แคมเปญ,CORRECT,ถูกต้องตามหลักไวยากรณ์และความหมาย
554,ox_camping,camping,noun,noun,The activity of spending a holiday living in a tent,The activity of spending a holiday living in a tent,ตั้งแคมป์,ตั้งแคมป์,CORRECT,ถูกต้องตามหลักไวยากรณ์และความหมาย
555,ox_can_1,can 1,verb,verb,to be able to do something; expressing ability or permission,be able to; be permitted to,สามารถ (กริยาช่วย),"สามารถ, ทำได้ (กริยาช่วย)",MODIFIED,ตรวจสอบความถูกต้อง
556,ox_can_2,can 2,noun,noun,A metal container for food or drink,a cylindrical metal container for food or drink,กระป๋อง / บรรจุกระป๋อง,"กระป๋อง, บรรจุกระป๋อง",MODIFIED,ตรวจสอบความถูกต้อง
557,ox_cancel,cancel,verb,verb,Decide or announce that (a planned event) will not take place,Decide or announce that (a planned event) will not take place,ยกเลิก,ยกเลิก,CORRECT,ถูกต้องตามหลักไวยากรณ์และความหมาย
558,ox_cancer,cancer,noun,noun,A disease caused by an uncontrolled division of abnormal cells in a part of the body,A disease caused by an uncontrolled division of abnormal cells in a part of the body,โรคมะเร็ง,โรคมะเร็ง,CORRECT,ถูกต้องตามหลักไวยากรณ์และความหมาย
559,ox_candidate,candidate,noun,noun,A person who applies for a job or is nominated for election,A person who applies for a job or is nominated for election,ผู้สมัคร,ผู้สมัคร,CORRECT,ถูกต้องตามหลักไวยากรณ์และความหมาย
560,ox_candy,candy,noun,noun,"A sweet food made with sugar or syrup combined with fruit, chocolate, or nuts","A sweet food made with sugar or syrup combined with fruit, chocolate, or nuts",ลูกอม,ลูกอม,CORRECT,ถูกต้องตามหลักไวยากรณ์และความหมาย
561,ox_cannot,cannot,verb,verb,Be unable to,Be unable to,ไม่สามารถ,ไม่สามารถ,CORRECT,ถูกต้องตามหลักไวยากรณ์และความหมาย
562,ox_cap,cap,noun,noun,"A soft, flat hat without a brim and typically with a peak","A soft, flat hat without a brim and typically with a peak",หมวกแก๊ป,หมวกแก๊ป,CORRECT,ถูกต้องตามหลักไวยากรณ์และความหมาย
563,ox_capable,capable,adjective,adjective,"Having the ability, fitness, or quality necessary to do or achieve a specified thing","Having the ability, fitness, or quality necessary to do or achieve a specified thing",มีความสามารถ,มีความสามารถ,CORRECT,ถูกต้องตามหลักไวยากรณ์และความหมาย
564,ox_capacity,capacity,noun,noun,The maximum amount that something can contain,The maximum amount that something can contain,ความจุ,ความจุ,CORRECT,ถูกต้องตามหลักไวยากรณ์และความหมาย
565,ox_capital,capital,noun,noun,The city or town that functions as the seat of government and administrative centre of a country or region,The city or town that functions as the seat of government and administrative centre of a country or region,เมืองหลวง,เมืองหลวง,CORRECT,ถูกต้องตามหลักไวยากรณ์และความหมาย
566,ox_captain,captain,noun,noun,The person in command of a ship,The person in command of a ship,กัปตัน,กัปตัน,CORRECT,ถูกต้องตามหลักไวยากรณ์และความหมาย
567,ox_capture,capture,verb,verb,Take into one's possession or control by force,to take into custody; to take control of by force,การจับกุม,"จับกุม, ยึดครอง, บันทึกภาพ",MODIFIED,แก้ไขคำแปลไทยจากคำนาม (การจับกุม) ให้เป็นคำกริยา (จับกุม)
568,ox_car,car,noun,noun,"A road vehicle, typically with four wheels, powered by an internal combustion engine and able to carry a small number of people","A road vehicle, typically with four wheels, powered by an internal combustion engine and able to carry a small number of people",รถ,รถ,CORRECT,ถูกต้องตามหลักไวยากรณ์และความหมาย
569,ox_card,card,noun,noun,"A piece of thick, stiff paper or thin pasteboard, in particular one used for writing or printing on","A piece of thick, stiff paper or thin pasteboard, in particular one used for writing or printing on",การ์ด,การ์ด,CORRECT,ถูกต้องตามหลักไวยากรณ์และความหมาย
570,ox_cardboard,cardboard,noun,noun,"A material made from pulped wood or other fibrous substances, used for making boxes and other items","A material made from pulped wood or other fibrous substances, used for making boxes and other items",กระดาษแข็ง,กระดาษแข็ง,CORRECT,ถูกต้องตามหลักไวยากรณ์และความหมาย
571,ox_care,care,noun,noun,"The provision of what is necessary for the health, welfare, maintenance, and protection of someone or something","The provision of what is necessary for the health, welfare, maintenance, and protection of someone or something",การดูแล,การดูแล,CORRECT,ถูกต้องตามหลักไวยากรณ์และความหมาย
572,ox_career,career,noun,noun,An occupation undertaken for a significant period of a person's life and with opportunities for progress,An occupation undertaken for a significant period of a person's life and with opportunities for progress,อาชีพ,อาชีพ,CORRECT,ถูกต้องตามหลักไวยากรณ์และความหมาย
573,ox_care_for,care for,noun,phrasal verb,Look after and provide for the needs of,to look after someone; to like or love someone; to want something,ดูแล / ชอบหรือต้องการ,"ดูแลเอาใจใส่, ชอบ/ต้องการ",MODIFIED,แก้ไขชนิดของคำ POS จาก noun เป็น phrasal verb
574,ox_careful,careful,adjective,adjective,"Making sure of avoiding potential danger, mishap, or harm; cautious","Making sure of avoiding potential danger, mishap, or harm; cautious",ระมัดระวัง,ระมัดระวัง,CORRECT,ถูกต้องตามหลักไวยากรณ์และความหมาย
575,ox_carefully,carefully,adverb,adverb,In a way that deliberately avoids harm or errors; cautiously,In a way that deliberately avoids harm or errors; cautiously,อย่างระมัดระวัง,อย่างระมัดระวัง,CORRECT,ถูกต้องตามหลักไวยากรณ์และความหมาย
576,ox_careless,careless,adjective,adjective,Not giving sufficient attention or thought to avoiding harm or errors,Not giving sufficient attention or thought to avoiding harm or errors,สะเพร่า,สะเพร่า,CORRECT,ถูกต้องตามหลักไวยากรณ์และความหมาย
577,ox_carelessly,carelessly,adverb,adverb,In a careless or casual manner,In a careless or casual manner,อย่างสะเพร่า / อย่างไม่ระมัดระวัง,อย่างสะเพร่า / อย่างไม่ระมัดระวัง,CORRECT,ถูกต้องตามหลักไวยากรณ์และความหมาย
578,ox_carpet,carpet,noun,noun,"A floor or stair covering made from thick woven fabric, typically shaped to fit a particular room","A floor or stair covering made from thick woven fabric, typically shaped to fit a particular room",พรม,พรม,CORRECT,ถูกต้องตามหลักไวยากรณ์และความหมาย
579,ox_carrot,carrot,noun,noun,A tapering orange-colored root eaten as a vegetable,A tapering orange-colored root eaten as a vegetable,แครอท,แครอท,CORRECT,ถูกต้องตามหลักไวยากรณ์และความหมาย
580,ox_carry,carry,verb,verb,Support and move (someone or something) from one place to another,to support and move someone or something from one place to another,พก,"ถือ, แบก, หิ้ว, พกพา, ขนส่ง",MODIFIED,"ขยายคำแปลไทยจาก ""พก"" ให้ครอบคลุมการใช้งานจริง (ถือ/แบก/หิ้ว/พกพา)"
581,ox_carry_on,carry on,noun,phrasal verb,Continue an activity or task,to continue doing something; to behave in an excited or improper way,ทำต่อไป / ดำเนินต่อไป,"ทำต่อไป, ดำเนินต่อไป",MODIFIED,แก้ไขชนิดของคำ POS จาก noun เป็น phrasal verb
582,ox_carry_out,carry out,noun,phrasal verb,Perform or complete a task,"to perform or complete a task, experiment, or order",ดำเนินการ / ปฏิบัติตาม,"ดำเนินการ, ปฏิบัติตาม (คำสั่ง/สัญญา)",MODIFIED,แก้ไขชนิดของคำ POS จาก noun เป็น phrasal verb
583,ox_case,case,noun,noun,An instance of a particular situation; an example of something occurring,An instance of a particular situation; an example of something occurring,กรณี,กรณี,CORRECT,ถูกต้องตามหลักไวยากรณ์และความหมาย
584,ox_cash,cash,noun,noun,Money in coins or notes,Money in coins or notes,เงินสด,เงินสด,CORRECT,ถูกต้องตามหลักไวยากรณ์และความหมาย
585,ox_cast,cast,verb,verb,Throw (something) forcefully,Throw (something) forcefully,เหวี่ยง / ขว้าง / คัดเลือกนักแสดง,เหวี่ยง / ขว้าง / คัดเลือกนักแสดง,CORRECT,ถูกต้องตามหลักไวยากรณ์และความหมาย
586,ox_castle,castle,noun,noun,"A large building, typically of the medieval period, fortified against attack with thick walls, battlements, towers, and often a moat","A large building, typically of the medieval period, fortified against attack with thick walls, battlements, towers, and often a moat",ปราสาท,ปราสาท,CORRECT,ถูกต้องตามหลักไวยากรณ์และความหมาย
587,ox_cat,cat,noun,noun,"A small domesticated carnivorous mammal with soft fur, a short snout, and retractable claws","A small domesticated carnivorous mammal with soft fur, a short snout, and retractable claws",แมว,แมว,CORRECT,ถูกต้องตามหลักไวยากรณ์และความหมาย
588,ox_catch,catch,verb,verb,"Intercept and hold (something which has been thrown, propelled, or dropped)","Intercept and hold (something which has been thrown, propelled, or dropped)",จับ,จับ,CORRECT,ถูกต้องตามหลักไวยากรณ์และความหมาย
589,ox_catch_up,catch up,noun,phrasal verb,Reach someone or something that is ahead of you,to reach the same level as someone ahead; to talk to someone to exchange news,ตามทัน / อัปเดตพูดคุยสารทุกข์สุกดิบ,"ตามทัน, อัปเดตพูดคุยสารทุกข์สุกดิบ",MODIFIED,แก้ไขชนิดของคำ POS จาก noun เป็น phrasal verb
590,ox_category,category,noun,noun,A class or division of people or things regarded as having particular shared characteristics,A class or division of people or things regarded as having particular shared characteristics,หมวดหมู่,หมวดหมู่,CORRECT,ถูกต้องตามหลักไวยากรณ์และความหมาย
591,ox_cause,cause,verb,verb,"A person or thing that gives rise to an action, phenomenon, or condition","A person or thing that gives rise to an action, phenomenon, or condition",สาเหตุ,สาเหตุ,CORRECT,ถูกต้องตามหลักไวยากรณ์และความหมาย
592,ox_CD,CD,noun,noun,"A small plastic disc on which music or other digital information is stored, and from which the information can be read using reflected laser light","A small plastic disc on which music or other digital information is stored, and from which the information can be read using reflected laser light",ซีดี,ซีดี,CORRECT,ถูกต้องตามหลักไวยากรณ์และความหมาย
593,ox_cease,cease,verb,verb,Bring or come to an end,Bring or come to an end,หยุด,หยุด,CORRECT,ถูกต้องตามหลักไวยากรณ์และความหมาย
594,ox_ceiling,ceiling,noun,noun,The upper interior surface of a room or other similar compartment,The upper interior surface of a room or other similar compartment,เพดาน,เพดาน,CORRECT,ถูกต้องตามหลักไวยากรณ์และความหมาย
595,ox_celebrate,celebrate,verb,verb,Acknowledge (a significant or happy day or event) with a social gathering or enjoyable activity,Acknowledge (a significant or happy day or event) with a social gathering or enjoyable activity,ฉลอง,ฉลอง,CORRECT,ถูกต้องตามหลักไวยากรณ์และความหมาย
596,ox_celebration,celebration,noun,noun,"The action of marking one's pleasure at an important event or occasion by engaging in enjoyable, typically social, activity","The action of marking one's pleasure at an important event or occasion by engaging in enjoyable, typically social, activity",การเฉลิมฉลอง,การเฉลิมฉลอง,CORRECT,ถูกต้องตามหลักไวยากรณ์และความหมาย
597,ox_cell,cell,noun,noun,"The smallest structural and functional unit of an organism, typically microscopic and consisting of cytoplasm and a nucleus enclosed in a membrane","The smallest structural and functional unit of an organism, typically microscopic and consisting of cytoplasm and a nucleus enclosed in a membrane",เซลล์,เซลล์,CORRECT,ถูกต้องตามหลักไวยากรณ์และความหมาย
598,ox_cell_phone,cell phone,noun,noun,A portable telephone that uses wireless technology to send and receive phone signals,a portable mobile phone that can make calls and send messages,โทรศัพท์มือถือ,โทรศัพท์มือถือ,MODIFIED,ปรับคำนิยามภาษาอังกฤษให้กระชับและชัดเจน
599,ox_cent,cent,noun,noun,"A monetary unit equal to one hundredth of a dollar, euro, or other decimal currency unit","A monetary unit equal to one hundredth of a dollar, euro, or other decimal currency unit",ร้อยละ,ร้อยละ,CORRECT,ถูกต้องตามหลักไวยากรณ์และความหมาย
600,ox_centimetre,centimetre,noun,noun,"A metric unit of length, equal to one hundredth of a meter","A metric unit of length, equal to one hundredth of a meter",เซนติเมตร,เซนติเมตร,CORRECT,ถูกต้องตามหลักไวยากรณ์และความหมาย
601,ox_central,central,adjective,adjective,"Of, at, or forming the center","Of, at, or forming the center",ศูนย์กลาง,ศูนย์กลาง,CORRECT,ถูกต้องตามหลักไวยากรณ์และความหมาย
602,ox_centre,centre,noun,noun,"The middle point of a circle or sphere, equidistant from every point on the circumference or surface","The middle point of a circle or sphere, equidistant from every point on the circumference or surface",จุดศูนย์กลาง / ศูนย์กลาง,จุดศูนย์กลาง / ศูนย์กลาง,CORRECT,ถูกต้องตามหลักไวยากรณ์และความหมาย
603,ox_century,century,noun,noun,A period of one hundred years,A period of one hundred years,ศตวรรษ,ศตวรรษ,CORRECT,ถูกต้องตามหลักไวยากรณ์และความหมาย
604,ox_ceremony,ceremony,noun,noun,"A formal religious or public occasion, typically one celebrating a particular event or anniversary","A formal religious or public occasion, typically one celebrating a particular event or anniversary",พิธี,พิธี,CORRECT,ถูกต้องตามหลักไวยากรณ์และความหมาย
605,ox_certain,certain,adjective,adjective,Able to be firmly relied on to happen or be the case,Able to be firmly relied on to happen or be the case,แน่ใจ,แน่ใจ,CORRECT,ถูกต้องตามหลักไวยากรณ์และความหมาย
606,ox_certainly,certainly,adverb,adverb,Undoubtedly; definitely; surely,Undoubtedly; definitely; surely,แน่นอน,แน่นอน,CORRECT,ถูกต้องตามหลักไวยากรณ์และความหมาย
607,ox_certificate,certificate,noun,noun,An official document attesting a certain fact,An official document attesting a certain fact,ใบรับรอง / ประกาศนียบัตร,ใบรับรอง / ประกาศนียบัตร,CORRECT,ถูกต้องตามหลักไวยากรณ์และความหมาย
608,ox_chain,chain,noun,noun,"A series of linked metal rings used for fastening or securing something, or for pulling loads","A series of linked metal rings used for fastening or securing something, or for pulling loads",โซ่,โซ่,CORRECT,ถูกต้องตามหลักไวยากรณ์และความหมาย
609,ox_chair,chair,noun,noun,"A separate seat for one person, typically with a back and four legs","A separate seat for one person, typically with a back and four legs",เก้าอี้,เก้าอี้,CORRECT,ถูกต้องตามหลักไวยากรณ์และความหมาย
610,ox_chairman,chairman,noun,noun,"The permanent or long-term president of a committee, company, or other organization","The permanent or long-term president of a committee, company, or other organization",ประธาน,ประธาน,CORRECT,ถูกต้องตามหลักไวยากรณ์และความหมาย
611,ox_chairwoman,chairwoman,noun,noun,"The permanent or long-term female president of a committee, company, or other organization","The permanent or long-term female president of a committee, company, or other organization",ประธานหญิง,ประธานหญิง,CORRECT,ถูกต้องตามหลักไวยากรณ์และความหมาย
612,ox_chamber,chamber,noun,noun,A large room used for formal or public events,A large room used for formal or public events,ห้อง,ห้อง,CORRECT,ถูกต้องตามหลักไวยากรณ์และความหมาย
613,ox_chance,chance,noun,noun,A possibility of something happening,A possibility of something happening,โอกาส,โอกาส,CORRECT,ถูกต้องตามหลักไวยากรณ์และความหมาย
614,ox_change,change,verb,verb,Make or become different,Make or become different,เปลี่ยน,เปลี่ยน,CORRECT,ถูกต้องตามหลักไวยากรณ์และความหมาย
615,ox_change_round,change round,noun,phrasal verb,To move something into a different position,to move things into different positions; to alter arrangements,สลับที่ / เปลี่ยนตำแหน่ง,"สลับที่, เปลี่ยนตำแหน่ง/จัดที่ใหม่",MODIFIED,แก้ไขชนิดของคำ POS จาก noun เป็น phrasal verb
616,ox_channel,channel,noun,noun,"A length of water wider than a strait, joining two larger areas of water, especially two seas","A length of water wider than a strait, joining two larger areas of water, especially two seas",ช่อง,ช่อง,CORRECT,ถูกต้องตามหลักไวยากรณ์และความหมาย
617,ox_chapter,chapter,noun,noun,"A main division of a book, typically with a number or title","a main division of a book, typically with a number or title",บท,"บท (ในหนังสือ), ตอน",MODIFIED,"ขยายคำแปลไทยจาก ""บท"" ให้ชัดเจน"
618,ox_character,character,noun,noun,The mental and moral qualities distinctive to an individual,The mental and moral qualities distinctive to an individual,อักขระ,อักขระ,CORRECT,ถูกต้องตามหลักไวยากรณ์และความหมาย
619,ox_characteristic,characteristic,noun,noun,"A feature or quality belonging typically to a person, place, or thing and serving to identify them","A feature or quality belonging typically to a person, place, or thing and serving to identify them",ลักษณะเฉพาะ,ลักษณะเฉพาะ,CORRECT,ถูกต้องตามหลักไวยากรณ์และความหมาย
620,ox_charge,charge,verb,verb,Demand (an amount) as a price from someone for a service rendered or goods supplied,Demand (an amount) as a price from someone for a service rendered or goods supplied,ค่าใช้จ่าย,ค่าใช้จ่าย,CORRECT,ถูกต้องตามหลักไวยากรณ์และความหมาย
621,ox_charity,charity,noun,noun,An organization set up to provide help and raise money for those in need,An organization set up to provide help and raise money for those in need,การกุศล,การกุศล,CORRECT,ถูกต้องตามหลักไวยากรณ์และความหมาย
622,ox_chart,chart,noun,noun,"A sheet of information in the form of a table, graph, or diagram","A sheet of information in the form of a table, graph, or diagram",แผนภูมิ,แผนภูมิ,CORRECT,ถูกต้องตามหลักไวยากรณ์และความหมาย
623,ox_chase,chase,verb,verb,Pursue in order to catch or catch up with,Pursue in order to catch or catch up with,ไล่ล่า,ไล่ล่า,CORRECT,ถูกต้องตามหลักไวยากรณ์และความหมาย
624,ox_chase_away,chase away,noun,phrasal verb,Drive away by or as if by chasing,to force someone or an animal to run away or leave,ไล่ไป / ขับไล่ไป,"ไล่ไป, ขับไล่ให้หนีไป",MODIFIED,แก้ไขชนิดของคำ POS จาก noun เป็น phrasal verb
625,ox_chat,chat,verb,verb,Talk in a friendly and informal way,Talk in a friendly and informal way,แชท,แชท,CORRECT,ถูกต้องตามหลักไวยากรณ์และความหมาย
626,ox_cheap,cheap,adjective,adjective,Low in price; worth more than its cost,Low in price; worth more than its cost,ราคาถูก,ราคาถูก,CORRECT,ถูกต้องตามหลักไวยากรณ์และความหมาย
627,ox_cheaply,cheaply,adverb,adverb,Inexpensive or cheaply made,Inexpensive or cheaply made,อย่างประหยัด / ด้วยราคาถูก,อย่างประหยัด / ด้วยราคาถูก,CORRECT,ถูกต้องตามหลักไวยากรณ์และความหมาย
628,ox_cheat,cheat,verb,verb,Act dishonestly or unfairly in order to gain an advantage,Act dishonestly or unfairly in order to gain an advantage,โกง,โกง,CORRECT,ถูกต้องตามหลักไวยากรณ์และความหมาย
629,ox_cheat_of,cheat of,noun,phrasal verb,To deprive someone of something valuable by cheating,to prevent someone from having something by deceit or unfair means,โกง / หลอกลวงเอาไป,"โกงเอาไป, หลอกลวงเอาไป",MODIFIED,แก้ไขชนิดของคำ POS จาก noun เป็น phrasal verb
630,ox_check,check,verb,verb,"Examine (something) in order to determine its accuracy, quality, or condition, or to detect the presence of something","Examine (something) in order to determine its accuracy, quality, or condition, or to detect the presence of something",ตรวจสอบ,ตรวจสอบ,CORRECT,ถูกต้องตามหลักไวยากรณ์และความหมาย
631,ox_check_in,check in,noun,phrasal verb,Register one's arrival at a hotel,"to register arrival at a hotel, airport, or event",เช็คอิน (ลงทะเบียนเข้าพัก/ขึ้นเครื่อง),เช็คอิน (ลงทะเบียนเข้าพัก/ขึ้นเครื่อง),MODIFIED,แก้ไขชนิดของคำ POS จาก noun เป็น phrasal verb
632,ox_check_into,check into,noun,phrasal verb,Investigate,to register arrival at a hotel; to investigate something,ลงทะเบียนเข้าพัก,"ลงทะเบียนเข้าพัก, ตรวจสอบข้อเท็จจริง",MODIFIED,แก้ไขชนิดของคำ POS จาก noun เป็น phrasal verb
633,ox_check_on,check on,noun,phrasal verb,"Make sure that someone or something is safe, is in a satisfactory state, or is doing what it should be doing",to examine or visit to make sure someone or something is safe or okay,แวะไปดู / ตรวจดูความเรียบร้อย,"แวะไปดู, ตรวจดูความเรียบร้อย",MODIFIED,แก้ไขชนิดของคำ POS จาก noun เป็น phrasal verb
634,ox_check_out,check out,noun,phrasal verb,Settle one's hotel bill before leaving,to settle bill and leave a hotel; to inspect or examine something,เช็คเอาต์ (คืนห้อง) / ยืมหนังสือ / แวะดู,"เช็คเอาต์ (คืนห้อง), ยืมหนังสือ, แวะไปดู/ตรวจสอบ",MODIFIED,แก้ไขชนิดของคำ POS จาก noun เป็น phrasal verb
635,ox_check_over,check over,noun,phrasal verb,Examine (something) thoroughly,to examine something carefully to make sure it is correct or in order,ตรวจเช็กอย่างละเอียด,"ตรวจเช็กอย่างละเอียด, ตรวจทานรอบคอบ",MODIFIED,แก้ไขชนิดของคำ POS จาก noun เป็น phrasal verb
636,ox_check_up_on,check up on,noun,phrasal verb,Make sure someone is doing what they should be doing,to investigate someone to see what they are doing or if they are okay,สืบดู / ตรวจดูพฤติกรรม,"สืบดูพฤติกรรม, ตรวจดูความเป็นอยู่",MODIFIED,แก้ไขชนิดของคำ POS จาก noun เป็น phrasal verb
637,ox_cheek,cheek,noun,noun,Either side of the face below the eye,Either side of the face below the eye,แก้ม,แก้ม,CORRECT,ถูกต้องตามหลักไวยากรณ์และความหมาย
638,ox_cheerful,cheerful,adjective,adjective,Noticeably happy and optimistic,Noticeably happy and optimistic,ร่าเริง,ร่าเริง,CORRECT,ถูกต้องตามหลักไวยากรณ์และความหมาย
639,ox_cheerfully,cheerfully,adverb,adverb,In a happy and optimistic way,In a happy and optimistic way,อย่างร่าเริง,อย่างร่าเริง,CORRECT,ถูกต้องตามหลักไวยากรณ์และความหมาย
640,ox_cheese,cheese,noun,noun,A food made from the pressed curds of milk,A food made from the pressed curds of milk,ชีส,ชีส,CORRECT,ถูกต้องตามหลักไวยากรณ์และความหมาย
641,ox_chemical,chemical,noun,noun,"A distinct compound or substance, especially one which has been artificially prepared or purified","A distinct compound or substance, especially one which has been artificially prepared or purified",เคมี,เคมี,CORRECT,ถูกต้องตามหลักไวยากรณ์และความหมาย
642,ox_chemist,chemist,noun,noun,A person engaged in chemical research or experiments,A person engaged in chemical research or experiments,นักเคมี,นักเคมี,CORRECT,ถูกต้องตามหลักไวยากรณ์และความหมาย
643,ox_chemistry,chemistry,noun,noun,The branch of science that deals with the identification of the substances of which matter is composed,The branch of science that deals with the identification of the substances of which matter is composed,เคมี,เคมี,CORRECT,ถูกต้องตามหลักไวยากรณ์และความหมาย
644,ox_cheque,cheque,noun,noun,A written order directing a bank to pay money,A written order directing a bank to pay money,ตรวจสอบ,ตรวจสอบ,CORRECT,ถูกต้องตามหลักไวยากรณ์และความหมาย
645,ox_chest,chest,noun,noun,The front surface of a person's or animal's body between the neck and the abdomen,The front surface of a person's or animal's body between the neck and the abdomen,หน้าอก,หน้าอก,CORRECT,ถูกต้องตามหลักไวยากรณ์และความหมาย
646,ox_chew,chew,verb,verb,"Bite and work (food) in the mouth with the teeth, especially to make it easier to swallow","Bite and work (food) in the mouth with the teeth, especially to make it easier to swallow",เคี้ยว,เคี้ยว,CORRECT,ถูกต้องตามหลักไวยากรณ์และความหมาย
647,ox_chicken,chicken,noun,noun,A domestic fowl kept for its eggs or meat,A domestic fowl kept for its eggs or meat,ไก่,ไก่,CORRECT,ถูกต้องตามหลักไวยากรณ์และความหมาย
648,ox_chief,chief,noun,noun,A leader or ruler of a people or clan,A leader or ruler of a people or clan,หัวหน้า,หัวหน้า,CORRECT,ถูกต้องตามหลักไวยากรณ์และความหมาย
649,ox_child,child,noun,noun,A young human being below the age of puberty or below the legal age of majority,A young human being below the age of puberty or below the legal age of majority,เด็ก,เด็ก,CORRECT,ถูกต้องตามหลักไวยากรณ์และความหมาย
650,ox_chin,chin,noun,noun,"The protruding part of the face below the mouth, formed by the apex of the lower jaw","The protruding part of the face below the mouth, formed by the apex of the lower jaw",คาง,คาง,CORRECT,ถูกต้องตามหลักไวยากรณ์และความหมาย
651,ox_chip,chip,noun,noun,"A small piece of food removed in the process of chopping, cutting, or breaking a larger piece","A small piece of food removed in the process of chopping, cutting, or breaking a larger piece",ชิป,ชิป,CORRECT,ถูกต้องตามหลักไวยากรณ์และความหมาย
652,ox_chocolate,chocolate,noun,noun,A food preparation in the form of a paste or solid block made from roasted and ground cacao seeds,A food preparation in the form of a paste or solid block made from roasted and ground cacao seeds,ช็อคโกแลต,ช็อคโกแลต,CORRECT,ถูกต้องตามหลักไวยากรณ์และความหมาย
653,ox_choice,choice,noun,noun,An act of selecting or making a decision when faced with two or more possibilities,An act of selecting or making a decision when faced with two or more possibilities,ทางเลือก,ทางเลือก,CORRECT,ถูกต้องตามหลักไวยากรณ์และความหมาย
654,ox_choose,choose,verb,verb,Pick out (someone or something) as being the best or most appropriate of two or more alternatives,Pick out (someone or something) as being the best or most appropriate of two or more alternatives,เลือก,เลือก,CORRECT,ถูกต้องตามหลักไวยากรณ์และความหมาย
655,ox_chop,chop,verb,verb,Cut (something) into small pieces with repeated sharp blows using an ax or knife,Cut (something) into small pieces with repeated sharp blows using an ax or knife,สับ,สับ,CORRECT,ถูกต้องตามหลักไวยากรณ์และความหมาย
656,ox_chop_down,chop down,noun,phrasal verb,Cut down (a tree or similar plant) by cutting through its trunk with blows from an ax or similar tool,to cut down a tree by chopping through its trunk,โค่น (ต้นไม้),โค่น (ต้นไม้),MODIFIED,แก้ไขชนิดของคำ POS จาก noun เป็น phrasal verb
657,ox_chop_off,chop off,noun,phrasal verb,Remove something by cutting,"to remove something with a sharp blow, like an axe or blade",ฟันขาด / สับขาด,"สับขาด, ฟันขาดออก",MODIFIED,แก้ไขชนิดของคำ POS จาก noun เป็น phrasal verb
658,ox_church,church,noun,noun,A building used for public Christian worship,A building used for public Christian worship,คริสตจักร,คริสตจักร,CORRECT,ถูกต้องตามหลักไวยากรณ์และความหมาย
659,ox_cigarette,cigarette,noun,noun,A thin cylinder of finely cut tobacco rolled in paper for smoking,A thin cylinder of finely cut tobacco rolled in paper for smoking,บุหรี่,บุหรี่,CORRECT,ถูกต้องตามหลักไวยากรณ์และความหมาย
660,ox_cinema,cinema,noun,noun,A theater where films are shown,A theater where films are shown,โรงหนัง,โรงหนัง,CORRECT,ถูกต้องตามหลักไวยากรณ์และความหมาย
661,ox_circle,circle,noun,noun,A round plane figure whose boundary (the circumference) consists of points equidistant from a fixed center,A round plane figure whose boundary (the circumference) consists of points equidistant from a fixed center,วงกลม,วงกลม,CORRECT,ถูกต้องตามหลักไวยากรณ์และความหมาย
662,ox_circumstance,circumstance,noun,noun,A fact or condition connected with or relevant to an event or action,A fact or condition connected with or relevant to an event or action,สถานการณ์,สถานการณ์,CORRECT,ถูกต้องตามหลักไวยากรณ์และความหมาย
663,ox_citizen,citizen,noun,noun,"A legally recognized subject or national of a state or commonwealth, either native or naturalized","A legally recognized subject or national of a state or commonwealth, either native or naturalized",พลเมือง,พลเมือง,CORRECT,ถูกต้องตามหลักไวยากรณ์และความหมาย
664,ox_city,city,noun,noun,A large town,A large town,เมือง / นคร,เมือง / นคร,CORRECT,ถูกต้องตามหลักไวยากรณ์และความหมาย
665,ox_civil,civil,adjective,adjective,"Relating to ordinary citizens and their concerns, as distinct from military or ecclesiastical matters","Relating to ordinary citizens and their concerns, as distinct from military or ecclesiastical matters",พลเรือน,พลเรือน,CORRECT,ถูกต้องตามหลักไวยากรณ์และความหมาย
666,ox_claim,claim,verb,verb,"State or assert that something is the case, typically without providing evidence or proof","State or assert that something is the case, typically without providing evidence or proof",อ้าง / เรียกร้อง,อ้าง / เรียกร้อง,CORRECT,ถูกต้องตามหลักไวยากรณ์และความหมาย
667,ox_clap,clap,verb,verb,"Strike the palms of (one's hands) together repeatedly, typically in order to applaud","Strike the palms of (one's hands) together repeatedly, typically in order to applaud",ตบมือ,ตบมือ,CORRECT,ถูกต้องตามหลักไวยากรณ์และความหมาย
668,ox_class,class,noun,noun,"A set or category of things having some property or attribute in common and differentiated from others by kind, type, or quality","A set or category of things having some property or attribute in common and differentiated from others by kind, type, or quality",ระดับ,ระดับ,CORRECT,ถูกต้องตามหลักไวยากรณ์และความหมาย
669,ox_classic,classic,adjective,adjective,Judged over a period of time to be of the highest quality and outstanding of its kind,Judged over a period of time to be of the highest quality and outstanding of its kind,คลาสสิค,คลาสสิค,CORRECT,ถูกต้องตามหลักไวยากรณ์และความหมาย
670,ox_classroom,classroom,noun,noun,A room in which a class of students is taught,A room in which a class of students is taught,ห้องเรียน,ห้องเรียน,CORRECT,ถูกต้องตามหลักไวยากรณ์และความหมาย
671,ox_clean,clean,adjective,adjective,"Free from dirt, marks, or stains","Free from dirt, marks, or stains",ทำความสะอาด,ทำความสะอาด,CORRECT,ถูกต้องตามหลักไวยากรณ์และความหมาย
672,ox_clean_up,clean up,noun,phrasal verb,Make neat and tidy by removing rubbish or unwanted items,to make a place completely clean and tidy; to make large profits,ทำความสะอาด / จัดเก็บให้เรียบร้อย,"ทำความสะอาด, จัดเก็บให้เรียบร้อย",MODIFIED,แก้ไขชนิดของคำ POS จาก noun เป็น phrasal verb
673,ox_clear,clear,adjective,adjective,"Easy to perceive, understand, or interpret","Easy to perceive, understand, or interpret",ชัดเจน,ชัดเจน,CORRECT,ถูกต้องตามหลักไวยากรณ์และความหมาย
674,ox_clearly,clearly,adverb,adverb,"In a way that is easy to see, hear, or understand","In a way that is easy to see, hear, or understand",ชัดเจน,ชัดเจน,CORRECT,ถูกต้องตามหลักไวยากรณ์และความหมาย
675,ox_clear_out,clear out,verb,phrasal verb,a phrasal verb meaning to clear out,to empty or clean something thoroughly by removing unwanted items,เคลียร์ออก,"เก็บกวาดทิ้ง, รื้อทิ้ง, ย้ายออกหมด",MODIFIED,แทนที่คำนิยาม placeholder ภาษาอังกฤษ และปรับคำแปลไทยเดิม (เคลียร์ออก) ให้เป็นภาษาไทยมาตรฐาน
676,ox_clear_up,clear up,verb,phrasal verb,a phrasal verb meaning to clear up,to solve or explain; (weather) to become bright; (illness) to disappear,ชัดเจนขึ้น,"สะสาง/ไขข้อข้องใจ, (ฟ้า) โปร่งใสขึ้น, (อาการป่วย) หายดี",MODIFIED,แทนที่คำนิยาม placeholder ภาษาอังกฤษ และแก้ไขคำแปลเดิม (ชัดเจนขึ้น) ที่ผิดบริบท
677,ox_clerk,clerk,noun,noun,"A person employed in an office or bank to keep records, accounts, and undertake other routine administrative duties","A person employed in an office or bank to keep records, accounts, and undertake other routine administrative duties",เสมียน / พนักงาน,เสมียน / พนักงาน,CORRECT,ถูกต้องตามหลักไวยากรณ์และความหมาย
678,ox_clever,clever,adjective,adjective,"Quick to understand, learn, and devise or apply ideas; intelligent","Quick to understand, learn, and devise or apply ideas; intelligent",ฉลาด,ฉลาด,CORRECT,ถูกต้องตามหลักไวยากรณ์และความหมาย
679,ox_click,click,verb,verb,Press a button or switch on a computer mouse or other device,Press a button or switch on a computer mouse or other device,คลิก,คลิก,CORRECT,ถูกต้องตามหลักไวยากรณ์และความหมาย
680,ox_client,client,noun,noun,A person or organization using the services of a lawyer or other professional person or company,A person or organization using the services of a lawyer or other professional person or company,ลูกค้า,ลูกค้า,CORRECT,ถูกต้องตามหลักไวยากรณ์และความหมาย
681,ox_climate,climate,noun,noun,The weather conditions prevailing in an area in general or over a long period,The weather conditions prevailing in an area in general or over a long period,ภูมิอากาศ,ภูมิอากาศ,CORRECT,ถูกต้องตามหลักไวยากรณ์และความหมาย
682,ox_climb,climb,verb,verb,"Go or come up (a slope, incline, or staircase), especially by using the feet and sometimes the hands; ascend","Go or come up (a slope, incline, or staircase), especially by using the feet and sometimes the hands; ascend",ปีน,ปีน,CORRECT,ถูกต้องตามหลักไวยากรณ์และความหมาย
683,ox_climbing,climbing,noun,noun,The sport or activity of ascending mountains or cliffs,The sport or activity of ascending mountains or cliffs,การปีนเขา,การปีนเขา,CORRECT,ถูกต้องตามหลักไวยากรณ์และความหมาย
684,ox_clock,clock,noun,noun,"A mechanical or electrical device for measuring time, typically by hands on a round dial or by displayed digits","A mechanical or electrical device for measuring time, typically by hands on a round dial or by displayed digits",นาฬิกา,นาฬิกา,CORRECT,ถูกต้องตามหลักไวยากรณ์และความหมาย
685,ox_close_1,close 1,verb,verb,"to shut something, or to bring something to an end",to shut something; to bring or come to an end,ปิด (กริยา),"ปิด (ประตู/ร้าน), ยุติการทำงาน",MODIFIED,ตรวจสอบความถูกต้อง
686,ox_close_2,close 2,adjective,adjective,Near in space or time,near in space or time; having a strong personal relationship,ใกล้ชิด / สนิทสนม (คุณศัพท์),"ใกล้ชิด, สนิทสนม",MODIFIED,ตรวจสอบความถูกต้อง
687,ox_closed,closed,adjective,adjective,Not open,Not open,ปิด / ไม่เปิดบริการ,ปิด / ไม่เปิดบริการ,CORRECT,ถูกต้องตามหลักไวยากรณ์และความหมาย
688,ox_closely,closely,adverb,adverb,With little or no space or time in between,With little or no space or time in between,อย่างใกล้ชิด,อย่างใกล้ชิด,CORRECT,ถูกต้องตามหลักไวยากรณ์และความหมาย
689,ox_closet,closet,noun,noun,"A cupboard or wardrobe, especially one tall enough to walk into","A cupboard or wardrobe, especially one tall enough to walk into",ตู้เสื้อผ้า,ตู้เสื้อผ้า,CORRECT,ถูกต้องตามหลักไวยากรณ์และความหมาย
690,ox_cloth,cloth,noun,noun,"Woven or felted fabric made from wool, cotton, or a similar fiber","Woven or felted fabric made from wool, cotton, or a similar fiber",ผ้า,ผ้า,CORRECT,ถูกต้องตามหลักไวยากรณ์และความหมาย
691,ox_clothes,clothes,noun,noun,Items worn to cover the body,Items worn to cover the body,เสื้อผ้า,เสื้อผ้า,CORRECT,ถูกต้องตามหลักไวยากรณ์และความหมาย
692,ox_clothing,clothing,noun,noun,Items worn to cover the body,Items worn to cover the body,เสื้อผ้า,เสื้อผ้า,CORRECT,ถูกต้องตามหลักไวยากรณ์และความหมาย
693,ox_cloud,cloud,noun,noun,"A visible mass of condensed watery vapor floating in the atmosphere, typically high above the ground","A visible mass of condensed watery vapor floating in the atmosphere, typically high above the ground",คลาวด์,คลาวด์,CORRECT,ถูกต้องตามหลักไวยากรณ์และความหมาย
694,ox_club,club,noun,noun,An association dedicated to a particular interest or activity,An association dedicated to a particular interest or activity,สโมสร,สโมสร,CORRECT,ถูกต้องตามหลักไวยากรณ์และความหมาย
695,ox_coach,coach,noun,noun,a person who trains a sports team or individual,a person who trains a sports team or individual,โค้ช,โค้ช,CORRECT,ถูกต้องตามหลักไวยากรณ์และความหมาย
696,ox_coal,coal,noun,noun,A combustible black or dark brown rock consisting chiefly of carbonized plant matter,A combustible black or dark brown rock consisting chiefly of carbonized plant matter,ถ่านหิน,ถ่านหิน,CORRECT,ถูกต้องตามหลักไวยากรณ์และความหมาย
697,ox_coast,coast,noun,noun,The part of the land adjoining or near the sea,The part of the land adjoining or near the sea,ชายฝั่ง,ชายฝั่ง,CORRECT,ถูกต้องตามหลักไวยากรณ์และความหมาย
698,ox_coat,coat,noun,noun,"An outer garment worn outdoors, typically having sleeves and fastening down the front","An outer garment worn outdoors, typically having sleeves and fastening down the front",เสื้อโค้ท,เสื้อโค้ท,CORRECT,ถูกต้องตามหลักไวยากรณ์และความหมาย
699,ox_code,code,noun,noun,"A system of words, letters, figures, or symbols used to represent others, especially for the purposes of secrecy","A system of words, letters, figures, or symbols used to represent others, especially for the purposes of secrecy",รหัส,รหัส,CORRECT,ถูกต้องตามหลักไวยากรณ์และความหมาย
700,ox_coffee,coffee,noun,noun,A hot drink made from the roasted and ground seeds (coffee beans) of a tropical shrub,A hot drink made from the roasted and ground seeds (coffee beans) of a tropical shrub,กาแฟ,กาแฟ,CORRECT,ถูกต้องตามหลักไวยากรณ์และความหมาย
701,ox_coin,coin,noun,noun,"A flat, typically round piece of metal with an official stamp, used as money","A flat, typically round piece of metal with an official stamp, used as money",เหรียญ,เหรียญ,CORRECT,ถูกต้องตามหลักไวยากรณ์และความหมาย
702,ox_cold,cold,adjective,adjective,"Of or at a low or relatively low temperature, especially when compared with the temperature of the human body","Of or at a low or relatively low temperature, especially when compared with the temperature of the human body",เย็น,เย็น,CORRECT,ถูกต้องตามหลักไวยากรณ์และความหมาย
703,ox_coldly,coldly,adverb,adverb,In an unfriendly way; without emotion,In an unfriendly way; without emotion,หนาว,หนาว,CORRECT,ถูกต้องตามหลักไวยากรณ์และความหมาย
704,ox_collapse,collapse,verb,verb,Fall down or in; give way,Fall down or in; give way,ทรุด,ทรุด,CORRECT,ถูกต้องตามหลักไวยากรณ์และความหมาย
705,ox_colleague,colleague,noun,noun,A person with whom one works in a profession or business,A person with whom one works in a profession or business,เพื่อนร่วมงาน,เพื่อนร่วมงาน,CORRECT,ถูกต้องตามหลักไวยากรณ์และความหมาย
706,ox_collect,collect,verb,verb,"Bring or gather together (things, typically when scattered or widespread)","Bring or gather together (things, typically when scattered or widespread)",เก็บรวบรวม,เก็บรวบรวม,CORRECT,ถูกต้องตามหลักไวยากรณ์และความหมาย
707,ox_collection,collection,noun,noun,The action or process of collecting someone or something,The action or process of collecting someone or something,ของสะสม,ของสะสม,CORRECT,ถูกต้องตามหลักไวยากรณ์และความหมาย
708,ox_college,college,noun,noun,"An educational institution or establishment, in particular one providing higher education or specialized professional or vocational training","An educational institution or establishment, in particular one providing higher education or specialized professional or vocational training",วิทยาลัย,วิทยาลัย,CORRECT,ถูกต้องตามหลักไวยากรณ์และความหมาย
709,ox_colour,colour,noun,noun,The property possessed by an object of producing different sensations on the eye as a result of the way it reflects or emits light,The property possessed by an object of producing different sensations on the eye as a result of the way it reflects or emits light,สี,สี,CORRECT,ถูกต้องตามหลักไวยากรณ์และความหมาย
710,ox_coloured,coloured,adjective,adjective,"Having a colour or colours, especially as opposed to being black, white, or neutral","Having a colour or colours, especially as opposed to being black, white, or neutral",มีสี,มีสี,CORRECT,ถูกต้องตามหลักไวยากรณ์และความหมาย
711,ox_column,column,noun,noun,"An upright pillar, typically cylindrical, supporting an arch or other structure or standing alone as a monument","An upright pillar, typically cylindrical, supporting an arch or other structure or standing alone as a monument",คอลัมน์,คอลัมน์,CORRECT,ถูกต้องตามหลักไวยากรณ์และความหมาย
712,ox_combination,combination,noun,noun,A joining or merging of different parts or qualities in which the component elements are individually distinct,A joining or merging of different parts or qualities in which the component elements are individually distinct,การผสมผสาน,การผสมผสาน,CORRECT,ถูกต้องตามหลักไวยากรณ์และความหมาย
713,ox_combine,combine,verb,verb,Join or merge to form a single unit or substance,Join or merge to form a single unit or substance,รวมกัน,รวมกัน,CORRECT,ถูกต้องตามหลักไวยากรณ์และความหมาย
714,ox_come,come,verb,verb,Move or travel toward or into a place thought of as near or familiar to the speaker,Move or travel toward or into a place thought of as near or familiar to the speaker,มา,มา,CORRECT,ถูกต้องตามหลักไวยากรณ์และความหมาย
715,ox_come_across,come across,noun,phrasal verb,Meet or find by chance,to find or meet by chance; to produce a particular impression,บังเอิญพบ / ดูเหมือนเป็นคนอย่างไร,"บังเอิญพบ/เจอ, ดูเหมือนเป็นคนอย่างไร",MODIFIED,แก้ไขชนิดของคำ POS จาก noun เป็น phrasal verb
716,ox_come_down,come down,verb,phrasal verb,a phrasal verb meaning to come down,to fall or decrease in price/level; to land; (rain/snow) to fall heavily,ลงมา,"ตกลงมา, ลดลง (ราคา/ระดับ), (ฝน/หิมะ) ตกหนัก",MODIFIED,แทนที่คำนิยาม placeholder ภาษาอังกฤษ และปรับคำแปลไทยเดิม (ลงมา) ให้ครอบคลุม
717,ox_comedy,comedy,noun,noun,"Professional entertainment consisting of jokes and satirical sketches, intended to make an audience laugh","Professional entertainment consisting of jokes and satirical sketches, intended to make an audience laugh",ตลก,ตลก,CORRECT,ถูกต้องตามหลักไวยากรณ์และความหมาย
718,ox_come_from,come from,noun,phrasal verb,Originate from a place,"to originate in a particular place, family, or situation",มาจาก,"มาจาก, มีต้นกำเนิดจาก",MODIFIED,แก้ไขชนิดของคำ POS จาก noun เป็น phrasal verb
719,ox_come_in,come in,noun,phrasal verb,Enter,to enter a room or building; to arrive (train/plane/news),เข้ามา,"เข้ามา, มาถึง, ได้อันดับ",MODIFIED,แก้ไขชนิดของคำ POS จาก noun เป็น phrasal verb
720,ox_come_off,come off,noun,phrasal verb,Happen as a result,to become detached or fall off; to succeed; to take place,หลุดออก / ประสบความสำเร็จ,"หลุดออก, ประสบความสำเร็จตามแผน",MODIFIED,แก้ไขชนิดของคำ POS จาก noun เป็น phrasal verb
721,ox_come_on,come on,noun,phrasal verb,Start to arrive or happen,used to encourage someone; to start operating; to make progress,เร็วเข้า / เอาเถอะ / เริ่มขึ้น,"เร็วเข้า, เอาเถอะน่า, เริ่มทำงาน/เริ่มฉาย",MODIFIED,แก้ไขชนิดของคำ POS จาก noun เป็น phrasal verb
722,ox_come_out,come out,noun,phrasal verb,Become known or be revealed,to be published or released; to become known; to emerge,วางจำหน่าย / ปรากฏออกมา / เปิดตัว,"วางจำหน่าย, เปิดตัว, ปรากฏออกมา, ผลลัพธ์ออกมา",MODIFIED,แก้ไขชนิดของคำ POS จาก noun เป็น phrasal verb
723,ox_come_round,come round,noun,phrasal verb,Recover consciousness,to visit casually; to recover consciousness; to change one's opinion,แวะมาหา / ฟื้นคืนสติ / เปลี่ยนใจมาเห็นด้วย,"แวะมาหา, ฟื้นคืนสติ, เปลี่ยนใจมาเห็นด้วย",MODIFIED,แก้ไขชนิดของคำ POS จาก noun เป็น phrasal verb
724,ox_come_to,come to,noun,phrasal verb,Regain consciousness,to regain consciousness; to total a particular amount,ฟื้นคืนสติ / มีมูลค่ารวมถึง,"ฟื้นคืนสติ, รวมเป็นเงินทั้งหมด",MODIFIED,แก้ไขชนิดของคำ POS จาก noun เป็น phrasal verb
725,ox_come_up,come up,noun,phrasal verb,Move towards someone,to happen unexpectedly; to be mentioned; to approach,เกิดขึ้นกะทันหัน / ถูกหยิบยกขึ้นมาพูด,"เกิดขึ้นกะทันหัน, ถูกหยิบยกขึ้นมาพูด, เดินเข้ามาหา",MODIFIED,แก้ไขชนิดของคำ POS จาก noun เป็น phrasal verb
726,ox_come_up_to,come up to,noun,phrasal verb,Reach a particular level or amount,to approach someone; to reach an acceptable standard or expectation,เดินเข้ามาหา / เทียบเท่ามาตรฐาน,"เดินเข้ามาหา, เทียบเท่ามาตรฐาน/ได้ตามที่คาดหวัง",MODIFIED,แก้ไขชนิดของคำ POS จาก noun เป็น phrasal verb
727,ox_comfort,comfort,noun,noun,A state of physical ease and freedom from pain or constraint,A state of physical ease and freedom from pain or constraint,ปลอบโยน,ปลอบโยน,CORRECT,ถูกต้องตามหลักไวยากรณ์และความหมาย
728,ox_comfortable,comfortable,adjective,adjective,Providing physical ease and relaxation,Providing physical ease and relaxation,สะดวกสบาย,สะดวกสบาย,CORRECT,ถูกต้องตามหลักไวยากรณ์และความหมาย
729,ox_comfortably,comfortably,adverb,adverb,In a comfortable manner,In a comfortable manner,สบาย ๆ,สบาย ๆ,CORRECT,ถูกต้องตามหลักไวยากรณ์และความหมาย
730,ox_command,command,verb,verb,Give an authoritative order,Give an authoritative order,สั่งการ,สั่งการ,CORRECT,ถูกต้องตามหลักไวยากรณ์และความหมาย
731,ox_comment,comment,noun,noun,A verbal or written remark expressing an opinion or reaction,A verbal or written remark expressing an opinion or reaction,ความคิดเห็น,ความคิดเห็น,CORRECT,ถูกต้องตามหลักไวยากรณ์และความหมาย
732,ox_commercial,commercial,adjective,adjective,Making or intended to make a profit,Making or intended to make a profit,ทางการค้า,ทางการค้า,CORRECT,ถูกต้องตามหลักไวยากรณ์และความหมาย
733,ox_commission,commission,noun,noun,"An instruction, command, or duty given to a person or group of people","An instruction, command, or duty given to a person or group of people",คณะกรรมการ,คณะกรรมการ,CORRECT,ถูกต้องตามหลักไวยากรณ์และความหมาย
734,ox_commit,commit,verb,verb,"Carry out or perpetrate (a mistake, crime, or immoral act)","Carry out or perpetrate (a mistake, crime, or immoral act)",ให้สัญญา,ให้สัญญา,CORRECT,ถูกต้องตามหลักไวยากรณ์และความหมาย
735,ox_commitment,commitment,noun,noun,"The state or quality of being dedicated to a cause, activity, etc.","The state or quality of being dedicated to a cause, activity, etc.",ความมุ่งมั่น,ความมุ่งมั่น,CORRECT,ถูกต้องตามหลักไวยากรณ์และความหมาย
736,ox_committee,committee,noun,noun,A group of people appointed for a specific function by a larger group and typically consisting of members of that group,A group of people appointed for a specific function by a larger group and typically consisting of members of that group,คณะกรรมการ,คณะกรรมการ,CORRECT,ถูกต้องตามหลักไวยากรณ์และความหมาย
737,ox_common,common,adjective,adjective,"Occurring, found, or done often; prevalent","Occurring, found, or done often; prevalent",ทั่วไป,ทั่วไป,CORRECT,ถูกต้องตามหลักไวยากรณ์และความหมาย
738,ox_commonly,commonly,adverb,adverb,Very often; frequently,Very often; frequently,โดยทั่วไป,โดยทั่วไป,CORRECT,ถูกต้องตามหลักไวยากรณ์และความหมาย
739,ox_communicate,communicate,verb,verb,"Share or exchange information, news, or ideas","Share or exchange information, news, or ideas",สื่อสาร,สื่อสาร,CORRECT,ถูกต้องตามหลักไวยากรณ์และความหมาย
740,ox_communication,communication,noun,noun,The imparting or exchanging of information or news,The imparting or exchanging of information or news,การสื่อสาร,การสื่อสาร,CORRECT,ถูกต้องตามหลักไวยากรณ์และความหมาย
741,ox_community,community,noun,noun,A group of people living in the same place or having a particular characteristic in common,A group of people living in the same place or having a particular characteristic in common,ชุมชน,ชุมชน,CORRECT,ถูกต้องตามหลักไวยากรณ์และความหมาย
742,ox_company,company,noun,noun,A commercial business,A commercial business,บริษัท,บริษัท,CORRECT,ถูกต้องตามหลักไวยากรณ์และความหมาย
743,ox_compare,compare,verb,verb,"Estimate, measure, or note the similarity or dissimilarity between","Estimate, measure, or note the similarity or dissimilarity between",เปรียบเทียบ,เปรียบเทียบ,CORRECT,ถูกต้องตามหลักไวยากรณ์และความหมาย
744,ox_comparison,comparison,noun,noun,The act or instance of comparing,The act or instance of comparing,การเปรียบเทียบ,การเปรียบเทียบ,CORRECT,ถูกต้องตามหลักไวยากรณ์และความหมาย
745,ox_compete,compete,verb,verb,Strive to gain or win something by defeating or establishing superiority over others,Strive to gain or win something by defeating or establishing superiority over others,แข่งขัน,แข่งขัน,CORRECT,ถูกต้องตามหลักไวยากรณ์และความหมาย
746,ox_competition,competition,noun,noun,The activity or condition of striving to gain or win something by defeating or establishing superiority over others,The activity or condition of striving to gain or win something by defeating or establishing superiority over others,การแข่งขัน,การแข่งขัน,CORRECT,ถูกต้องตามหลักไวยากรณ์และความหมาย
747,ox_competitive,competitive,adjective,adjective,As good as or better than others of a comparable nature,As good as or better than others of a comparable nature,การแข่งขัน,การแข่งขัน,CORRECT,ถูกต้องตามหลักไวยากรณ์และความหมาย
748,ox_complain,complain,verb,verb,Express dissatisfaction or annoyance about something,Express dissatisfaction or annoyance about something,ร้องทุกข์,ร้องทุกข์,CORRECT,ถูกต้องตามหลักไวยากรณ์และความหมาย
749,ox_complaint,complaint,noun,noun,A statement that something is unsatisfactory or unacceptable,A statement that something is unsatisfactory or unacceptable,ร้องเรียน,ร้องเรียน,CORRECT,ถูกต้องตามหลักไวยากรณ์และความหมาย
750,ox_complete,complete,verb,verb,Having all the necessary or appropriate parts,Having all the necessary or appropriate parts,สมบูรณ์,สมบูรณ์,CORRECT,ถูกต้องตามหลักไวยากรณ์และความหมาย
751,ox_completely,completely,adverb,adverb,Totally; utterly,Totally; utterly,อย่างสมบูรณ์,อย่างสมบูรณ์,CORRECT,ถูกต้องตามหลักไวยากรณ์และความหมาย
752,ox_complex,complex,adjective,adjective,Consisting of many different and connected parts,Consisting of many different and connected parts,ซับซ้อน,ซับซ้อน,CORRECT,ถูกต้องตามหลักไวยากรณ์และความหมาย
753,ox_complicate,complicate,verb,verb,Make (something) more difficult or confusing by causing it to be more complex,Make (something) more difficult or confusing by causing it to be more complex,ซับซ้อน,ซับซ้อน,CORRECT,ถูกต้องตามหลักไวยากรณ์และความหมาย
754,ox_complicated,complicated,adjective,adjective,Consisting of many interconnecting parts or elements; intricate,Consisting of many interconnecting parts or elements; intricate,ที่ซับซ้อน,ที่ซับซ้อน,CORRECT,ถูกต้องตามหลักไวยากรณ์และความหมาย
755,ox_computer,computer,noun,noun,"An electronic device for storing and processing data, typically in binary form, according to instructions given to it in a variable program","An electronic device for storing and processing data, typically in binary form, according to instructions given to it in a variable program",คอมพิวเตอร์,คอมพิวเตอร์,CORRECT,ถูกต้องตามหลักไวยากรณ์และความหมาย
756,ox_concentrate,concentrate,verb,verb,Focus all one's attention on a particular object or activity,Focus all one's attention on a particular object or activity,สมาธิ,สมาธิ,CORRECT,ถูกต้องตามหลักไวยากรณ์และความหมาย
757,ox_concentrate_on,concentrate on,noun,phrasal verb,Focus all one's attention or mental effort on a particular object or activity,to direct all attention or effort towards a particular activity or subject,มีสมาธิกับ,"มีสมาธิจดจ่อกับ, มุ่งความสนใจไปที่",MODIFIED,แก้ไขชนิดของคำ POS จาก noun เป็น phrasal verb
758,ox_concentration,concentration,noun,noun,The action or power of focusing one's attention or mental effort,The action or power of focusing one's attention or mental effort,ความเข้มข้น,ความเข้มข้น,CORRECT,ถูกต้องตามหลักไวยากรณ์และความหมาย
759,ox_concern,concern,verb,verb,Relate to; be about,Relate to; be about,กังวล,กังวล,CORRECT,ถูกต้องตามหลักไวยากรณ์และความหมาย
760,ox_concerned,concerned,adjective,adjective,"Worried, troubled, or anxious","Worried, troubled, or anxious",น่ากังวล,น่ากังวล,CORRECT,ถูกต้องตามหลักไวยากรณ์และความหมาย
761,ox_concerning,concerning,preposition,preposition,On the subject of or in connection with; about,On the subject of or in connection with; about,เกี่ยวกับ,เกี่ยวกับ,CORRECT,ถูกต้องตามหลักไวยากรณ์และความหมาย
762,ox_concert,concert,noun,noun,"A musical performance given in public, typically by several performers or of several separate compositions","A musical performance given in public, typically by several performers or of several separate compositions",คอนเสิร์ต,คอนเสิร์ต,CORRECT,ถูกต้องตามหลักไวยากรณ์และความหมาย
763,ox_conclude,conclude,verb,verb,Bring (something) to an end,Bring (something) to an end,สรุป,สรุป,CORRECT,ถูกต้องตามหลักไวยากรณ์และความหมาย
764,ox_conclusion,conclusion,noun,noun,The end or finish of an event or process,The end or finish of an event or process,บทสรุป,บทสรุป,CORRECT,ถูกต้องตามหลักไวยากรณ์และความหมาย
765,ox_concrete,concrete,noun,noun,Existing in a material or physical form; not abstract,Existing in a material or physical form; not abstract,คอนกรีต,คอนกรีต,CORRECT,ถูกต้องตามหลักไวยากรณ์และความหมาย
766,ox_condition,condition,noun,noun,"The state of something with regard to its appearance, quality, or working order","The state of something with regard to its appearance, quality, or working order",เงื่อนไข,เงื่อนไข,CORRECT,ถูกต้องตามหลักไวยากรณ์และความหมาย
767,ox_conduct,conduct,verb,verb,Organize and carry out,Organize and carry out,จัดการ,จัดการ,CORRECT,ถูกต้องตามหลักไวยากรณ์และความหมาย
768,ox_conference,conference,noun,noun,A formal meeting for discussion,A formal meeting for discussion,การประชุม,การประชุม,CORRECT,ถูกต้องตามหลักไวยากรณ์และความหมาย
769,ox_confidence,confidence,noun,noun,The feeling or belief that one can rely on someone or something; firm trust,The feeling or belief that one can rely on someone or something; firm trust,ความมั่นใจ,ความมั่นใจ,CORRECT,ถูกต้องตามหลักไวยากรณ์และความหมาย
770,ox_confident,confident,adjective,adjective,Feeling or showing confidence in oneself; self-assured,Feeling or showing confidence in oneself; self-assured,มั่นใจ,มั่นใจ,CORRECT,ถูกต้องตามหลักไวยากรณ์และความหมาย
771,ox_confidently,confidently,adjective,adjective,Feeling or showing confidence in oneself; self-assured,Feeling or showing confidence in oneself; self-assured,อย่างมั่นใจ,อย่างมั่นใจ,CORRECT,ถูกต้องตามหลักไวยากรณ์และความหมาย
772,ox_confine,confine,verb,verb,"Keep or restrict someone or something within certain limits of (space, scope, quantity, or time)","Keep or restrict someone or something within certain limits of (space, scope, quantity, or time)",จำกัด,จำกัด,CORRECT,ถูกต้องตามหลักไวยากรณ์และความหมาย
773,ox_confined,confined,adjective,adjective,Restricted in area or volume; cramped,Restricted in area or volume; cramped,ถูกคุมขัง,ถูกคุมขัง,CORRECT,ถูกต้องตามหลักไวยากรณ์และความหมาย
774,ox_confirm,confirm,verb,verb,"Establish the truth or correctness of (something previously believed, suspected, or feared to be the case)","Establish the truth or correctness of (something previously believed, suspected, or feared to be the case)",ยืนยัน,ยืนยัน,CORRECT,ถูกต้องตามหลักไวยากรณ์และความหมาย
775,ox_conflict,conflict,noun,noun,"A serious disagreement or argument, typically a protracted one","A serious disagreement or argument, typically a protracted one",ขัดแย้ง,ขัดแย้ง,CORRECT,ถูกต้องตามหลักไวยากรณ์และความหมาย
776,ox_confront,confront,verb,verb,Face up to and deal with (a problem or difficult situation),Face up to and deal with (a problem or difficult situation),เผชิญหน้า,เผชิญหน้า,CORRECT,ถูกต้องตามหลักไวยากรณ์และความหมาย
777,ox_confuse,confuse,verb,verb,Cause (someone) to become bewildered or perplexed,Cause (someone) to become bewildered or perplexed,สับสน,สับสน,CORRECT,ถูกต้องตามหลักไวยากรณ์และความหมาย
778,ox_confused,confused,adjective,adjective,Unable to think clearly; bewildered,Unable to think clearly; bewildered,สับสน,สับสน,CORRECT,ถูกต้องตามหลักไวยากรณ์และความหมาย
779,ox_confusing,confusing,adjective,adjective,Bewildering or perplexing,Bewildering or perplexing,สับสน,สับสน,CORRECT,ถูกต้องตามหลักไวยากรณ์และความหมาย
780,ox_confusion,confusion,noun,noun,Lack of understanding; uncertainty,Lack of understanding; uncertainty,ความสับสน,ความสับสน,CORRECT,ถูกต้องตามหลักไวยากรณ์และความหมาย
781,ox_congratulate,congratulate,verb,verb,Give (someone) one's good wishes when something special or pleasant has happened to them,Give (someone) one's good wishes when something special or pleasant has happened to them,ขอแสดงความยินดี,ขอแสดงความยินดี,CORRECT,ถูกต้องตามหลักไวยากรณ์และความหมาย
782,ox_congratulation,congratulation,noun,noun,An expression of praise for an achievement or good wishes on a special occasion,An expression of praise for an achievement or good wishes on a special occasion,ขอแสดงความยินดี,ขอแสดงความยินดี,CORRECT,ถูกต้องตามหลักไวยากรณ์และความหมาย
783,ox_congress,congress,noun,noun,A formal meeting or assembly of representatives for discussion and action on particular matters,A formal meeting or assembly of representatives for discussion and action on particular matters,รัฐสภา,รัฐสภา,CORRECT,ถูกต้องตามหลักไวยากรณ์และความหมาย
784,ox_connect,connect,verb,verb,Bring together or into contact so that a real or notional link is established,Bring together or into contact so that a real or notional link is established,เชื่อมต่อ,เชื่อมต่อ,CORRECT,ถูกต้องตามหลักไวยากรณ์และความหมาย
785,ox_connected,connected,adjective,adjective,Brought together or into contact so that a link is established,Brought together or into contact so that a link is established,เชื่อมต่อแล้ว,เชื่อมต่อแล้ว,CORRECT,ถูกต้องตามหลักไวยากรณ์และความหมาย
786,ox_connection,connection,noun,noun,A relationship in which a person or thing is linked or associated with something else,A relationship in which a person or thing is linked or associated with something else,การเชื่อมต่อ,การเชื่อมต่อ,CORRECT,ถูกต้องตามหลักไวยากรณ์และความหมาย
787,ox_conscious,conscious,adjective,adjective,Aware of and responding to one's surroundings,Aware of and responding to one's surroundings,มีสติ / รู้สึกตัว,มีสติ / รู้สึกตัว,CORRECT,ถูกต้องตามหลักไวยากรณ์และความหมาย
788,ox_consequence,consequence,noun,noun,A result or effect of an action or condition,A result or effect of an action or condition,ผลที่ตามมา,ผลที่ตามมา,CORRECT,ถูกต้องตามหลักไวยากรณ์และความหมาย
789,ox_conservative,conservative,adjective,adjective,Holding to traditional attitudes and values and cautious about change or innovation,Holding to traditional attitudes and values and cautious about change or innovation,ซึ่งอนุรักษ์นิยม,ซึ่งอนุรักษ์นิยม,CORRECT,ถูกต้องตามหลักไวยากรณ์และความหมาย
790,ox_consider,consider,verb,verb,"Think carefully about (something), typically before making a decision","Think carefully about (something), typically before making a decision",พิจารณา,พิจารณา,CORRECT,ถูกต้องตามหลักไวยากรณ์และความหมาย
791,ox_considerable,considerable,adjective,adjective,"Notably large in size, amount, or extent","Notably large in size, amount, or extent",มาก,มาก,CORRECT,ถูกต้องตามหลักไวยากรณ์และความหมาย
792,ox_considerably,considerably,adverb,adverb,By a notably large amount or to a notably large extent; greatly,By a notably large amount or to a notably large extent; greatly,อย่างมาก,อย่างมาก,CORRECT,ถูกต้องตามหลักไวยากรณ์และความหมาย
793,ox_consideration,consideration,noun,noun,"Careful thought, typically over a period of time","Careful thought, typically over a period of time",การพิจารณา,การพิจารณา,CORRECT,ถูกต้องตามหลักไวยากรณ์และความหมาย
794,ox_consist,consist,verb,verb,Be composed or made up of,Be composed or made up of,ประกอบด้วย,ประกอบด้วย,CORRECT,ถูกต้องตามหลักไวยากรณ์และความหมาย
795,ox_consist_of,consist of,noun,phrasal verb,Be composed or made up of,to be formed or made up of particular things or people,ประกอบด้วย,"ประกอบด้วย, มีองค์ประกอบคือ",MODIFIED,แก้ไขชนิดของคำ POS จาก noun เป็น phrasal verb
796,ox_constant,constant,adjective,adjective,Occurring continuously over a period of time,Occurring continuously over a period of time,คงที่,คงที่,CORRECT,ถูกต้องตามหลักไวยากรณ์และความหมาย
797,ox_constantly,constantly,adverb,adverb,Continuously over a period of time; always,Continuously over a period of time; always,อย่างสม่ำเสมอ,อย่างสม่ำเสมอ,CORRECT,ถูกต้องตามหลักไวยากรณ์และความหมาย
798,ox_construct,construct,verb,verb,"Build or erect (something, typically a building, road, or machine)","Build or erect (something, typically a building, road, or machine)",สร้าง,สร้าง,CORRECT,ถูกต้องตามหลักไวยากรณ์และความหมาย
799,ox_construction,construction,noun,noun,"The action of building something, typically a large structure","The action of building something, typically a large structure",การก่อสร้าง,การก่อสร้าง,CORRECT,ถูกต้องตามหลักไวยากรณ์และความหมาย
800,ox_consult,consult,verb,verb,Seek information or advice from (someone with expertise in a particular area),Seek information or advice from (someone with expertise in a particular area),ปรึกษา,ปรึกษา,CORRECT,ถูกต้องตามหลักไวยากรณ์และความหมาย
801,ox_consumer,consumer,noun,noun,A person who purchases goods and services for personal use,A person who purchases goods and services for personal use,ผู้บริโภค,ผู้บริโภค,CORRECT,ถูกต้องตามหลักไวยากรณ์และความหมาย
802,ox_contact,contact,noun,noun,The state or condition of physical touching,The state or condition of physical touching,ติดต่อ,ติดต่อ,CORRECT,ถูกต้องตามหลักไวยากรณ์และความหมาย
803,ox_contain,contain,verb,verb,Have or hold (someone or something) within,Have or hold (someone or something) within,บรรจุ,บรรจุ,CORRECT,ถูกต้องตามหลักไวยากรณ์และความหมาย
804,ox_container,container,noun,noun,An object that can be used to hold or transport something,An object that can be used to hold or transport something,คอนเทนเนอร์,คอนเทนเนอร์,CORRECT,ถูกต้องตามหลักไวยากรณ์และความหมาย
805,ox_contemporary,contemporary,adjective,adjective,Living or occurring at the same time,Living or occurring at the same time,ร่วมสมัย,ร่วมสมัย,CORRECT,ถูกต้องตามหลักไวยากรณ์และความหมาย
806,ox_content_1,content 1,noun,noun,"the ideas, facts, or subjects dealt with in a piece of writing or speech","the subjects or topics covered in a book, speech, or website",เนื้อหา / สารบัญ,"เนื้อหา, สารบัญ",MODIFIED,ตรวจสอบความถูกต้อง
807,ox_contest,contest,noun,noun,"An event in which people compete for supremacy in a sport, activity, or particular quality","An event in which people compete for supremacy in a sport, activity, or particular quality",การประกวด,การประกวด,CORRECT,ถูกต้องตามหลักไวยากรณ์และความหมาย
808,ox_context,context,noun,noun,"The circumstances that form the setting for an event, statement, or idea, and in terms of which it can be fully understood and assessed","The circumstances that form the setting for an event, statement, or idea, and in terms of which it can be fully understood and assessed",บริบท,บริบท,CORRECT,ถูกต้องตามหลักไวยากรณ์และความหมาย
809,ox_continent,continent,noun,noun,"Any of the world's main continuous expanses of land (Europe, Asia, Africa, North and South America, Australia, Antarctica)","Any of the world's main continuous expanses of land (Europe, Asia, Africa, North and South America, Australia, Antarctica)",ทวีป,ทวีป,CORRECT,ถูกต้องตามหลักไวยากรณ์และความหมาย
810,ox_continue,continue,verb,verb,Persist in an activity or process,Persist in an activity or process,ดำเนินการต่อ,ดำเนินการต่อ,CORRECT,ถูกต้องตามหลักไวยากรณ์และความหมาย
811,ox_continuous,continuous,adjective,adjective,Forming an unbroken whole; without interruption,Forming an unbroken whole; without interruption,อย่างต่อเนื่อง,อย่างต่อเนื่อง,CORRECT,ถูกต้องตามหลักไวยากรณ์และความหมาย
812,ox_continuously,continuously,adverb,adverb,Without interruption or gaps,Without interruption or gaps,อย่างต่อเนื่อง,อย่างต่อเนื่อง,CORRECT,ถูกต้องตามหลักไวยากรณ์และความหมาย
813,ox_contract,contract,noun,noun,"A written or spoken agreement, especially one concerning employment, sales, or tenancy, that is intended to be enforceable by law","A written or spoken agreement, especially one concerning employment, sales, or tenancy, that is intended to be enforceable by law",สัญญา,สัญญา,CORRECT,ถูกต้องตามหลักไวยากรณ์และความหมาย
814,ox_contrast,contrast,noun,noun,The state of being strikingly different from something else in juxtaposition or close association,The state of being strikingly different from something else in juxtaposition or close association,ตัดกัน,ตัดกัน,CORRECT,ถูกต้องตามหลักไวยากรณ์และความหมาย
815,ox_contrasting,contrasting,adjective,adjective,Differing strikingly,Differing strikingly,ตัดกัน,ตัดกัน,CORRECT,ถูกต้องตามหลักไวยากรณ์และความหมาย
816,ox_contribute,contribute,verb,verb,"Give (something, especially money) in order to help achieve or provide something","Give (something, especially money) in order to help achieve or provide something",มีส่วนช่วย,มีส่วนช่วย,CORRECT,ถูกต้องตามหลักไวยากรณ์และความหมาย
817,ox_contribution,contribution,noun,noun,A gift or payment to a common fund or collection,A gift or payment to a common fund or collection,ผลงาน,ผลงาน,CORRECT,ถูกต้องตามหลักไวยากรณ์และความหมาย
818,ox_control,control,noun,noun,The power to influence or direct people's behavior or the course of events,The power to influence or direct people's behavior or the course of events,ควบคุม,ควบคุม,CORRECT,ถูกต้องตามหลักไวยากรณ์และความหมาย
819,ox_controlled,controlled,adjective,adjective,Determined by someone in authority to be such,Determined by someone in authority to be such,ควบคุม,ควบคุม,CORRECT,ถูกต้องตามหลักไวยากรณ์และความหมาย
820,ox_convenient,convenient,adjective,adjective,"Fitting in well with a person's needs, activities, and plans","Fitting in well with a person's needs, activities, and plans",สะดวก,สะดวก,CORRECT,ถูกต้องตามหลักไวยากรณ์และความหมาย
821,ox_convention,convention,noun,noun,"A way in which something is usually done, especially within a particular area or activity","A way in which something is usually done, especially within a particular area or activity",การประชุม,การประชุม,CORRECT,ถูกต้องตามหลักไวยากรณ์และความหมาย
822,ox_conventional,conventional,adjective,adjective,Based on or in accordance with what is generally done or believed,Based on or in accordance with what is generally done or believed,ธรรมดา,ธรรมดา,CORRECT,ถูกต้องตามหลักไวยากรณ์และความหมาย
823,ox_conversation,conversation,noun,noun,"A talk, especially an informal one, between two or more people, in which news and ideas are exchanged","A talk, especially an informal one, between two or more people, in which news and ideas are exchanged",การสนทนา,การสนทนา,CORRECT,ถูกต้องตามหลักไวยากรณ์และความหมาย
824,ox_convert,convert,verb,verb,"Change the form, character, or function of something","Change the form, character, or function of something",แปลง,แปลง,CORRECT,ถูกต้องตามหลักไวยากรณ์และความหมาย
825,ox_convince,convince,verb,verb,Cause (someone) to believe firmly in the truth of something,Cause (someone) to believe firmly in the truth of something,โน้มน้าวใจ,โน้มน้าวใจ,CORRECT,ถูกต้องตามหลักไวยากรณ์และความหมาย
826,ox_cook,cook,verb,verb,"Prepare (food, a dish, or a meal) by combining and heating the ingredients","Prepare (food, a dish, or a meal) by combining and heating the ingredients",ทำอาหาร,ทำอาหาร,CORRECT,ถูกต้องตามหลักไวยากรณ์และความหมาย
827,ox_cooker,cooker,noun,noun,A person employed to prepare food in a restaurant,A person employed to prepare food in a restaurant,หม้อหุงข้าว,หม้อหุงข้าว,CORRECT,ถูกต้องตามหลักไวยากรณ์และความหมาย
828,ox_cookie,cookie,noun,noun,"A small flat, sweet cake","A small flat, sweet cake",คุกกี้,คุกกี้,CORRECT,ถูกต้องตามหลักไวยากรณ์และความหมาย
829,ox_cooking,cooking,noun,noun,"The practice or skill of preparing food by combining, mixing, and heating ingredients","The practice or skill of preparing food by combining, mixing, and heating ingredients",การทำอาหาร,การทำอาหาร,CORRECT,ถูกต้องตามหลักไวยากรณ์และความหมาย
830,ox_cool,cool,adjective,adjective,Of or at a fairly low temperature,Of or at a fairly low temperature,เย็น,เย็น,CORRECT,ถูกต้องตามหลักไวยากรณ์และความหมาย
831,ox_cool_down,cool down,noun,phrasal verb,Become less hot,to become cooler or less warm; to calm down after anger or excitement,ใจเย็นลง / คลายความร้อน,"คลายความร้อน, ใจเย็นลง, คูลดาวน์หลังออกกำลังกาย",MODIFIED,แก้ไขชนิดของคำ POS จาก noun เป็น phrasal verb
832,ox_cope,cope,verb,verb,Deal effectively with something difficult,Deal effectively with something difficult,รับมือ,รับมือ,CORRECT,ถูกต้องตามหลักไวยากรณ์และความหมาย
833,ox_copy,copy,noun,noun,A thing made to be similar or identical to another,A thing made to be similar or identical to another,สำเนา,สำเนา,CORRECT,ถูกต้องตามหลักไวยากรณ์และความหมาย
834,ox_core,core,noun,noun,The central or most important part of something,The central or most important part of something,แกนกลาง,แกนกลาง,CORRECT,ถูกต้องตามหลักไวยากรณ์และความหมาย
835,ox_corner,corner,noun,noun,A place or angle where two or more sides or edges meet,A place or angle where two or more sides or edges meet,มุม,มุม,CORRECT,ถูกต้องตามหลักไวยากรณ์และความหมาย
836,ox_correct,correct,adjective,adjective,Free from error; in accordance with fact or truth,Free from error; in accordance with fact or truth,ถูกต้อง,ถูกต้อง,CORRECT,ถูกต้องตามหลักไวยากรณ์และความหมาย
837,ox_correctly,correctly,adverb,adverb,In a way that is free from error or in accordance with fact or truth,In a way that is free from error or in accordance with fact or truth,อย่างถูกต้อง / แม่นยำ,อย่างถูกต้อง / แม่นยำ,CORRECT,ถูกต้องตามหลักไวยากรณ์และความหมาย
838,ox_cost,cost,noun,noun,An amount that has to be paid or spent to buy or obtain something,An amount that has to be paid or spent to buy or obtain something,ค่าใช้จ่าย,ค่าใช้จ่าย,CORRECT,ถูกต้องตามหลักไวยากรณ์และความหมาย
839,ox_cottage,cottage,noun,noun,"A small simple house, typically one near a lake or beach","A small simple house, typically one near a lake or beach",กระท่อม,กระท่อม,CORRECT,ถูกต้องตามหลักไวยากรณ์และความหมาย
840,ox_cotton,cotton,noun,noun,A soft white fibrous substance that surrounds the seeds of the cotton plant and is used as textile fiber and thread for sewing,A soft white fibrous substance that surrounds the seeds of the cotton plant and is used as textile fiber and thread for sewing,ฝ้าย,ฝ้าย,CORRECT,ถูกต้องตามหลักไวยากรณ์และความหมาย
841,ox_cough,cough,verb,verb,Expel air from the lungs with a sudden sharp sound,"to expel air from the lungs with a sudden sharp, hacking sound",ไอ,"ไอ, ส่งเสียงไอ",MODIFIED,ปรับคำแปลไทยให้เป็นธรรมชาติ
842,ox_coughing,coughing,verb,noun,Expel air from the lungs with a sudden sharp sound,the act or sound of expelling air loudly from the lungs,ไอ,"อาการไอ, การไอ",MODIFIED,แก้ไขชนิดของคำ POS จาก verb เป็น noun และปรับคำแปลไทย
843,ox_could,could,verb,verb,"Past form of can, used to indicate possibility","Past form of can, used to indicate possibility",สามารถ,สามารถ,CORRECT,ถูกต้องตามหลักไวยากรณ์และความหมาย
844,ox_council,council,noun,noun,"An advisory, deliberative, or legislative body of people formally constituted and meeting regularly","An advisory, deliberative, or legislative body of people formally constituted and meeting regularly",สภา,สภา,CORRECT,ถูกต้องตามหลักไวยากรณ์และความหมาย
845,ox_count,count,verb,verb,Determine the total number of (a collection of items),Determine the total number of (a collection of items),นับ,นับ,CORRECT,ถูกต้องตามหลักไวยากรณ์และความหมาย
846,ox_counter,counter,noun,noun,A long flat-topped fixture in a store or bank across which business is conducted with customers,A long flat-topped fixture in a store or bank across which business is conducted with customers,เคาน์เตอร์,เคาน์เตอร์,CORRECT,ถูกต้องตามหลักไวยากรณ์และความหมาย
847,ox_count_on,count on,noun,phrasal verb,Rely on,to rely or depend on someone or something,พึ่งพา / ไว้วางใจ,"พึ่งพา, ไว้วางใจ, วางใจได้",MODIFIED,แก้ไขชนิดของคำ POS จาก noun เป็น phrasal verb
848,ox_country,country,noun,noun,"A nation with its own government, occupying a particular territory","A nation with its own government, occupying a particular territory",ประเทศ,ประเทศ,CORRECT,ถูกต้องตามหลักไวยากรณ์และความหมาย
849,ox_countryside,countryside,noun,noun,The land and scenery of a rural area,The land and scenery of a rural area,ชนบท,ชนบท,CORRECT,ถูกต้องตามหลักไวยากรณ์และความหมาย
850,ox_county,county,noun,noun,"A territorial division of some countries, forming the chief unit of local administration","A territorial division of some countries, forming the chief unit of local administration",เขต,เขต,CORRECT,ถูกต้องตามหลักไวยากรณ์และความหมาย
851,ox_couple,couple,noun,noun,Two individuals of the same sort considered together,Two individuals of the same sort considered together,คู่,คู่,CORRECT,ถูกต้องตามหลักไวยากรณ์และความหมาย
852,ox_courage,courage,noun,noun,The ability to do something that frightens one; bravery,The ability to do something that frightens one; bravery,ความกล้าหาญ,ความกล้าหาญ,CORRECT,ถูกต้องตามหลักไวยากรณ์และความหมาย
853,ox_course,course,noun,noun,"The route or direction followed by a ship, aircraft, road, or river","The route or direction followed by a ship, aircraft, road, or river",คอร์ส,คอร์ส,CORRECT,ถูกต้องตามหลักไวยากรณ์และความหมาย
854,ox_court,court,noun,noun,"A tribunal presided over by a judge, judges, or a magistrate in civil and criminal cases","A tribunal presided over by a judge, judges, or a magistrate in civil and criminal cases",ศาล,ศาล,CORRECT,ถูกต้องตามหลักไวยากรณ์และความหมาย
855,ox_cousin,cousin,noun,noun,A child of one's uncle or aunt,A child of one's uncle or aunt,ลูกพี่ลูกน้อง,ลูกพี่ลูกน้อง,CORRECT,ถูกต้องตามหลักไวยากรณ์และความหมาย
856,ox_cover,cover,verb,verb,Put something such as a cloth or lid on top of or in front of (something) in order to protect or conceal it,Put something such as a cloth or lid on top of or in front of (something) in order to protect or conceal it,ปิดบัง,ปิดบัง,CORRECT,ถูกต้องตามหลักไวยากรณ์และความหมาย
857,ox_covered,covered,adjective,adjective,Having a covering,Having a covering,ครอบคลุม,ครอบคลุม,CORRECT,ถูกต้องตามหลักไวยากรณ์และความหมาย
858,ox_covering,covering,noun,noun,The action or fact of covering something,The action or fact of covering something,ครอบคลุม,ครอบคลุม,CORRECT,ถูกต้องตามหลักไวยากรณ์และความหมาย
859,ox_cover_up,cover up,noun,phrasal verb,Conceal something illicit or damaging,"to conceal or hide a mistake, crime, or damaging fact",ปกปิดความจริง / ซ่อนความผิด,"ปกปิดความจริง, ซ่อนความผิด/ปกปิดเรื่องอื้อฉาว",MODIFIED,แก้ไขชนิดของคำ POS จาก noun เป็น phrasal verb
860,ox_cow,cow,noun,noun,"A fully grown female animal of a domesticated breed of ox, kept to produce milk or beef","A fully grown female animal of a domesticated breed of ox, kept to produce milk or beef",วัว,วัว,CORRECT,ถูกต้องตามหลักไวยากรณ์และความหมาย
861,ox_crack,crack,noun,noun,A line on the surface of something along which it has split without breaking apart,A line on the surface of something along which it has split without breaking apart,แตก,แตก,CORRECT,ถูกต้องตามหลักไวยากรณ์และความหมาย
862,ox_cracked,cracked,adjective,adjective,Damaged and showing lines on the surface from having split without coming apart,Damaged and showing lines on the surface from having split without coming apart,แตก,แตก,CORRECT,ถูกต้องตามหลักไวยากรณ์และความหมาย
863,ox_craft,craft,noun,noun,An activity involving skill in making things by hand,An activity involving skill in making things by hand,งานฝีมือ,งานฝีมือ,CORRECT,ถูกต้องตามหลักไวยากรณ์และความหมาย
864,ox_crash,crash,verb,verb,"A violent collision, typically of one vehicle with another or an object",to collide violently with an obstacle or other vehicle,ชน,"พุ่งชน, ชนประสานงา, ตก (เครื่องบิน)",MODIFIED,"ขยายคำแปลไทยจาก ""ชน"" ให้ชัดเจน"
865,ox_crazy,crazy,adjective,adjective,"Mentally deranged, especially as manifested in a wild or aggressive way","Mentally deranged, especially as manifested in a wild or aggressive way",คลั่งไคล้,คลั่งไคล้,CORRECT,ถูกต้องตามหลักไวยากรณ์และความหมาย
866,ox_cream,cream,noun,noun,The thick white or pale yellow fatty liquid which rises to the top when milk is left to stand and which can be skimmed off and used in cooking,The thick white or pale yellow fatty liquid which rises to the top when milk is left to stand and which can be skimmed off and used in cooking,ครีม,ครีม,CORRECT,ถูกต้องตามหลักไวยากรณ์และความหมาย
867,ox_create,create,verb,verb,Bring (something) into existence,Bring (something) into existence,สร้าง,สร้าง,CORRECT,ถูกต้องตามหลักไวยากรณ์และความหมาย
868,ox_creature,creature,noun,noun,"An animal, as distinct from a human being","An animal, as distinct from a human being",สิ่งมีชีวิต,สิ่งมีชีวิต,CORRECT,ถูกต้องตามหลักไวยากรณ์และความหมาย
869,ox_credit,credit,noun,noun,"The ability of a customer to obtain goods or services before payment, based on the trust that payment will be made in the future","The ability of a customer to obtain goods or services before payment, based on the trust that payment will be made in the future",เครดิต,เครดิต,CORRECT,ถูกต้องตามหลักไวยากรณ์และความหมาย
870,ox_credit_card,credit card,noun,noun,"A small plastic card issued by a bank, business, etc., allowing the holder to purchase goods or services on credit",a small plastic card used to make purchases on credit,บัตรเครดิต,บัตรเครดิต,MODIFIED,ตรวจสอบความถูกต้อง
871,ox_crime,crime,noun,noun,An action or omission that constitutes an offense that may be prosecuted by the state and is punishable by law,An action or omission that constitutes an offense that may be prosecuted by the state and is punishable by law,อาชญากรรม,อาชญากรรม,CORRECT,ถูกต้องตามหลักไวยากรณ์และความหมาย
872,ox_criminal,criminal,noun,noun,A person who has committed a crime,A person who has committed a crime,อาชญากร,อาชญากร,CORRECT,ถูกต้องตามหลักไวยากรณ์และความหมาย
873,ox_crisis,crisis,noun,noun,"A time of intense difficulty, trouble, or danger","A time of intense difficulty, trouble, or danger",วิกฤติ,วิกฤติ,CORRECT,ถูกต้องตามหลักไวยากรณ์และความหมาย
874,ox_crisp,crisp,adjective,adjective,"Firm, dry, and brittle, especially in a way considered pleasing or attractive","Firm, dry, and brittle, especially in a way considered pleasing or attractive",กรอบ,กรอบ,CORRECT,ถูกต้องตามหลักไวยากรณ์และความหมาย
875,ox_criterion,criterion,noun,noun,A principle or standard by which something may be judged or decided,A principle or standard by which something may be judged or decided,เกณฑ์,เกณฑ์,CORRECT,ถูกต้องตามหลักไวยากรณ์และความหมาย
876,ox_critical,critical,adjective,adjective,Expressing adverse or disapproving comments or judgments,Expressing adverse or disapproving comments or judgments,วิกฤต,วิกฤต,CORRECT,ถูกต้องตามหลักไวยากรณ์และความหมาย
877,ox_criticism,criticism,noun,noun,The expression of disapproval of someone or something based on perceived faults or mistakes,The expression of disapproval of someone or something based on perceived faults or mistakes,การวิพากษ์วิจารณ์,การวิพากษ์วิจารณ์,CORRECT,ถูกต้องตามหลักไวยากรณ์และความหมาย
878,ox_criticize,criticize,verb,verb,Indicate the faults of (someone or something) in a disapproving way,Indicate the faults of (someone or something) in a disapproving way,วิพากษ์วิจารณ์,วิพากษ์วิจารณ์,CORRECT,ถูกต้องตามหลักไวยากรณ์และความหมาย
879,ox_crop,crop,noun,noun,"A cultivated plant that is grown as food, especially a grain, fruit, or vegetable","A cultivated plant that is grown as food, especially a grain, fruit, or vegetable",ครอบตัด,ครอบตัด,CORRECT,ถูกต้องตามหลักไวยากรณ์และความหมาย
880,ox_cross,cross,verb,verb,"Go or extend across or to the other side of (a path, road, stretch of water, or area)","Go or extend across or to the other side of (a path, road, stretch of water, or area)",ข้าม,ข้าม,CORRECT,ถูกต้องตามหลักไวยากรณ์และความหมาย
881,ox_cross_out,cross out,noun,phrasal verb,Draw a line through (something written) so as to make it no longer readable,to draw a line through something written to remove or cancel it,ขีดฆ่า / กากบาททิ้ง,"ขีดฆ่า, กากบาททิ้ง",MODIFIED,แก้ไขชนิดของคำ POS จาก noun เป็น phrasal verb
882,ox_crowd,crowd,noun,noun,A large number of people gathered together in a disorganized or unruly way,A large number of people gathered together in a disorganized or unruly way,ฝูงชน,ฝูงชน,CORRECT,ถูกต้องตามหลักไวยากรณ์และความหมาย
883,ox_crowded,crowded,adjective,adjective,Having a large number of people in a small area,Having a large number of people in a small area,แออัด,แออัด,CORRECT,ถูกต้องตามหลักไวยากรณ์และความหมาย
884,ox_crown,crown,noun,noun,"A circular ornamental headdress worn by a monarch as a symbol of authority, usually made of or decorated with precious metals and jewels","A circular ornamental headdress worn by a monarch as a symbol of authority, usually made of or decorated with precious metals and jewels",มงกุฎ,มงกุฎ,CORRECT,ถูกต้องตามหลักไวยากรณ์และความหมาย
885,ox_crucial,crucial,adjective,adjective,"Decisive or critical, especially in the success or failure of something","Decisive or critical, especially in the success or failure of something",สำคัญ,สำคัญ,CORRECT,ถูกต้องตามหลักไวยากรณ์และความหมาย
886,ox_cruel,cruel,adjective,adjective,"Wilfully causing pain or suffering to others, or feeling no concern about it","Wilfully causing pain or suffering to others, or feeling no concern about it",โหดร้าย,โหดร้าย,CORRECT,ถูกต้องตามหลักไวยากรณ์และความหมาย
887,ox_crush,crush,verb,verb,"Deform, pulverize, or force inwards by compressing forcefully","Deform, pulverize, or force inwards by compressing forcefully",บดขยี้,บดขยี้,CORRECT,ถูกต้องตามหลักไวยากรณ์และความหมาย
888,ox_cry,cry,verb,verb,"Shed tears, typically as an expression of distress, pain, or sorrow","Shed tears, typically as an expression of distress, pain, or sorrow",ร้องไห้,ร้องไห้,CORRECT,ถูกต้องตามหลักไวยากรณ์และความหมาย
889,ox_cry_out,cry out,noun,phrasal verb,"Shout or scream, especially to express strong emotion or pain","to shout or scream loudly because of pain, fear, or surprise",ส่งเสียงร้องตะโกน (ด้วยความเจ็บปวดหรือตกใจ),ร้องตะโกน (ด้วยความเจ็บปวด/ตกใจ),MODIFIED,แก้ไขชนิดของคำ POS จาก noun เป็น phrasal verb
890,ox_cultural,cultural,adjective,adjective,"Relating to the ideas, customs, and social behavior of a society","Relating to the ideas, customs, and social behavior of a society",ทางวัฒนธรรม,ทางวัฒนธรรม,CORRECT,ถูกต้องตามหลักไวยากรณ์และความหมาย
891,ox_culture,culture,noun,noun,The arts and other manifestations of human intellectual achievement regarded collectively,The arts and other manifestations of human intellectual achievement regarded collectively,วัฒนธรรม,วัฒนธรรม,CORRECT,ถูกต้องตามหลักไวยากรณ์และความหมาย
892,ox_cup,cup,noun,noun,"A small bowl-shaped container for drinking from, typically having a handle","A small bowl-shaped container for drinking from, typically having a handle",ถ้วย,ถ้วย,CORRECT,ถูกต้องตามหลักไวยากรณ์และความหมาย
893,ox_cupboard,cupboard,noun,noun,"A cabinet or small recess with a door and typically shelves, used for storage","A cabinet or small recess with a door and typically shelves, used for storage",ตู้,ตู้,CORRECT,ถูกต้องตามหลักไวยากรณ์และความหมาย
894,ox_curb,curb,verb,verb,to control or limit something,to control or limit something,ควบคุม / ชะลอ / ขอบทางเท้า,ควบคุม / ชะลอ / ขอบทางเท้า,CORRECT,ถูกต้องตามหลักไวยากรณ์และความหมาย
895,ox_cure,cure,verb,verb,Relieve (a person or animal) of the symptoms of a disease or condition,Relieve (a person or animal) of the symptoms of a disease or condition,รักษา,รักษา,CORRECT,ถูกต้องตามหลักไวยากรณ์และความหมาย
896,ox_curious,curious,adjective,adjective,Eager to know or learn something,Eager to know or learn something,อยากรู้,อยากรู้,CORRECT,ถูกต้องตามหลักไวยากรณ์และความหมาย
897,ox_curiously,curiously,adverb,adverb,In a manner showing eager interest or wanting to know,In a manner showing eager interest or wanting to know,อยากรู้อยากเห็น,อยากรู้อยากเห็น,CORRECT,ถูกต้องตามหลักไวยากรณ์และความหมาย
898,ox_curl,curl,verb,verb,Form or cause to form into a curved or spiral shape,"to form or cause to form into a curved, coiled, or spiral shape",ขด,"ม้วน, ขด, ดัดลอน (ผม)",MODIFIED,"ขยายคำแปลไทยจาก ""ขด"" เป็น ""ม้วน, ขด, ดัดลอน"""
899,ox_curl_up,curl up,noun,phrasal verb,Sit or lie with the knees drawn up,to sit or lie with the knees pulled up close to the chest; to roll into a ball,ขดตัว,"นอนขดตัว, ม้วนงอ",MODIFIED,แก้ไขชนิดของคำ POS จาก noun เป็น phrasal verb
900,ox_curly,curly,adjective,adjective,"Having a twisted, ring, or spiral shape","Having a twisted, ring, or spiral shape",หยิกงอ,หยิกงอ,CORRECT,ถูกต้องตามหลักไวยากรณ์และความหมาย
901,ox_current,current,adjective,adjective,Belonging to the present time; happening or being used or done now,Belonging to the present time; happening or being used or done now,ปัจจุบัน,ปัจจุบัน,CORRECT,ถูกต้องตามหลักไวยากรณ์และความหมาย
902,ox_currently,currently,adverb,adverb,At the present time,At the present time,ตอนนี้,ตอนนี้,CORRECT,ถูกต้องตามหลักไวยากรณ์และความหมาย
903,ox_curtain,curtain,noun,noun,"A piece of material suspended at the top to form a screen, typically movable sideways along a rail and found as one of a pair at a window","A piece of material suspended at the top to form a screen, typically movable sideways along a rail and found as one of a pair at a window",ม่าน,ม่าน,CORRECT,ถูกต้องตามหลักไวยากรณ์และความหมาย
904,ox_curve,curve,noun,noun,A line or outline which gradually deviates from being straight for some or all of its length,A line or outline which gradually deviates from being straight for some or all of its length,เส้นโค้ง,เส้นโค้ง,CORRECT,ถูกต้องตามหลักไวยากรณ์และความหมาย
905,ox_curved,curved,adjective,adjective,Having a round or smoothly bending shape,Having a round or smoothly bending shape,โค้ง,โค้ง,CORRECT,ถูกต้องตามหลักไวยากรณ์และความหมาย
906,ox_custom,custom,noun,noun,"A traditional and widely accepted way of behaving or doing something that is specific to a particular society, place, or time","A traditional and widely accepted way of behaving or doing something that is specific to a particular society, place, or time",กำหนดเอง,กำหนดเอง,CORRECT,ถูกต้องตามหลักไวยากรณ์และความหมาย
907,ox_customer,customer,noun,noun,A person who buys goods or services from a shop or business,A person who buys goods or services from a shop or business,ลูกค้า,ลูกค้า,CORRECT,ถูกต้องตามหลักไวยากรณ์และความหมาย
908,ox_customs,customs,noun,noun,The official department that administers and collects the duties levied by a government on imported goods,The official department that administers and collects the duties levied by a government on imported goods,ศุลกากร,ศุลกากร,CORRECT,ถูกต้องตามหลักไวยากรณ์และความหมาย
909,ox_cut,cut,verb,verb,"Make an opening, incision, or wound in (something) with a sharp-edged tool or object","Make an opening, incision, or wound in (something) with a sharp-edged tool or object",ตัด,ตัด,CORRECT,ถูกต้องตามหลักไวยากรณ์และความหมาย
910,ox_cut_back,cut back,noun,phrasal verb,Reduce the amount or quantity of,"to reduce the amount, size, or number of something, especially expenditure",ลดทอนลง (งบประมาณ/การใช้จ่าย),"ลดทอน (ค่าใช้จ่าย/งบประมาณ), ตัดทอนลง",MODIFIED,แก้ไขชนิดของคำ POS จาก noun เป็น phrasal verb
911,ox_cut_down,cut down,noun,phrasal verb,Cause to fall by cutting,to reduce the amount or consumption of something; to fell a tree,ลดปริมาณลง / โค่นต้นไม้,"ลดปริมาณลง (อาหาร/การใช้), โค่นต้นไม้",MODIFIED,แก้ไขชนิดของคำ POS จาก noun เป็น phrasal verb
912,ox_cut_off,cut off,noun,phrasal verb,Remove something by or as if by cutting,to disconnect or stop the supply of water/electricity; to isolate,ตัดขาด (ไฟฟ้า/น้ำ/การติดต่อ),"ตัดขาด (น้ำ/ไฟ/สัญญาณ), ตัดบทสนทนา, โดดเดี่ยว",MODIFIED,แก้ไขชนิดของคำ POS จาก noun เป็น phrasal verb
913,ox_cut_out,cut out,noun,phrasal verb,"Remove, exclude, or stop doing something",to remove by cutting; to stop doing or eating something,ตัดออก / เลิกกินหรือเลิกทำ,"ตัดออก, งดกิน/เลิกทำสิ่งที่ไม่ดี",MODIFIED,แก้ไขชนิดของคำ POS จาก noun เป็น phrasal verb
914,ox_cut_up,cut up,noun,phrasal verb,Cut something into smaller pieces,to cut something into smaller pieces with a knife or scissors,หั่นเป็นชิ้นเล็กๆ,หั่น/ตัดเป็นชิ้นเล็กๆ,MODIFIED,แก้ไขชนิดของคำ POS จาก noun เป็น phrasal verb
915,ox_cycle,cycle,noun,noun,A series of events that are regularly repeated in the same order,A series of events that are regularly repeated in the same order,วงจร,วงจร,CORRECT,ถูกต้องตามหลักไวยากรณ์และความหมาย
916,ox_cycling,cycling,noun,noun,A series of events that are regularly repeated in the same order,A series of events that are regularly repeated in the same order,การปั่นจักรยาน,การปั่นจักรยาน,CORRECT,ถูกต้องตามหลักไวยากรณ์และความหมาย
917,ox_dad,dad,noun,noun,"a person’s father, used informally","a person’s father, used informally",พ่อ,พ่อ,CORRECT,ถูกต้องตามหลักไวยากรณ์และความหมาย
918,ox_daily,daily,adjective,adjective,"Happening, done, or produced every day","Happening, done, or produced every day",รายวัน,รายวัน,CORRECT,ถูกต้องตามหลักไวยากรณ์และความหมาย
919,ox_damage,damage,noun,noun,"Physical harm that impairs the value, usefulness, or normal function of something","Physical harm that impairs the value, usefulness, or normal function of something",ความเสียหาย,ความเสียหาย,CORRECT,ถูกต้องตามหลักไวยากรณ์และความหมาย
920,ox_damp,damp,adjective,adjective,Slightly wet,Slightly wet,ชื้น,ชื้น,CORRECT,ถูกต้องตามหลักไวยากรณ์และความหมาย
921,ox_dance,dance,verb,verb,"Move rhythmically to music, typically following a set sequence of steps","Move rhythmically to music, typically following a set sequence of steps",เต้นรำ,เต้นรำ,CORRECT,ถูกต้องตามหลักไวยากรณ์และความหมาย
922,ox_dancer,dancer,noun,noun,A person who dances or whose profession is dancing,A person who dances or whose profession is dancing,นักเต้น,นักเต้น,CORRECT,ถูกต้องตามหลักไวยากรณ์และความหมาย
923,ox_dancing,dancing,noun,noun,The activity of dancing for pleasure or as a profession,The activity of dancing for pleasure or as a profession,การเต้นรำ,การเต้นรำ,CORRECT,ถูกต้องตามหลักไวยากรณ์และความหมาย
924,ox_danger,danger,noun,noun,The possibility of suffering harm or injury,The possibility of suffering harm or injury,อันตราย,อันตราย,CORRECT,ถูกต้องตามหลักไวยากรณ์และความหมาย
925,ox_dangerous,dangerous,adjective,adjective,Able or likely to cause harm or injury,Able or likely to cause harm or injury,อันตราย,อันตราย,CORRECT,ถูกต้องตามหลักไวยากรณ์และความหมาย
926,ox_dare,dare,verb,verb,Have the courage to do something,Have the courage to do something,กล้า,กล้า,CORRECT,ถูกต้องตามหลักไวยากรณ์และความหมาย
927,ox_dark,dark,adjective,adjective,With little or no light,With little or no light,มืด,มืด,CORRECT,ถูกต้องตามหลักไวยากรณ์และความหมาย
928,ox_data,data,noun,noun,Facts and statistics collected together for reference or analysis,Facts and statistics collected together for reference or analysis,ข้อมูล,ข้อมูล,CORRECT,ถูกต้องตามหลักไวยากรณ์และความหมาย
929,ox_date,date,noun,noun,The day of the month or year as specified by a number,The day of the month or year as specified by a number,วันที่,วันที่,CORRECT,ถูกต้องตามหลักไวยากรณ์และความหมาย
930,ox_date_back,date back,noun,phrasal verb,Exist since a particular time in the past,to have existed since a particular time in the past,มีอายุย้อนหลังไปถึง,"มีอายุย้อนไปถึง, สืบย้อนไปตั้งแต่",MODIFIED,แก้ไขชนิดของคำ POS จาก noun เป็น phrasal verb
931,ox_daughter,daughter,noun,noun,A female child in relation to her parents,A female child in relation to her parents,ลูกสาว,ลูกสาว,CORRECT,ถูกต้องตามหลักไวยากรณ์และความหมาย
932,ox_day,day,noun,noun,A period of 24 hours as a unit of time,A period of 24 hours as a unit of time,วัน,วัน,CORRECT,ถูกต้องตามหลักไวยากรณ์และความหมาย
933,ox_dead,dead,adjective,adjective,No longer alive,No longer alive,ตาย,ตาย,CORRECT,ถูกต้องตามหลักไวยากรณ์และความหมาย
934,ox_deaf,deaf,adjective,adjective,Lacking the power of hearing or having impaired hearing,Lacking the power of hearing or having impaired hearing,หูหนวก,หูหนวก,CORRECT,ถูกต้องตามหลักไวยากรณ์และความหมาย
935,ox_deal,deal,verb,verb,Distribute (cards) in an orderly rotation to the players for a game or round,Distribute (cards) in an orderly rotation to the players for a game or round,ข้อเสนอ,ข้อเสนอ,CORRECT,ถูกต้องตามหลักไวยากรณ์และความหมาย
936,ox_deal_in,deal in,noun,phrasal verb,Buy and sell (a particular product),to buy and sell a particular product or commodity,ค้าขาย (สินค้าเฉพาะอย่าง),ค้าขาย (สินค้าเฉพาะอย่าง),MODIFIED,แก้ไขชนิดของคำ POS จาก noun เป็น phrasal verb
937,ox_deal_with,deal with,noun,phrasal verb,"Take measures concerning (someone or something), especially with the intention of putting something right",to take action to solve a problem or handle a situation,จัดการ / รับมือกับ,"จัดการกับ, รับมือกับ, ติดต่อประสานงาน",MODIFIED,แก้ไขชนิดของคำ POS จาก noun เป็น phrasal verb
938,ox_dear,dear,adjective,adjective,Regarded with deep affection,Regarded with deep affection,ที่รัก,ที่รัก,CORRECT,ถูกต้องตามหลักไวยากรณ์และความหมาย
939,ox_death,death,noun,noun,The end of the life of a person or organism,The end of the life of a person or organism,ความตาย,ความตาย,CORRECT,ถูกต้องตามหลักไวยากรณ์และความหมาย
940,ox_debt,debt,noun,noun,"Something, typically money, that is owed or due","Something, typically money, that is owed or due",หนี้,หนี้,CORRECT,ถูกต้องตามหลักไวยากรณ์และความหมาย
941,ox_decade,decade,noun,noun,A period of ten years,A period of ten years,ทศวรรษ,ทศวรรษ,CORRECT,ถูกต้องตามหลักไวยากรณ์และความหมาย
942,ox_decay,decay,noun,noun,The state or process of rotting or decomposition,The state or process of rotting or decomposition,การสลายตัว,การสลายตัว,CORRECT,ถูกต้องตามหลักไวยากรณ์และความหมาย
943,ox_December,December,noun,noun,The twelfth month of the year,The twelfth month of the year,ธันวาคม,ธันวาคม,CORRECT,ถูกต้องตามหลักไวยากรณ์และความหมาย
944,ox_decide,decide,verb,verb,Come to a resolution in the mind as a result of consideration,Come to a resolution in the mind as a result of consideration,ตัดสินใจ,ตัดสินใจ,CORRECT,ถูกต้องตามหลักไวยากรณ์และความหมาย
945,ox_decide_on,decide on,noun,phrasal verb,Choose from a number of alternatives,to choose someone or something after thinking carefully,ตัดสินใจเลือก,ตัดสินใจเลือก,MODIFIED,แก้ไขชนิดของคำ POS จาก noun เป็น phrasal verb
946,ox_decision,decision,noun,noun,A conclusion or resolution reached after consideration,A conclusion or resolution reached after consideration,การตัดสินใจ,การตัดสินใจ,CORRECT,ถูกต้องตามหลักไวยากรณ์และความหมาย
947,ox_declare,declare,verb,verb,Say something in a solemn and emphatic manner,Say something in a solemn and emphatic manner,ประกาศ,ประกาศ,CORRECT,ถูกต้องตามหลักไวยากรณ์และความหมาย
948,ox_decline,decline,verb,verb,"Become smaller, fewer, or less; decrease","Become smaller, fewer, or less; decrease",ปฏิเสธ,ปฏิเสธ,CORRECT,ถูกต้องตามหลักไวยากรณ์และความหมาย
949,ox_decorate,decorate,verb,verb,Make (something) look more attractive by adding extra items or images to it,Make (something) look more attractive by adding extra items or images to it,ตกแต่ง,ตกแต่ง,CORRECT,ถูกต้องตามหลักไวยากรณ์และความหมาย
950,ox_decoration,decoration,noun,noun,The process or art of decorating or adorning something,The process or art of decorating or adorning something,การตกแต่ง,การตกแต่ง,CORRECT,ถูกต้องตามหลักไวยากรณ์และความหมาย
951,ox_decorative,decorative,adjective,adjective,Serving to make something look more attractive; ornamental,Serving to make something look more attractive; ornamental,ตกแต่ง,ตกแต่ง,CORRECT,ถูกต้องตามหลักไวยากรณ์และความหมาย
952,ox_decrease,decrease,verb,verb,"Make or become smaller or fewer in size, amount, intensity, or degree",to become or make smaller or fewer in size or quantity,ลด,"ลดลง, ปรับลดลง",MODIFIED,"ขยายคำแปลไทยจาก ""ลด"" เป็น ""ลดลง, ปรับลดลง"""
953,ox_deep,deep,adjective,adjective,Extending far down from the top or surface,Extending far down from the top or surface,ลึก,ลึก,CORRECT,ถูกต้องตามหลักไวยากรณ์และความหมาย
954,ox_deeply,deeply,adverb,adverb,At or to a considerable extent downward,At or to a considerable extent downward,อย่างลึกซึ้ง / อย่างมาก,อย่างลึกซึ้ง / อย่างมาก,CORRECT,ถูกต้องตามหลักไวยากรณ์และความหมาย
955,ox_defeat,defeat,verb,verb,Win a victory over (someone) in a battle or other contest; overcome or beat,to win a victory over someone in a battle or contest,ความพ่ายแพ้,"เอาชนะ, ปราบ, ทำให้อีกฝ่ายพ่ายแพ้",MODIFIED,แก้ไขคำแปลไทยผิดพลาดจากคำนาม (ความพ่ายแพ้) ให้เป็นคำกริยา (เอาชนะ)
956,ox_defence,defence,noun,noun,The action of defending from or resisting attack,The action of defending from or resisting attack,การป้องกัน,การป้องกัน,CORRECT,ถูกต้องตามหลักไวยากรณ์และความหมาย
957,ox_defend,defend,verb,verb,Resist an attack made on (someone or something); protect from harm or danger,Resist an attack made on (someone or something); protect from harm or danger,ปกป้อง,ปกป้อง,CORRECT,ถูกต้องตามหลักไวยากรณ์และความหมาย
958,ox_define,define,verb,verb,"State or describe exactly the nature, scope, or meaning of","State or describe exactly the nature, scope, or meaning of",กำหนด,กำหนด,CORRECT,ถูกต้องตามหลักไวยากรณ์และความหมาย
959,ox_definite,definite,adjective,adjective,Clearly stated or decided; not vague or doubtful,Clearly stated or decided; not vague or doubtful,แน่นอน,แน่นอน,CORRECT,ถูกต้องตามหลักไวยากรณ์และความหมาย
960,ox_definitely,definitely,adverb,adverb,Without doubt (used for emphasis),Without doubt (used for emphasis),อย่างแน่นอน,อย่างแน่นอน,CORRECT,ถูกต้องตามหลักไวยากรณ์และความหมาย
961,ox_definition,definition,noun,noun,"A statement of the exact meaning of a word, especially in a dictionary","A statement of the exact meaning of a word, especially in a dictionary",คำนิยาม,คำนิยาม,CORRECT,ถูกต้องตามหลักไวยากรณ์และความหมาย
962,ox_degree,degree,noun,noun,"The amount, level, or extent to which something happens or is present","The amount, level, or extent to which something happens or is present",ระดับ,ระดับ,CORRECT,ถูกต้องตามหลักไวยากรณ์และความหมาย
963,ox_delay,delay,verb,verb,Make (someone or something) late or slow,Make (someone or something) late or slow,ล่าช้า,ล่าช้า,CORRECT,ถูกต้องตามหลักไวยากรณ์และความหมาย
964,ox_deliberate,deliberate,adjective,adjective,Done consciously and intentionally,Done consciously and intentionally,โดยเจตนา,โดยเจตนา,CORRECT,ถูกต้องตามหลักไวยากรณ์และความหมาย
965,ox_deliberately,deliberately,adverb,adverb,In a careful and unhurried way,In a careful and unhurried way,จงใจ,จงใจ,CORRECT,ถูกต้องตามหลักไวยากรณ์และความหมาย
966,ox_delicate,delicate,adjective,adjective,Very fine in texture or structure; of intricate workmanship or quality,Very fine in texture or structure; of intricate workmanship or quality,ละเอียดอ่อน,ละเอียดอ่อน,CORRECT,ถูกต้องตามหลักไวยากรณ์และความหมาย
967,ox_delight,delight,noun,noun,Great pleasure,Great pleasure,ความสุข,ความสุข,CORRECT,ถูกต้องตามหลักไวยากรณ์และความหมาย
968,ox_delighted,delighted,adjective,adjective,Feeling or showing great pleasure,Feeling or showing great pleasure,ดีใจ,ดีใจ,CORRECT,ถูกต้องตามหลักไวยากรณ์และความหมาย
969,ox_deliver,deliver,verb,verb,"Bring and hand over (a letter, parcel, or goods) to the proper recipient or address","Bring and hand over (a letter, parcel, or goods) to the proper recipient or address",ส่งมอบ,ส่งมอบ,CORRECT,ถูกต้องตามหลักไวยากรณ์และความหมาย
970,ox_delivery,delivery,noun,noun,"The action of delivering letters, parcels, or goods","The action of delivering letters, parcels, or goods",จัดส่ง,จัดส่ง,CORRECT,ถูกต้องตามหลักไวยากรณ์และความหมาย
971,ox_demand,demand,noun,noun,"An insistent and peremptory request, made as if by right","An insistent and peremptory request, made as if by right",ความต้องการ,ความต้องการ,CORRECT,ถูกต้องตามหลักไวยากรณ์และความหมาย
972,ox_dentist,dentist,noun,noun,A person qualified to treat the diseases and conditions that affect the teeth and gums,A person qualified to treat the diseases and conditions that affect the teeth and gums,ทันตแพทย์,ทันตแพทย์,CORRECT,ถูกต้องตามหลักไวยากรณ์และความหมาย
973,ox_deny,deny,verb,verb,State that one refuses to admit the truth or existence of,State that one refuses to admit the truth or existence of,ปฏิเสธ,ปฏิเสธ,CORRECT,ถูกต้องตามหลักไวยากรณ์และความหมาย
974,ox_department,department,noun,noun,"A division of a large organization such as a government, university, business, or shop, dealing with a specific area of activity","A division of a large organization such as a government, university, business, or shop, dealing with a specific area of activity",แผนก,แผนก,CORRECT,ถูกต้องตามหลักไวยากรณ์และความหมาย
975,ox_departure,departure,noun,noun,"The action of leaving, especially to start a journey","The action of leaving, especially to start a journey",การออกเดินทาง,การออกเดินทาง,CORRECT,ถูกต้องตามหลักไวยากรณ์และความหมาย
976,ox_depend,depend,verb,verb,Be controlled or determined by,Be controlled or determined by,ขึ้นอยู่กับ,ขึ้นอยู่กับ,CORRECT,ถูกต้องตามหลักไวยากรณ์และความหมาย
977,ox_depend_on,depend on,noun,phrasal verb,Be able to trust; rely on,to be determined or affected by; to rely on or trust someone,ขึ้นอยู่กับ / พึ่งพา,"ขึ้นอยู่กับ, พึ่งพาอาศัย",MODIFIED,แก้ไขชนิดของคำ POS จาก noun เป็น phrasal verb
978,ox_deposit,deposit,noun,noun,"A sum of money placed or kept in a bank account, usually to gain interest","A sum of money placed or kept in a bank account, usually to gain interest",เงินฝาก,เงินฝาก,CORRECT,ถูกต้องตามหลักไวยากรณ์และความหมาย
979,ox_depress,depress,verb,verb,Make (someone) feel utterly dispirited or dejected,Make (someone) feel utterly dispirited or dejected,ทำให้หดหู่ใจ / กดลง,ทำให้หดหู่ใจ / กดลง,CORRECT,ถูกต้องตามหลักไวยากรณ์และความหมาย
980,ox_depressed,depressed,adjective,adjective,In a state of general unhappiness or despondency,In a state of general unhappiness or despondency,หดหู่,หดหู่,CORRECT,ถูกต้องตามหลักไวยากรณ์และความหมาย
981,ox_depressing,depressing,adjective,adjective,Causing a feeling of misery or despondency,Causing a feeling of misery or despondency,ตกต่ำ,ตกต่ำ,CORRECT,ถูกต้องตามหลักไวยากรณ์และความหมาย
982,ox_depth,depth,noun,noun,The distance from the top or surface to the bottom of something,The distance from the top or surface to the bottom of something,ความลึก,ความลึก,CORRECT,ถูกต้องตามหลักไวยากรณ์และความหมาย
983,ox_derive_from,derive from,noun,phrasal verb,Obtain something from (a specified source),to originate from; to obtain something from a source,มีต้นกำเนิดมาจาก / ได้รับมาจาก,"มีต้นกำเนิดมาจาก, ได้รับมาจาก",MODIFIED,แก้ไขชนิดของคำ POS จาก noun เป็น phrasal verb
984,ox_describe,describe,verb,verb,Give a detailed account in words of,Give a detailed account in words of,อธิบาย,อธิบาย,CORRECT,ถูกต้องตามหลักไวยากรณ์และความหมาย
985,ox_description,description,noun,noun,"A spoken or written account of a person, object, or event","A spoken or written account of a person, object, or event",คำอธิบาย,คำอธิบาย,CORRECT,ถูกต้องตามหลักไวยากรณ์และความหมาย
986,ox_desert,desert,verb,verb,"Abandon (a person, cause, or organization) in a way considered disloyal or treacherous","Abandon (a person, cause, or organization) in a way considered disloyal or treacherous",ทะเลทราย,ทะเลทราย,CORRECT,ถูกต้องตามหลักไวยากรณ์และความหมาย
987,ox_deserted,deserted,adjective,adjective,Empty of people,Empty of people,ร้าง,ร้าง,CORRECT,ถูกต้องตามหลักไวยากรณ์และความหมาย
988,ox_deserve,deserve,verb,verb,Do something or have or show qualities worthy of (reward or punishment),Do something or have or show qualities worthy of (reward or punishment),สมควรได้รับ,สมควรได้รับ,CORRECT,ถูกต้องตามหลักไวยากรณ์และความหมาย
989,ox_design,design,noun,noun,"A plan or drawing produced to show the look and function or workings of a building, garment, or other object before it is made","A plan or drawing produced to show the look and function or workings of a building, garment, or other object before it is made",ออกแบบ,ออกแบบ,CORRECT,ถูกต้องตามหลักไวยากรณ์และความหมาย
990,ox_desire,desire,noun,noun,A strong feeling of wanting to have something or wishing for something to happen,A strong feeling of wanting to have something or wishing for something to happen,ความต้องการ,ความต้องการ,CORRECT,ถูกต้องตามหลักไวยากรณ์และความหมาย
991,ox_desk,desk,noun,noun,"A piece of furniture with a flat or sloped surface and typically with drawers, used for writing, reading, or working","A piece of furniture with a flat or sloped surface and typically with drawers, used for writing, reading, or working",โต๊ะ,โต๊ะ,CORRECT,ถูกต้องตามหลักไวยากรณ์และความหมาย
992,ox_desperate,desperate,adjective,adjective,Feeling or showing a hopeless sense that a situation is so bad as to be impossible to deal with,Feeling or showing a hopeless sense that a situation is so bad as to be impossible to deal with,หมดหวัง,หมดหวัง,CORRECT,ถูกต้องตามหลักไวยากรณ์และความหมาย
993,ox_desperately,desperately,adverb,adverb,In a way that shows despair,In a way that shows despair,หมดท่า,หมดท่า,CORRECT,ถูกต้องตามหลักไวยากรณ์และความหมาย
994,ox_despite,despite,preposition,preposition,Without being affected by; in spite of,Without being affected by; in spite of,ถึงอย่างไรก็ตาม,ถึงอย่างไรก็ตาม,CORRECT,ถูกต้องตามหลักไวยากรณ์และความหมาย
995,ox_destroy,destroy,verb,verb,Put an end to the existence of (something) by damaging or attacking it,Put an end to the existence of (something) by damaging or attacking it,ทำลาย,ทำลาย,CORRECT,ถูกต้องตามหลักไวยากรณ์และความหมาย
996,ox_destruction,destruction,noun,noun,The action or process of causing so much damage to something that it no longer exists or cannot be repaired,The action or process of causing so much damage to something that it no longer exists or cannot be repaired,การทำลาย,การทำลาย,CORRECT,ถูกต้องตามหลักไวยากรณ์และความหมาย
997,ox_detail,detail,noun,noun,"An individual feature, fact, or item","An individual feature, fact, or item",รายละเอียด,รายละเอียด,CORRECT,ถูกต้องตามหลักไวยากรณ์และความหมาย
998,ox_detailed,detailed,adjective,adjective,Having many details or facts; showing attention to detail,Having many details or facts; showing attention to detail,รายละเอียด,รายละเอียด,CORRECT,ถูกต้องตามหลักไวยากรณ์และความหมาย
999,ox_determination,determination,noun,noun,Firmness of purpose; resoluteness,Firmness of purpose; resoluteness,การกำหนด,การกำหนด,CORRECT,ถูกต้องตามหลักไวยากรณ์และความหมาย
1000,ox_determine,determine,verb,verb,"Ascertain or establish exactly, typically as a result of research or calculation","Ascertain or establish exactly, typically as a result of research or calculation",กำหนด,กำหนด,CORRECT,ถูกต้องตามหลักไวยากรณ์และความหมาย
1001,ox_determined,determined,adjective,adjective,Having made a firm decision and being resolved not to change it,Having made a firm decision and being resolved not to change it,มุ่งมั่น,มุ่งมั่น,CORRECT,ถูกต้องตามหลักไวยากรณ์และความหมาย
1002,ox_develop,develop,verb,verb,"Grow or cause to grow and become more mature, advanced, or elaborate","Grow or cause to grow and become more mature, advanced, or elaborate",พัฒนา,พัฒนา,CORRECT,ถูกต้องตามหลักไวยากรณ์และความหมาย
1003,ox_development,development,noun,noun,The process of developing or being developed,The process of developing or being developed,การพัฒนา,การพัฒนา,CORRECT,ถูกต้องตามหลักไวยากรณ์และความหมาย
1004,ox_device,device,noun,noun,"A thing made or adapted for a particular purpose, especially a piece of mechanical or electronic equipment","A thing made or adapted for a particular purpose, especially a piece of mechanical or electronic equipment",อุปกรณ์,อุปกรณ์,CORRECT,ถูกต้องตามหลักไวยากรณ์และความหมาย
1005,ox_devote,devote,verb,verb,"Give all or a large part of one's time or resources to (a person, activity, or cause)","Give all or a large part of one's time or resources to (a person, activity, or cause)",อุทิศ,อุทิศ,CORRECT,ถูกต้องตามหลักไวยากรณ์และความหมาย
1006,ox_devoted,devoted,adjective,adjective,Very loving or loyal,Very loving or loyal,อุทิศ,อุทิศ,CORRECT,ถูกต้องตามหลักไวยากรณ์และความหมาย
1007,ox_devote_to,devote to,noun,phrasal verb,Give one's time or effort to (a person or purpose),"to give one's time, effort, or resources entirely to a person or purpose",อุทิศตนให้ / ทุ่มเทให้กับ,"อุทิศตนให้, ทุ่มเทให้กับ",MODIFIED,แก้ไขชนิดของคำ POS จาก noun เป็น phrasal verb
1008,ox_diagram,diagram,noun,noun,"A simplified drawing showing the appearance, structure, or workings of something; a schematic representation","A simplified drawing showing the appearance, structure, or workings of something; a schematic representation",แผนภาพ,แผนภาพ,CORRECT,ถูกต้องตามหลักไวยากรณ์และความหมาย
1009,ox_diamond,diamond,noun,noun,"A precious stone consisting of a clear and typically colorless crystalline form of pure carbon, the hardest naturally occurring substance","A precious stone consisting of a clear and typically colorless crystalline form of pure carbon, the hardest naturally occurring substance",เพชร,เพชร,CORRECT,ถูกต้องตามหลักไวยากรณ์และความหมาย
1010,ox_diary,diary,noun,noun,A book in which one keeps a daily record of events and experiences,A book in which one keeps a daily record of events and experiences,ไดอารี่,ไดอารี่,CORRECT,ถูกต้องตามหลักไวยากรณ์และความหมาย
1011,ox_dictionary,dictionary,noun,noun,"A book or electronic resource that lists the words of a language (typically in alphabetical order) and gives their meaning, or gives the equivalent words in a different language","A book or electronic resource that lists the words of a language (typically in alphabetical order) and gives their meaning, or gives the equivalent words in a different language",พจนานุกรม,พจนานุกรม,CORRECT,ถูกต้องตามหลักไวยากรณ์และความหมาย
1012,ox_die,die,verb,verb,Stop living,Stop living,ตาย,ตาย,CORRECT,ถูกต้องตามหลักไวยากรณ์และความหมาย
1013,ox_die_away,die away,noun,phrasal verb,Gradually diminish in sound or intensity,to become gradually quieter or weaker until it stops completely,(เสียง) ค่อยๆ แผ่วจางหายไป,(เสียง/ลม) ค่อยๆ เบาลงจนเงียบหายไป,MODIFIED,แก้ไขชนิดของคำ POS จาก noun เป็น phrasal verb
1014,ox_die_out,die out,noun,phrasal verb,Become extinct,to become extinct; to disappear completely over time,สูญพันธุ์ / หมดสิ้นไป,"สูญพันธุ์, สาบสูญ/หมดสิ้นไป",MODIFIED,แก้ไขชนิดของคำ POS จาก noun เป็น phrasal verb
1015,ox_diet,diet,noun,noun,"The kinds of food that a person, animal, or community habitually eats","The kinds of food that a person, animal, or community habitually eats",อาหาร,อาหาร,CORRECT,ถูกต้องตามหลักไวยากรณ์และความหมาย
1016,ox_difference,difference,noun,noun,A point or way in which people or things are not the same,A point or way in which people or things are not the same,ความแตกต่าง,ความแตกต่าง,CORRECT,ถูกต้องตามหลักไวยากรณ์และความหมาย
1017,ox_different,different,adjective,adjective,Not the same as another or each other,Not the same as another or each other,แตกต่าง,แตกต่าง,CORRECT,ถูกต้องตามหลักไวยากรณ์และความหมาย
1018,ox_differently,differently,adverb,adverb,In a way that is not the same,In a way that is not the same,แตกต่างกัน,แตกต่างกัน,CORRECT,ถูกต้องตามหลักไวยากรณ์และความหมาย
1019,ox_difficult,difficult,adjective,adjective,"Needing much effort or skill to accomplish, deal with, or understand","Needing much effort or skill to accomplish, deal with, or understand",ยาก,ยาก,CORRECT,ถูกต้องตามหลักไวยากรณ์และความหมาย
1020,ox_difficulty,difficulty,noun,noun,The state or condition of being difficult,The state or condition of being difficult,ความยากลำบาก,ความยากลำบาก,CORRECT,ถูกต้องตามหลักไวยากรณ์และความหมาย
1021,ox_dig,dig,verb,verb,"Break up and move earth with a tool or machine, or with hands, paws, snout, etc.","Break up and move earth with a tool or machine, or with hands, paws, snout, etc.",ขุด,ขุด,CORRECT,ถูกต้องตามหลักไวยากรณ์และความหมาย
1022,ox_digital,digital,adjective,adjective,Involving or relating to the use of computer technology,Involving or relating to the use of computer technology,ดิจิตอล,ดิจิตอล,CORRECT,ถูกต้องตามหลักไวยากรณ์และความหมาย
1023,ox_dinner,dinner,noun,noun,"The main meal of the day, taken either around midday or in the evening","The main meal of the day, taken either around midday or in the evening",อาหารเย็น,อาหารเย็น,CORRECT,ถูกต้องตามหลักไวยากรณ์และความหมาย
1024,ox_direct,direct,adjective,adjective,Extending or moving from one place to another without changing direction or stopping,Extending or moving from one place to another without changing direction or stopping,โดยตรง,โดยตรง,CORRECT,ถูกต้องตามหลักไวยากรณ์และความหมาย
1025,ox_direction,direction,noun,noun,A course along which someone or something moves,A course along which someone or something moves,ทิศทาง,ทิศทาง,CORRECT,ถูกต้องตามหลักไวยากรณ์และความหมาย
1026,ox_directly,directly,adverb,adverb,Without changing direction or stopping,Without changing direction or stopping,โดยตรง,โดยตรง,CORRECT,ถูกต้องตามหลักไวยากรณ์และความหมาย
1027,ox_director,director,noun,noun,"A person who is in charge of an activity, department, or organization","A person who is in charge of an activity, department, or organization",ผู้อำนวยการ,ผู้อำนวยการ,CORRECT,ถูกต้องตามหลักไวยากรณ์และความหมาย
1028,ox_dirt,dirt,noun,noun,"A substance, such as soil, that makes something dirty","A substance, such as soil, that makes something dirty",สิ่งสกปรก,สิ่งสกปรก,CORRECT,ถูกต้องตามหลักไวยากรณ์และความหมาย
1029,ox_dirty,dirty,adjective,adjective,Covered or marked with an unclean substance,Covered or marked with an unclean substance,สกปรก,สกปรก,CORRECT,ถูกต้องตามหลักไวยากรณ์และความหมาย
1030,ox_disabled,disabled,adjective,adjective,"Having a physical or mental condition that limits movements, senses, or activities","Having a physical or mental condition that limits movements, senses, or activities",พิการ,พิการ,CORRECT,ถูกต้องตามหลักไวยากรณ์และความหมาย
1031,ox_disadvantage,disadvantage,noun,noun,An unfavorable circumstance or condition that reduces the chances of success or effectiveness,An unfavorable circumstance or condition that reduces the chances of success or effectiveness,ข้อเสียเปรียบ,ข้อเสียเปรียบ,CORRECT,ถูกต้องตามหลักไวยากรณ์และความหมาย
1032,ox_disagree,disagree,verb,verb,Have or express a different opinion,Have or express a different opinion,ไม่เห็นด้วย,ไม่เห็นด้วย,CORRECT,ถูกต้องตามหลักไวยากรณ์และความหมาย
1033,ox_disagreement,disagreement,noun,noun,Lack of consensus or approval,Lack of consensus or approval,ไม่เห็นด้วย,ไม่เห็นด้วย,CORRECT,ถูกต้องตามหลักไวยากรณ์และความหมาย
1034,ox_disagree_with_doing,disagree with doing,verb,phrasal verb,a phrasal verb meaning to disagree with doing,to think that a particular course of action is wrong or inappropriate,ไม่เห็นด้วยกับการกระทำ,"ไม่เห็นชอบกับการกระทำ, คัดค้านการทำสิ่งนั้น",MODIFIED,แทนที่คำนิยาม placeholder ภาษาอังกฤษ และปรับคำแปลไทยให้สละสลวย
1035,ox_disappear,disappear,verb,verb,Cease to be visible,Cease to be visible,หายไป,หายไป,CORRECT,ถูกต้องตามหลักไวยากรณ์และความหมาย
1036,ox_disappoint,disappoint,verb,verb,Fail to fulfill the hopes or expectations of,Fail to fulfill the hopes or expectations of,ผิดหวัง,ผิดหวัง,CORRECT,ถูกต้องตามหลักไวยากรณ์และความหมาย
1037,ox_disappointed,disappointed,adjective,adjective,Sad or displeased because someone or something has failed to fulfill one's hopes or expectations,Sad or displeased because someone or something has failed to fulfill one's hopes or expectations,ที่ผิดหวัง,ที่ผิดหวัง,CORRECT,ถูกต้องตามหลักไวยากรณ์และความหมาย
1038,ox_disappointing,disappointing,adjective,adjective,Failing to fulfill someone's hopes or expectations,Failing to fulfill someone's hopes or expectations,น่าผิดหวัง,น่าผิดหวัง,CORRECT,ถูกต้องตามหลักไวยากรณ์และความหมาย
1039,ox_disappointment,disappointment,noun,noun,Sadness or displeasure caused by the non-fulfillment of one's hopes or expectations,Sadness or displeasure caused by the non-fulfillment of one's hopes or expectations,ความผิดหวัง,ความผิดหวัง,CORRECT,ถูกต้องตามหลักไวยากรณ์และความหมาย
1040,ox_disapproval,disapproval,noun,noun,Possession or expression of an unfavorable opinion,Possession or expression of an unfavorable opinion,ไม่อนุมัติ,ไม่อนุมัติ,CORRECT,ถูกต้องตามหลักไวยากรณ์และความหมาย
1041,ox_disapprove,disapprove,verb,verb,Have or express an unfavorable opinion about something,Have or express an unfavorable opinion about something,ไม่อนุมัติ,ไม่อนุมัติ,CORRECT,ถูกต้องตามหลักไวยากรณ์และความหมาย
1042,ox_disapproving,disapproving,adjective,adjective,Expressing an unfavorable opinion,Expressing an unfavorable opinion,ไม่เห็นด้วย,ไม่เห็นด้วย,CORRECT,ถูกต้องตามหลักไวยากรณ์และความหมาย
1043,ox_disaster,disaster,noun,noun,"A sudden event, such as an accident or a natural catastrophe, that causes great damage or loss of life","A sudden event, such as an accident or a natural catastrophe, that causes great damage or loss of life",ภัยพิบัติ,ภัยพิบัติ,CORRECT,ถูกต้องตามหลักไวยากรณ์และความหมาย
1044,ox_disc,disc,noun,noun,"A flat, thin, round object","A flat, thin, round object",แผ่นดิสก์,แผ่นดิสก์,CORRECT,ถูกต้องตามหลักไวยากรณ์และความหมาย
1045,ox_discipline,discipline,noun,noun,"The practice of training people to obey rules or a code of behavior, using punishment to correct disobedience","The practice of training people to obey rules or a code of behavior, using punishment to correct disobedience",การลงโทษ,การลงโทษ,CORRECT,ถูกต้องตามหลักไวยากรณ์และความหมาย
1046,ox_discount,discount,noun,noun,A deduction from the usual cost of something,A deduction from the usual cost of something,การลดราคา,การลดราคา,CORRECT,ถูกต้องตามหลักไวยากรณ์และความหมาย
1047,ox_discover,discover,verb,verb,Find (something or someone) unexpectedly or in the course of a search,Find (something or someone) unexpectedly or in the course of a search,ค้นพบ,ค้นพบ,CORRECT,ถูกต้องตามหลักไวยากรณ์และความหมาย
1048,ox_discovery,discovery,noun,noun,The action or process of discovering or being discovered,The action or process of discovering or being discovered,การค้นพบ,การค้นพบ,CORRECT,ถูกต้องตามหลักไวยากรณ์และความหมาย
1049,ox_discuss,discuss,verb,verb,Talk about (something) with another person or group of people,Talk about (something) with another person or group of people,หารือ,หารือ,CORRECT,ถูกต้องตามหลักไวยากรณ์และความหมาย
1050,ox_discussion,discussion,noun,noun,The action or process of talking about something,The action or process of talking about something,การอภิปราย,การอภิปราย,CORRECT,ถูกต้องตามหลักไวยากรณ์และความหมาย
1051,ox_disease,disease,noun,noun,"A disorder of structure or function in a human, animal, or plant, especially one that produces specific signs or symptoms or that affects a specific location and is not simply a direct result of physical injury","A disorder of structure or function in a human, animal, or plant, especially one that produces specific signs or symptoms or that affects a specific location and is not simply a direct result of physical injury",โรค,โรค,CORRECT,ถูกต้องตามหลักไวยากรณ์และความหมาย
1052,ox_disgust,disgust,noun,noun,A feeling of revulsion or strong disapproval aroused by something unpleasant or offensive,A feeling of revulsion or strong disapproval aroused by something unpleasant or offensive,ความขยะแขยง / ความรังเกียจ,ความขยะแขยง / ความรังเกียจ,CORRECT,ถูกต้องตามหลักไวยากรณ์และความหมาย
1053,ox_disgusted,disgusted,adjective,adjective,Feeling or expressing revulsion or strong disapproval,Feeling or expressing revulsion or strong disapproval,รู้สึกขยะแขยง / รังเกียจ,รู้สึกขยะแขยง / รังเกียจ,CORRECT,ถูกต้องตามหลักไวยากรณ์และความหมาย
1054,ox_disgusting,disgusting,adjective,adjective,Arousing revulsion or strong indignation,Arousing revulsion or strong indignation,น่าขยะแขยง,น่าขยะแขยง,CORRECT,ถูกต้องตามหลักไวยากรณ์และความหมาย
1055,ox_dish,dish,noun,noun,"A shallow, typically flat-bottomed container for cooking or serving food","A shallow, typically flat-bottomed container for cooking or serving food",จาน,จาน,CORRECT,ถูกต้องตามหลักไวยากรณ์และความหมาย
1056,ox_dishonest,dishonest,adjective,adjective,Behaving or prone to behave in an untrustworthy or fraudulent way,Behaving or prone to behave in an untrustworthy or fraudulent way,ไม่ซื่อสัตย์,ไม่ซื่อสัตย์,CORRECT,ถูกต้องตามหลักไวยากรณ์และความหมาย
1057,ox_dishonestly,dishonestly,adverb,adverb,"In an untrustworthy, deceitful, or fraudulent manner","In an untrustworthy, deceitful, or fraudulent manner",ไม่สุจริต,ไม่สุจริต,CORRECT,ถูกต้องตามหลักไวยากรณ์และความหมาย
1058,ox_disk,disk,noun,noun,"A flat, thin, round object","A flat, thin, round object",ดิสก์,ดิสก์,CORRECT,ถูกต้องตามหลักไวยากรณ์และความหมาย
1059,ox_dislike,dislike,verb,verb,Feel distaste for or hostility towards,Feel distaste for or hostility towards,ไม่ชอบ,ไม่ชอบ,CORRECT,ถูกต้องตามหลักไวยากรณ์และความหมาย
1060,ox_dismiss,dismiss,verb,verb,Order or allow to leave; send away,Order or allow to leave; send away,อนุญาตให้ออกไป,อนุญาตให้ออกไป,CORRECT,ถูกต้องตามหลักไวยากรณ์และความหมาย
1061,ox_display,display,verb,verb,Make a prominent exhibition of (something) in a place where it can be easily seen,Make a prominent exhibition of (something) in a place where it can be easily seen,แสดง,แสดง,CORRECT,ถูกต้องตามหลักไวยากรณ์และความหมาย
1062,ox_dissolve,dissolve,verb,verb,With reference to a solid) become or cause to become incorporated into a liquid so as to form a solution,With reference to a solid) become or cause to become incorporated into a liquid so as to form a solution,ละลาย,ละลาย,CORRECT,ถูกต้องตามหลักไวยากรณ์และความหมาย
1063,ox_distance,distance,noun,noun,An amount of space between two things or people,An amount of space between two things or people,ระยะทาง,ระยะทาง,CORRECT,ถูกต้องตามหลักไวยากรณ์และความหมาย
1064,ox_distinguish,distinguish,verb,verb,Recognize or treat (someone or something) as different,Recognize or treat (someone or something) as different,แยกแยะ,แยกแยะ,CORRECT,ถูกต้องตามหลักไวยากรณ์และความหมาย
1065,ox_distribute,distribute,verb,verb,Give shares of (something); deal out,Give shares of (something); deal out,แจกจ่าย,แจกจ่าย,CORRECT,ถูกต้องตามหลักไวยากรณ์และความหมาย
1066,ox_distribution,distribution,noun,noun,the act of sharing or spreading something out,the act of sharing or spreading something out,การกระจาย,การกระจาย,CORRECT,ถูกต้องตามหลักไวยากรณ์และความหมาย
1067,ox_district,district,noun,noun,"An area of a country or city, especially one regarded as a distinct unit because of a particular characteristic","An area of a country or city, especially one regarded as a distinct unit because of a particular characteristic",เขต,เขต,CORRECT,ถูกต้องตามหลักไวยากรณ์และความหมาย
1068,ox_disturb,disturb,verb,verb,"Interrupt the quiet, peace, or order of; unsettle","Interrupt the quiet, peace, or order of; unsettle",รบกวน,รบกวน,CORRECT,ถูกต้องตามหลักไวยากรณ์และความหมาย
1069,ox_disturbing,disturbing,adjective,adjective,Causing anxiety or uneasiness; upsetting,Causing anxiety or uneasiness; upsetting,รบกวน,รบกวน,CORRECT,ถูกต้องตามหลักไวยากรณ์และความหมาย
1070,ox_divide,divide,verb,verb,Separate or be separated into parts,Separate or be separated into parts,แบ่ง,แบ่ง,CORRECT,ถูกต้องตามหลักไวยากรณ์และความหมาย
1071,ox_division,division,noun,noun,"The action of separating something into parts, or the process of being separated","The action of separating something into parts, or the process of being separated",แผนก,แผนก,CORRECT,ถูกต้องตามหลักไวยากรณ์และความหมาย
1072,ox_divorce,divorce,noun,noun,The legal dissolution of a marriage by a court or other competent body,The legal dissolution of a marriage by a court or other competent body,หย่า,หย่า,CORRECT,ถูกต้องตามหลักไวยากรณ์และความหมาย
1073,ox_divorced,divorced,adjective,adjective,Legally separated from a spouse through divorce,Legally separated from a spouse through divorce,หย่าร้าง,หย่าร้าง,CORRECT,ถูกต้องตามหลักไวยากรณ์และความหมาย
1074,ox_do_1,do 1,verb,verb,to perform an action or activity,"to perform an action, activity, or task",ทำ / ปฏิบัติ,"ทำ, ปฏิบัติ",MODIFIED,ตรวจสอบความถูกต้อง
1075,ox_doctor,doctor,noun,noun,A person who is qualified to treat people who are ill,A person who is qualified to treat people who are ill,หมอ,หมอ,CORRECT,ถูกต้องตามหลักไวยากรณ์และความหมาย
1076,ox_document,document,noun,noun,"A piece of written, printed, or electronic matter that provides information or evidence or that serves as an official record","A piece of written, printed, or electronic matter that provides information or evidence or that serves as an official record",เอกสาร,เอกสาร,CORRECT,ถูกต้องตามหลักไวยากรณ์และความหมาย
1077,ox_dog,dog,noun,noun,"A domesticated carnivorous mammal that typically has a long snout, an acute sense of smell, non-retractable claws, and a barking, howling, or whining voice","A domesticated carnivorous mammal that typically has a long snout, an acute sense of smell, non-retractable claws, and a barking, howling, or whining voice",สุนัข,สุนัข,CORRECT,ถูกต้องตามหลักไวยากรณ์และความหมาย
1078,ox_dollar,dollar,noun,noun,"The basic monetary unit of the US, Canada, Australia, and certain countries in the Pacific, Caribbean, Southeast Asia, Africa, and South America","The basic monetary unit of the US, Canada, Australia, and certain countries in the Pacific, Caribbean, Southeast Asia, Africa, and South America",ดอลลาร์,ดอลลาร์,CORRECT,ถูกต้องตามหลักไวยากรณ์และความหมาย
1079,ox_domestic,domestic,adjective,adjective,Relating to the running of a home or to family relations,Relating to the running of a home or to family relations,ภายในประเทศ,ภายในประเทศ,CORRECT,ถูกต้องตามหลักไวยากรณ์และความหมาย
1080,ox_dominate,dominate,verb,verb,Have a commanding influence on; exercise control over,Have a commanding influence on; exercise control over,ครอง,ครอง,CORRECT,ถูกต้องตามหลักไวยากรณ์และความหมาย
1081,ox_door,door,noun,noun,"A hinged, sliding, or revolving barrier at the entrance to a building, room, or vehicle","A hinged, sliding, or revolving barrier at the entrance to a building, room, or vehicle",ประตู,ประตู,CORRECT,ถูกต้องตามหลักไวยากรณ์และความหมาย
1082,ox_dot,dot,noun,noun,A small round mark or spot,A small round mark or spot,จุด,จุด,CORRECT,ถูกต้องตามหลักไวยากรณ์และความหมาย
1083,ox_double,double,adjective,adjective,"Consisting of two equal, identical, or similar parts or things","Consisting of two equal, identical, or similar parts or things",สองเท่า,สองเท่า,CORRECT,ถูกต้องตามหลักไวยากรณ์และความหมาย
1084,ox_doubt,doubt,noun,noun,A feeling of uncertainty or lack of conviction,A feeling of uncertainty or lack of conviction,สงสัย,สงสัย,CORRECT,ถูกต้องตามหลักไวยากรณ์และความหมาย
1085,ox_do_up,do up,verb,phrasal verb,a phrasal verb meaning to do up,to fasten a coat or button; to repair or redecorate an old building,ปรับปรุงซ่อมแซม / ติดกระดุมหรือรูดซิป,"ติดกระดุม/รูดซิป, ตกแต่งซ่อมแซม (บ้าน)",MODIFIED,แทนที่คำนิยาม placeholder ภาษาอังกฤษ
1086,ox_do_with,do with,verb,phrasal verb,a phrasal verb meaning to do with,to benefit from or want something (e.g. could do with),ต้องการ / อยากได้ (เช่น could do with),"ต้องการ, อยากได้ (เช่น could do with)",MODIFIED,แทนที่คำนิยาม placeholder ภาษาอังกฤษ
1087,ox_do_without,do without,verb,phrasal verb,a phrasal verb meaning to do without,to manage or survive without having something,อยู่ได้โดยไม่ต้องมี / ขาดได้,"อยู่ได้โดยไม่ต้องมี, ขาดได้/ไม่จำเป็นต้องมี",MODIFIED,แทนที่คำนิยาม placeholder ภาษาอังกฤษ
1088,ox_down,down,adverb,adverb,Towards or in a lower place or position,Towards or in a lower place or position,ลง,ลง,CORRECT,ถูกต้องตามหลักไวยากรณ์และความหมาย
1089,ox_downstairs,downstairs,adverb,adverb,Situated downstairs,Situated downstairs,ชั้นล่าง,ชั้นล่าง,CORRECT,ถูกต้องตามหลักไวยากรณ์และความหมาย
1090,ox_downward,downward,adjective,adjective,Moving or leading towards a lower place or level,"moving, pointing, or leading towards a lower place or level",ลง,"ที่ลดต่ำลง, ที่ชี้ลงด้านล่าง",MODIFIED,"ขยายคำแปลไทยจาก ""ลง"" ให้ตรงกับชนิดคำคุณศัพท์"
1091,ox_downwards,downwards,adverb,adverb,"Toward a lower place, point, or level","towards a lower place, level, or position",ลง,"ลงสู่เบื้องล่าง, ลดต่ำลง",MODIFIED,"ขยายคำแปลไทยจาก ""ลง"" ให้ตรงกับชนิดคำกริยาวิเศษณ์"
1092,ox_dozen,dozen,noun,noun,A group or set of twelve,A group or set of twelve,โหล,โหล,CORRECT,ถูกต้องตามหลักไวยากรณ์และความหมาย
1093,ox_draft,draft,noun,noun,A preliminary version of a piece of writing,A preliminary version of a piece of writing,ร่าง,ร่าง,CORRECT,ถูกต้องตามหลักไวยากรณ์และความหมาย
1094,ox_drag,drag,verb,verb,"Pull (someone or something) along forcefully, roughly, or with difficulty","Pull (someone or something) along forcefully, roughly, or with difficulty",ลาก,ลาก,CORRECT,ถูกต้องตามหลักไวยากรณ์และความหมาย
1095,ox_drama,drama,noun,noun,"A play for theater, radio, or television","A play for theater, radio, or television",ละคร,ละคร,CORRECT,ถูกต้องตามหลักไวยากรณ์และความหมาย
1096,ox_dramatic,dramatic,adjective,adjective,Relating to drama or the performance or study of drama,Relating to drama or the performance or study of drama,น่าทึ่ง,น่าทึ่ง,CORRECT,ถูกต้องตามหลักไวยากรณ์และความหมาย
1097,ox_dramatically,dramatically,adverb,adverb,In a way that relates to drama or the performance or study of drama,In a way that relates to drama or the performance or study of drama,อย่างมาก,อย่างมาก,CORRECT,ถูกต้องตามหลักไวยากรณ์และความหมาย
1098,ox_draw,draw,verb,verb,"Produce (a picture or diagram) by making lines and marks on paper with a pencil, pen, etc.","Produce (a picture or diagram) by making lines and marks on paper with a pencil, pen, etc.",วาด,วาด,CORRECT,ถูกต้องตามหลักไวยากรณ์และความหมาย
1099,ox_drawer,drawer,noun,noun,"A boxlike storage compartment without a lid, made to slide horizontally in and out of a desk, chest, or other piece of furniture","A boxlike storage compartment without a lid, made to slide horizontally in and out of a desk, chest, or other piece of furniture",ลิ้นชัก,ลิ้นชัก,CORRECT,ถูกต้องตามหลักไวยากรณ์และความหมาย
1100,ox_drawing,drawing,verb,noun,"Produce (a picture or diagram) by making lines and marks on paper with a pencil, pen, etc.","a picture or diagram made with a pencil, pen, or crayon",การวาดภาพ,"ภาพวาด, การวาดภาพ",MODIFIED,แก้ไขชนิดของคำ POS จาก verb เป็น noun
1101,ox_dream,dream,noun,noun,"A series of thoughts, images, and sensations occurring in a person's mind during sleep","A series of thoughts, images, and sensations occurring in a person's mind during sleep",ฝัน,ฝัน,CORRECT,ถูกต้องตามหลักไวยากรณ์และความหมาย
1102,ox_dress,dress,verb,verb,Put on one's clothes,Put on one's clothes,ชุด,ชุด,CORRECT,ถูกต้องตามหลักไวยากรณ์และความหมาย
1103,ox_dressed,dressed,adjective,adjective,Wearing clothes of a specified kind,Wearing clothes of a specified kind,แต่งตัว,แต่งตัว,CORRECT,ถูกต้องตามหลักไวยากรณ์และความหมาย
1104,ox_dress_up,dress up,noun,phrasal verb,Dress in smart or formal clothes,to wear formal clothes or a special costume,แต่งตัวหรูหรา / แต่งตัวแฟนซี,"แต่งตัวหรูหรา/แต่งตัวจัดเต็ม, สวมชุดคอสตูม",MODIFIED,แก้ไขชนิดของคำ POS จาก noun เป็น phrasal verb
1105,ox_drink,drink,verb,verb,Take (a liquid) into the mouth and swallow,Take (a liquid) into the mouth and swallow,ดื่ม,ดื่ม,CORRECT,ถูกต้องตามหลักไวยากรณ์และความหมาย
1106,ox_drive,drive,verb,verb,Operate and control the direction and speed of a motor vehicle,Operate and control the direction and speed of a motor vehicle,ขับ,ขับ,CORRECT,ถูกต้องตามหลักไวยากรณ์และความหมาย
1107,ox_drive_away,drive away,verb,phrasal verb,a phrasal verb meaning to drive away,to leave in a vehicle; to cause someone or an animal to leave,ขับรถออกไป / ขับไล่ให้หนีไป,"ขับรถออกไป, ขับไล่ไสส่ง",MODIFIED,แทนที่คำนิยาม placeholder ภาษาอังกฤษ
1108,ox_drive_off,drive off,verb,phrasal verb,a phrasal verb meaning to drive off,to leave in a car; to force someone or something to retreat,ขับรถออกไป,"ขับรถออกไป, ขับไล่ให้ออกไป",MODIFIED,แทนที่คำนิยาม placeholder ภาษาอังกฤษ
1109,ox_driver,driver,noun,noun,A person who drives a vehicle,A person who drives a vehicle,คนขับ,คนขับ,CORRECT,ถูกต้องตามหลักไวยากรณ์และความหมาย
1110,ox_driving,driving,noun,noun,The control and operation of a motor vehicle,the control and operation of a motor vehicle,ขับรถ,"การขับขี่รถ, ทักษะการขับรถ",MODIFIED,ปรับคำแปลไทยให้สอดคล้องกับชนิดของคำนาม (การขับขี่รถ)
1111,ox_drop,drop,verb,verb,Let or make (something) fall vertically,Let or make (something) fall vertically,หยด,หยด,CORRECT,ถูกต้องตามหลักไวยากรณ์และความหมาย
1112,ox_drop_out,drop out,noun,phrasal verb,Withdraw from a course or activity,to abandon a course of study or activity before completing it,ลาออกกลางคัน / พักการเรียน,"ลาออกกลางคัน, ดรอปเรียน, ถอนตัวออกจากการแข่งขัน",MODIFIED,แก้ไขชนิดของคำ POS จาก noun เป็น phrasal verb
1113,ox_drug,drug,noun,noun,A medicine or other substance which has a physiological effect when ingested or otherwise introduced into the body,a medicinal substance used to treat illness; an addictive narcotic,ยา,"ยารักษาโรค, สารเสพติด",MODIFIED,"ขยายคำแปลไทยจาก ""ยา"" เป็น ""ยารักษาโรค, สารเสพติด"""
1114,ox_drugstore,drugstore,noun,noun,A pharmacy or a store where medicinal drugs are dispensed and sold,A pharmacy or a store where medicinal drugs are dispensed and sold,ร้านขายยา,ร้านขายยา,CORRECT,ถูกต้องตามหลักไวยากรณ์และความหมาย
1115,ox_drum,drum,noun,noun,A percussion instrument sounded by being struck with sticks or the hands,A percussion instrument sounded by being struck with sticks or the hands,กลอง,กลอง,CORRECT,ถูกต้องตามหลักไวยากรณ์และความหมาย
1116,ox_drunk,drunk,adjective,adjective,Affected by alcohol to the extent of losing control of one's faculties or behavior,Affected by alcohol to the extent of losing control of one's faculties or behavior,เมา,เมา,CORRECT,ถูกต้องตามหลักไวยากรณ์และความหมาย
1117,ox_dry,dry,adjective,adjective,Free from moisture or liquid; not wet or moist,Free from moisture or liquid; not wet or moist,แห้ง,แห้ง,CORRECT,ถูกต้องตามหลักไวยากรณ์และความหมาย
1118,ox_dry_off,dry off,noun,phrasal verb,Make or become dry through wiping or exposure to air,to dry completely or make someone or something dry,เช็ดตัวให้แห้ง,"เช็ดตัวให้แห้ง, ผึ่งให้แห้ง",MODIFIED,แก้ไขชนิดของคำ POS จาก noun เป็น phrasal verb
1119,ox_dry_up,dry up,noun,phrasal verb,Lose or cause to lose moisture,to lose all water or moisture; (of supply/money) to come to an end,เหือดแห้ง / ขาดแคลน,"แห้งเหือด, (เงินทุน/เสบียง) ขาดแคลนหมดสิ้น",MODIFIED,แก้ไขชนิดของคำ POS จาก noun เป็น phrasal verb
1120,ox_due,due,adjective,adjective,Expected at or planned for at a certain time,Expected at or planned for at a certain time,เนื่องจาก,เนื่องจาก,CORRECT,ถูกต้องตามหลักไวยากรณ์และความหมาย
1121,ox_dull,dull,adjective,adjective,Lacking interest or excitement,Lacking interest or excitement,น่าเบื่อ,น่าเบื่อ,CORRECT,ถูกต้องตามหลักไวยากรณ์และความหมาย
1122,ox_dump,dump,verb,verb,"Deposit or dispose of (garbage, waste, or unwanted material), typically in a careless or hurried way","Deposit or dispose of (garbage, waste, or unwanted material), typically in a careless or hurried way",ถ่ายโอนข้อมูล,ถ่ายโอนข้อมูล,CORRECT,ถูกต้องตามหลักไวยากรณ์และความหมาย
1123,ox_during,during,preposition,preposition,Throughout the course or duration of (a period of time),Throughout the course or duration of (a period of time),ในระหว่าง,ในระหว่าง,CORRECT,ถูกต้องตามหลักไวยากรณ์และความหมาย
1124,ox_dust,dust,noun,noun,"Fine, dry particles of matter","Fine, dry particles of matter",ฝุ่น,ฝุ่น,CORRECT,ถูกต้องตามหลักไวยากรณ์และความหมาย
1125,ox_duty,duty,noun,noun,A moral or legal obligation; a responsibility,A moral or legal obligation; a responsibility,หน้าที่,หน้าที่,CORRECT,ถูกต้องตามหลักไวยากรณ์และความหมาย
1126,ox_DVD,DVD,noun,noun,"A type of compact disc able to store large amounts of data, especially high-resolution audiovisual material","A type of compact disc able to store large amounts of data, especially high-resolution audiovisual material",ดีวีดี,ดีวีดี,CORRECT,ถูกต้องตามหลักไวยากรณ์และความหมาย
1127,ox_dying,dying,adjective,adjective,On the point of death,On the point of death,กำลังจะตาย,กำลังจะตาย,CORRECT,ถูกต้องตามหลักไวยากรณ์และความหมาย
1128,ox_each,each,adjective,adjective,Every one of two or more people or things considered separately,Every one of two or more people or things considered separately,แต่ละ,แต่ละ,CORRECT,ถูกต้องตามหลักไวยากรณ์และความหมาย
1129,ox_each_other,each other,pronoun,pronoun,"Used to refer to every one of two or more people or things, when the action or relationship involves both or all of them",used to refer to each other in a reciprocal relationship,กันและกัน,"ซึ่งกันและกัน, กันและกัน",MODIFIED,ตรวจสอบความถูกต้องและปรับคำแปลไทยให้เป็นธรรมชาติ
1130,ox_ear,ear,noun,noun,The organ of hearing and balance in humans and other vertebrates,The organ of hearing and balance in humans and other vertebrates,หู,หู,CORRECT,ถูกต้องตามหลักไวยากรณ์และความหมาย
1131,ox_early,early,adjective,adjective,Happening or done before the usual or expected time,Happening or done before the usual or expected time,แต่เช้า / ก่อนเวลา / แต่เนิ่นๆ,แต่เช้า / ก่อนเวลา / แต่เนิ่นๆ,CORRECT,ถูกต้องตามหลักไวยากรณ์และความหมาย
1132,ox_earn,earn,verb,verb,Receive (money) in return for labor or services,Receive (money) in return for labor or services,ได้รับ,ได้รับ,CORRECT,ถูกต้องตามหลักไวยากรณ์และความหมาย
1133,ox_earth,earth,noun,noun,The planet on which we live; the world,The planet on which we live; the world,โลก,โลก,CORRECT,ถูกต้องตามหลักไวยากรณ์และความหมาย
1134,ox_ease,ease,verb,verb,"Make (something unpleasant, painful, or intense) less serious or severe","Make (something unpleasant, painful, or intense) less serious or severe",ผ่อนปรน,ผ่อนปรน,CORRECT,ถูกต้องตามหลักไวยากรณ์และความหมาย
1135,ox_easily,easily,adverb,adverb,Without difficulty or effort,Without difficulty or effort,อย่างง่ายดาย,อย่างง่ายดาย,CORRECT,ถูกต้องตามหลักไวยากรณ์และความหมาย
1136,ox_east,east,noun,noun,The direction towards the point of the horizon where the sun rises,The direction towards the point of the horizon where the sun rises,ทิศตะวันออก,ทิศตะวันออก,CORRECT,ถูกต้องตามหลักไวยากรณ์และความหมาย
1137,ox_eastern,eastern,adjective,adjective,"Situated in the east, or facing east","Situated in the east, or facing east",ตะวันออก,ตะวันออก,CORRECT,ถูกต้องตามหลักไวยากรณ์และความหมาย
1138,ox_easy,easy,adjective,adjective,Achieved without great effort; presenting few difficulties,Achieved without great effort; presenting few difficulties,ง่าย,ง่าย,CORRECT,ถูกต้องตามหลักไวยากรณ์และความหมาย
1139,ox_eat,eat,verb,verb,Put (food) into the mouth and chew and swallow it,Put (food) into the mouth and chew and swallow it,กิน,กิน,CORRECT,ถูกต้องตามหลักไวยากรณ์และความหมาย
1140,ox_eat_out,eat out,verb,phrasal verb,a phrasal verb meaning to eat out,to eat a meal in a restaurant rather than at home,ไปทานข้าวนอกบ้าน,"ไปกินข้าวนอกบ้าน, ทานอาหารที่ร้าน",MODIFIED,แทนที่คำนิยาม placeholder ภาษาอังกฤษ
1141,ox_eat_up,eat up,verb,phrasal verb,a phrasal verb meaning to eat up,to eat all of something until nothing is left; to use up resources,กินให้หมดเกลี้ยง,"กินให้หมดเกลี้ยง, ผลาญเวลา/เงิน",MODIFIED,แทนที่คำนิยาม placeholder ภาษาอังกฤษ
1142,ox_economic,economic,adjective,adjective,Relating to economics or the economy,Relating to economics or the economy,ทางเศรษฐกิจ,ทางเศรษฐกิจ,CORRECT,ถูกต้องตามหลักไวยากรณ์และความหมาย
1143,ox_economy,economy,noun,noun,"The wealth and resources of a country or region, especially in terms of the production and consumption of goods and services","The wealth and resources of a country or region, especially in terms of the production and consumption of goods and services",เศรษฐกิจ,เศรษฐกิจ,CORRECT,ถูกต้องตามหลักไวยากรณ์และความหมาย
1144,ox_edge,edge,noun,noun,"The outside limit of an object, area, or surface; a place or part farthest away from the center of something","The outside limit of an object, area, or surface; a place or part farthest away from the center of something",ขอบ,ขอบ,CORRECT,ถูกต้องตามหลักไวยากรณ์และความหมาย
1145,ox_edition,edition,noun,noun,A particular version or instance of a publication,A particular version or instance of a publication,ฉบับ,ฉบับ,CORRECT,ถูกต้องตามหลักไวยากรณ์และความหมาย
1146,ox_editor,editor,noun,noun,"A person who is in charge of and determines the final content of a text, particularly a newspaper or magazine","A person who is in charge of and determines the final content of a text, particularly a newspaper or magazine",บรรณาธิการ,บรรณาธิการ,CORRECT,ถูกต้องตามหลักไวยากรณ์และความหมาย
1147,ox_educate,educate,verb,verb,"Give intellectual, moral, and social instruction to (someone), typically at a school or university","Give intellectual, moral, and social instruction to (someone), typically at a school or university",ให้ความรู้,ให้ความรู้,CORRECT,ถูกต้องตามหลักไวยากรณ์และความหมาย
1148,ox_educated,educated,adjective,adjective,Having been educated,Having been educated,มีการศึกษา,มีการศึกษา,CORRECT,ถูกต้องตามหลักไวยากรณ์และความหมาย
1149,ox_education,education,noun,noun,"The process of receiving or giving systematic instruction, especially at a school or university","The process of receiving or giving systematic instruction, especially at a school or university",การศึกษา,การศึกษา,CORRECT,ถูกต้องตามหลักไวยากรณ์และความหมาย
1150,ox_effect,effect,noun,noun,A change that is a result or consequence of an action or other cause,a change that is a result or consequence of an action or other cause,ผล,"ผลกระทบ, ผลลัพธ์, ผลสัมฤทธิ์",MODIFIED,"ขยายคำแปลไทยจาก ""ผล"" เป็น ""ผลกระทบ, ผลลัพธ์"""
1151,ox_effective,effective,adjective,adjective,Successful in producing a desired or intended result,Successful in producing a desired or intended result,มีประสิทธิภาพ,มีประสิทธิภาพ,CORRECT,ถูกต้องตามหลักไวยากรณ์และความหมาย
1152,ox_effectively,effectively,adverb,adverb,In such a manner as to achieve a desired result,In such a manner as to achieve a desired result,อย่างมีประสิทธิภาพ,อย่างมีประสิทธิภาพ,CORRECT,ถูกต้องตามหลักไวยากรณ์และความหมาย
1153,ox_efficient,efficient,adjective,adjective,working well without wasting time or resources,working well without wasting time or resources,มีประสิทธิภาพ,มีประสิทธิภาพ,CORRECT,ถูกต้องตามหลักไวยากรณ์และความหมาย
1154,ox_efficiently,efficiently,adverb,adverb,in a way that works well without wasting time or resources,in a way that works well without wasting time or resources,อย่างมีประสิทธิภาพ,อย่างมีประสิทธิภาพ,CORRECT,ถูกต้องตามหลักไวยากรณ์และความหมาย
1155,ox_effort,effort,noun,noun,A vigorous or determined attempt,A vigorous or determined attempt,ความพยายาม,ความพยายาม,CORRECT,ถูกต้องตามหลักไวยากรณ์และความหมาย
1156,ox_e.g.,e.g.,other,other,"an abbreviation meaning ""for example""","an abbreviation meaning ""for example""",เช่น,เช่น,CORRECT,ถูกต้องตามหลักไวยากรณ์และความหมาย
1157,ox_egg,egg,noun,noun,"An oval or round object laid by a female bird, reptile, fish, or invertebrate, usually containing a developing embryo","An oval or round object laid by a female bird, reptile, fish, or invertebrate, usually containing a developing embryo",ไข่,ไข่,CORRECT,ถูกต้องตามหลักไวยากรณ์และความหมาย
1158,ox_eight,eight,noun,noun,"Equivalent to the product of two and four; one more than seven, or two less than ten","Equivalent to the product of two and four; one more than seven, or two less than ten",แปด,แปด,CORRECT,ถูกต้องตามหลักไวยากรณ์และความหมาย
1159,ox_eighteen,eighteen,noun,noun,"Equivalent to the product of two and nine; one more than seventeen, or two less than nineteen","Equivalent to the product of two and nine; one more than seventeen, or two less than nineteen",สิบแปด,สิบแปด,CORRECT,ถูกต้องตามหลักไวยากรณ์และความหมาย
1160,ox_eighteenth,eighteenth,adjective,adjective,Constituting number eighteen in a sequence; 18th,Constituting number eighteen in a sequence; 18th,ที่สิบแปด,ที่สิบแปด,CORRECT,ถูกต้องตามหลักไวยากรณ์และความหมาย
1161,ox_eighth,eighth,adjective,adjective,Constituting number eight in a sequence; 8th,Constituting number eight in a sequence; 8th,ที่แปด,ที่แปด,CORRECT,ถูกต้องตามหลักไวยากรณ์และความหมาย
1162,ox_eightieth,eightieth,adjective,adjective,Constituting number eighty in a sequence; 80th,Constituting number eighty in a sequence; 80th,ที่แปดสิบ,ที่แปดสิบ,CORRECT,ถูกต้องตามหลักไวยากรณ์และความหมาย
1163,ox_eighty,eighty,noun,noun,The number equivalent to the product of eight and ten; ten less than ninety; 80,The number equivalent to the product of eight and ten; ten less than ninety; 80,แปดสิบ,แปดสิบ,CORRECT,ถูกต้องตามหลักไวยากรณ์และความหมาย
1164,ox_either,either,conjunction,conjunction,Used before the first of two (or occasionally more) given alternatives (the other being introduced by ‘or’),Used before the first of two (or occasionally more) given alternatives (the other being introduced by ‘or’),ทั้ง,ทั้ง,CORRECT,ถูกต้องตามหลักไวยากรณ์และความหมาย
1165,ox_elbow,elbow,noun,noun,The joint between the forearm and the upper arm,The joint between the forearm and the upper arm,ข้อศอก,ข้อศอก,CORRECT,ถูกต้องตามหลักไวยากรณ์และความหมาย
1166,ox_elderly,elderly,adjective,adjective,Old or aging,Old or aging,ผู้สูงอายุ,ผู้สูงอายุ,CORRECT,ถูกต้องตามหลักไวยากรณ์และความหมาย
1167,ox_elect,elect,verb,verb,Choose (someone) to hold public office or some other position by voting,Choose (someone) to hold public office or some other position by voting,เลือก,เลือก,CORRECT,ถูกต้องตามหลักไวยากรณ์และความหมาย
1168,ox_election,election,noun,noun,A formal and organized choice by vote of a person for a political office or other position,A formal and organized choice by vote of a person for a political office or other position,การเลือกตั้ง,การเลือกตั้ง,CORRECT,ถูกต้องตามหลักไวยากรณ์และความหมาย
1169,ox_electric,electric,adjective,adjective,"Of, worked by, charged with, or producing electricity","Of, worked by, charged with, or producing electricity",ไฟฟ้า,ไฟฟ้า,CORRECT,ถูกต้องตามหลักไวยากรณ์และความหมาย
1170,ox_electrical,electrical,adjective,adjective,Relating to electricity,Relating to electricity,ไฟฟ้า,ไฟฟ้า,CORRECT,ถูกต้องตามหลักไวยากรณ์และความหมาย
1171,ox_electricity,electricity,noun,noun,A form of energy resulting from the existence of charged particles,A form of energy resulting from the existence of charged particles,ไฟฟ้า,ไฟฟ้า,CORRECT,ถูกต้องตามหลักไวยากรณ์และความหมาย
1172,ox_electronic,electronic,adjective,adjective,"Operating through the use of many small components, especially microchips and transistors, that control and direct electric currents","Operating through the use of many small components, especially microchips and transistors, that control and direct electric currents",อิเล็กทรอนิกส์,อิเล็กทรอนิกส์,CORRECT,ถูกต้องตามหลักไวยากรณ์และความหมาย
1173,ox_elegant,elegant,adjective,adjective,Pleasingly graceful and stylish in appearance or manner,Pleasingly graceful and stylish in appearance or manner,สง่างาม,สง่างาม,CORRECT,ถูกต้องตามหลักไวยากรณ์และความหมาย
1174,ox_element,element,noun,noun,"A part or aspect of something abstract, especially one that is essential or characteristic","A part or aspect of something abstract, especially one that is essential or characteristic",องค์ประกอบ,องค์ประกอบ,CORRECT,ถูกต้องตามหลักไวยากรณ์และความหมาย
1175,ox_elevator,elevator,noun,noun,A platform or compartment housed in a shaft for raising and lowering people or things to different floors or levels,A platform or compartment housed in a shaft for raising and lowering people or things to different floors or levels,ลิฟต์,ลิฟต์,CORRECT,ถูกต้องตามหลักไวยากรณ์และความหมาย
1176,ox_eleven,eleven,noun,noun,Equivalent to the sum of ten and one; one more than ten; 11,Equivalent to the sum of ten and one; one more than ten; 11,สิบเอ็ด,สิบเอ็ด,CORRECT,ถูกต้องตามหลักไวยากรณ์และความหมาย
1177,ox_eleventh,eleventh,adjective,adjective,Constituting number eleven in a sequence; 11th,Constituting number eleven in a sequence; 11th,ที่สิบเอ็ด,ที่สิบเอ็ด,CORRECT,ถูกต้องตามหลักไวยากรณ์และความหมาย
1178,ox_else,else,adjective,adjective,In addition; besides,In addition; besides,อื่น,อื่น,CORRECT,ถูกต้องตามหลักไวยากรณ์และความหมาย
1179,ox_elsewhere,elsewhere,adverb,adverb,"In, at, or to some other place","In, at, or to some other place",ที่อื่น,ที่อื่น,CORRECT,ถูกต้องตามหลักไวยากรณ์และความหมาย
1180,ox_email,email,noun,noun,Messages distributed by electronic means from one computer user to one or more recipients via a network,Messages distributed by electronic means from one computer user to one or more recipients via a network,อีเมล,อีเมล,CORRECT,ถูกต้องตามหลักไวยากรณ์และความหมาย
1181,ox_embarrass,embarrass,verb,verb,"Cause (someone) to feel awkward, self-conscious, or ashamed","Cause (someone) to feel awkward, self-conscious, or ashamed",อับอาย,อับอาย,CORRECT,ถูกต้องตามหลักไวยากรณ์และความหมาย
1182,ox_embarrassed,embarrassed,adjective,adjective,Feeling or showing embarrassment,Feeling or showing embarrassment,เขินอาย,เขินอาย,CORRECT,ถูกต้องตามหลักไวยากรณ์และความหมาย
1183,ox_embarrassing,embarrassing,adjective,adjective,Causing embarrassment,Causing embarrassment,น่าอาย,น่าอาย,CORRECT,ถูกต้องตามหลักไวยากรณ์และความหมาย
1184,ox_embarrassment,embarrassment,noun,noun,"A feeling of self-consciousness, shame, or awkwardness","A feeling of self-consciousness, shame, or awkwardness",ความลำบากใจ,ความลำบากใจ,CORRECT,ถูกต้องตามหลักไวยากรณ์และความหมาย
1185,ox_emerge,emerge,verb,verb,Move out of or away from something and become visible,Move out of or away from something and become visible,โผล่ออกมา,โผล่ออกมา,CORRECT,ถูกต้องตามหลักไวยากรณ์และความหมาย
1186,ox_emergency,emergency,noun,noun,"A serious, unexpected, and often dangerous situation requiring immediate action","A serious, unexpected, and often dangerous situation requiring immediate action",ภาวะฉุกเฉิน,ภาวะฉุกเฉิน,CORRECT,ถูกต้องตามหลักไวยากรณ์และความหมาย
1187,ox_emotion,emotion,noun,noun,"A natural instinctive state of mind deriving from one's circumstances, mood, or relationships with others","A natural instinctive state of mind deriving from one's circumstances, mood, or relationships with others",อารมณ์,อารมณ์,CORRECT,ถูกต้องตามหลักไวยากรณ์และความหมาย
1188,ox_emotional,emotional,adjective,adjective,Relating to a person's emotions,Relating to a person's emotions,ทางอารมณ์,ทางอารมณ์,CORRECT,ถูกต้องตามหลักไวยากรณ์และความหมาย
1189,ox_emotionally,emotionally,adverb,adverb,In a way that relates to a person's emotions,In a way that relates to a person's emotions,อารมณ์,อารมณ์,CORRECT,ถูกต้องตามหลักไวยากรณ์และความหมาย
1190,ox_emphasis,emphasis,noun,noun,"Special importance, value, or prominence given to something","Special importance, value, or prominence given to something",เน้น,เน้น,CORRECT,ถูกต้องตามหลักไวยากรณ์และความหมาย
1191,ox_emphasize,emphasize,verb,verb,Give special importance or value to (something) in speaking or writing,Give special importance or value to (something) in speaking or writing,เน้นย้ำ,เน้นย้ำ,CORRECT,ถูกต้องตามหลักไวยากรณ์และความหมาย
1192,ox_empire,empire,noun,noun,An extensive group of states or countries under a single supreme authority,An extensive group of states or countries under a single supreme authority,จักรวรรดิ,จักรวรรดิ,CORRECT,ถูกต้องตามหลักไวยากรณ์และความหมาย
1193,ox_employ,employ,verb,verb,Give work to (someone) and pay them for it,Give work to (someone) and pay them for it,จ้าง,จ้าง,CORRECT,ถูกต้องตามหลักไวยากรณ์และความหมาย
1194,ox_employee,employee,noun,noun,A person employed for wages or salary,A person employed for wages or salary,พนักงาน,พนักงาน,CORRECT,ถูกต้องตามหลักไวยากรณ์และความหมาย
1195,ox_employer,employer,noun,noun,A person or organization that employs people,A person or organization that employs people,นายจ้าง,นายจ้าง,CORRECT,ถูกต้องตามหลักไวยากรณ์และความหมาย
1196,ox_employment,employment,noun,noun,The condition of having paid work,The condition of having paid work,การจ้างงาน,การจ้างงาน,CORRECT,ถูกต้องตามหลักไวยากรณ์และความหมาย
1197,ox_empty,empty,adjective,adjective,Containing nothing; not filled or occupied,Containing nothing; not filled or occupied,ว่างเปล่า,ว่างเปล่า,CORRECT,ถูกต้องตามหลักไวยากรณ์และความหมาย
1198,ox_enable,enable,verb,verb,Give (someone or something) the authority or means to do something,Give (someone or something) the authority or means to do something,เปิดใช้งาน,เปิดใช้งาน,CORRECT,ถูกต้องตามหลักไวยากรณ์และความหมาย
1199,ox_encourage,encourage,verb,verb,"Give support, confidence, or hope to (someone)","Give support, confidence, or hope to (someone)",ให้กำลังใจ,ให้กำลังใจ,CORRECT,ถูกต้องตามหลักไวยากรณ์และความหมาย
1200,ox_encouragement,encouragement,noun,noun,"The action of giving someone support, confidence, or hope","The action of giving someone support, confidence, or hope",กำลังใจ,กำลังใจ,CORRECT,ถูกต้องตามหลักไวยากรณ์และความหมาย
1201,ox_end,end,noun,noun,"A final part of something, especially a period of time, an activity, or a story","A final part of something, especially a period of time, an activity, or a story",จบ,จบ,CORRECT,ถูกต้องตามหลักไวยากรณ์และความหมาย
1202,ox_end_in,end in,noun,phrasal verb,Finish in a particular way or place,to finish or conclude with a particular result,ลงเอยด้วย / จบลงด้วย,"ลงเอยด้วย, จบลงด้วย",MODIFIED,แก้ไขชนิดของคำ POS จาก noun เป็น phrasal verb
1203,ox_ending,ending,noun,noun,The final part of a period or sequence of events,The final part of a period or sequence of events,สิ้นสุด,สิ้นสุด,CORRECT,ถูกต้องตามหลักไวยากรณ์และความหมาย
1204,ox_end_up,end up,verb,phrasal verb,a phrasal verb meaning to end up,to finally find oneself in a particular place or situation,ลงเอยด้วย / ในที่สุดก็กลายเป็น,"ลงเอยด้วย, ในที่สุดก็กลายเป็น",MODIFIED,แทนที่คำนิยาม placeholder ภาษาอังกฤษ
1205,ox_enemy,enemy,noun,noun,A person who is actively opposed or hostile to someone or something,A person who is actively opposed or hostile to someone or something,ศัตรู,ศัตรู,CORRECT,ถูกต้องตามหลักไวยากรณ์และความหมาย
1206,ox_energy,energy,noun,noun,The strength and vitality required for sustained physical or mental activity,The strength and vitality required for sustained physical or mental activity,พลังงาน,พลังงาน,CORRECT,ถูกต้องตามหลักไวยากรณ์และความหมาย
1207,ox_engage,engage,verb,verb,"Occupy, attract, or involve (someone's interest or attention)","Occupy, attract, or involve (someone's interest or attention)",หมั้น,หมั้น,CORRECT,ถูกต้องตามหลักไวยากรณ์และความหมาย
1208,ox_engaged,engaged,adjective,adjective,Busy; occupied,Busy; occupied,มีส่วนร่วม,มีส่วนร่วม,CORRECT,ถูกต้องตามหลักไวยากรณ์และความหมาย
1209,ox_engine,engine,noun,noun,A machine with moving parts that converts power into motion,A machine with moving parts that converts power into motion,เครื่องยนต์,เครื่องยนต์,CORRECT,ถูกต้องตามหลักไวยากรณ์และความหมาย
1210,ox_engineer,engineer,noun,noun,"A person who designs, builds, or maintains engines, machines, or structures","A person who designs, builds, or maintains engines, machines, or structures",วิศวกร,วิศวกร,CORRECT,ถูกต้องตามหลักไวยากรณ์และความหมาย
1211,ox_engineering,engineering,noun,noun,"The branch of science and technology concerned with the design, building, and use of engines, machines, and structures","The branch of science and technology concerned with the design, building, and use of engines, machines, and structures",วิศวกรรม,วิศวกรรม,CORRECT,ถูกต้องตามหลักไวยากรณ์และความหมาย
1212,ox_enjoy,enjoy,verb,verb,Take delight or pleasure in (an activity or occasion),Take delight or pleasure in (an activity or occasion),สนุก,สนุก,CORRECT,ถูกต้องตามหลักไวยากรณ์และความหมาย
1213,ox_enjoyable,enjoyable,adjective,adjective,Giving delight or pleasure,Giving delight or pleasure,สนุกสนาน,สนุกสนาน,CORRECT,ถูกต้องตามหลักไวยากรณ์และความหมาย
1214,ox_enjoyment,enjoyment,noun,noun,The state or process of taking pleasure in something,The state or process of taking pleasure in something,ความเพลิดเพลิน,ความเพลิดเพลิน,CORRECT,ถูกต้องตามหลักไวยากรณ์และความหมาย
1215,ox_enormous,enormous,adjective,adjective,"Very large in size, quantity, or extent","Very large in size, quantity, or extent",มหาศาล,มหาศาล,CORRECT,ถูกต้องตามหลักไวยากรณ์และความหมาย
1216,ox_enough,enough,adjective,adjective,As much or as many as required,As much or as many as required,เพียงพอ,เพียงพอ,CORRECT,ถูกต้องตามหลักไวยากรณ์และความหมาย
1217,ox_enquiry,enquiry,noun,noun,An act of asking for information,An act of asking for information,สอบถามรายละเอียดเพิ่มเติม,สอบถามรายละเอียดเพิ่มเติม,CORRECT,ถูกต้องตามหลักไวยากรณ์และความหมาย
1218,ox_ensure,ensure,verb,verb,Make certain that (something) will occur or be the case,Make certain that (something) will occur or be the case,ทำให้มั่นใจ,ทำให้มั่นใจ,CORRECT,ถูกต้องตามหลักไวยากรณ์และความหมาย
1219,ox_enter,enter,verb,verb,Come or go into (a place),Come or go into (a place),เข้า,เข้า,CORRECT,ถูกต้องตามหลักไวยากรณ์และความหมาย
1220,ox_entertain,entertain,verb,verb,Provide (someone) with amusement or enjoyment,to provide amusement or enjoyment to someone; to host guests,ความบันเทิง,"ให้ความบันเทิง, ต้อนรับขับสู้, เลี้ยงรับรอง",MODIFIED,แก้ไขคำแปลไทยจากคำนาม (ความบันเทิง) ให้เป็นคำกริยา (ให้ความบันเทิง)
1221,ox_entertainer,entertainer,noun,noun,"A person who entertains, especially a professional one","A person who entertains, especially a professional one",ผู้ให้ความบันเทิง,ผู้ให้ความบันเทิง,CORRECT,ถูกต้องตามหลักไวยากรณ์และความหมาย
1222,ox_entertaining,entertaining,adjective,adjective,Providing amusement or enjoyment,Providing amusement or enjoyment,สนุกสนาน,สนุกสนาน,CORRECT,ถูกต้องตามหลักไวยากรณ์และความหมาย
1223,ox_entertainment,entertainment,noun,noun,The action of providing or being provided with amusement or enjoyment,The action of providing or being provided with amusement or enjoyment,ความบันเทิง,ความบันเทิง,CORRECT,ถูกต้องตามหลักไวยากรณ์และความหมาย
1224,ox_enthusiasm,enthusiasm,noun,noun,"Intense and eager enjoyment, interest, or approval","Intense and eager enjoyment, interest, or approval",ความกระตือรือร้น,ความกระตือรือร้น,CORRECT,ถูกต้องตามหลักไวยากรณ์และความหมาย
1225,ox_enthusiastic,enthusiastic,adjective,adjective,"Having or showing intense and eager enjoyment, interest, or approval","Having or showing intense and eager enjoyment, interest, or approval",กระตือรือร้น,กระตือรือร้น,CORRECT,ถูกต้องตามหลักไวยากรณ์และความหมาย
1226,ox_enthusiastically,enthusiastically,adverb,adverb,"In a way that shows intense and eager enjoyment, interest, or approval","In a way that shows intense and eager enjoyment, interest, or approval",อย่างกระตือรือร้น,อย่างกระตือรือร้น,CORRECT,ถูกต้องตามหลักไวยากรณ์และความหมาย
1227,ox_entire,entire,adjective,adjective,With no part left out; whole,With no part left out; whole,ทั้งหมด,ทั้งหมด,CORRECT,ถูกต้องตามหลักไวยากรณ์และความหมาย
1228,ox_entirely,entirely,adverb,adverb,Completely (often used for emphasis),Completely (often used for emphasis),โดยสิ้นเชิง,โดยสิ้นเชิง,CORRECT,ถูกต้องตามหลักไวยากรณ์และความหมาย
1229,ox_entitle,entitle,verb,verb,Give (someone) a legal right or a just claim to receive or do something,Give (someone) a legal right or a just claim to receive or do something,สิทธิ,สิทธิ,CORRECT,ถูกต้องตามหลักไวยากรณ์และความหมาย
1230,ox_entrance_1,entrance 1,noun,noun,"the way into a place, such as a door or gate","an opening, such as a door or gate, by which you enter a place",ทางเข้า / การเข้าสู่,"ทางเข้า, การเข้าสู่",MODIFIED,ตรวจสอบความถูกต้อง
1231,ox_entry,entry,noun,noun,An act of going or coming in,An act of going or coming in,รายการ,รายการ,CORRECT,ถูกต้องตามหลักไวยากรณ์และความหมาย
1232,ox_envelope,envelope,noun,noun,"A flat paper container with a sealable flap, used to enclose a letter or document","A flat paper container with a sealable flap, used to enclose a letter or document",ซองจดหมาย,ซองจดหมาย,CORRECT,ถูกต้องตามหลักไวยากรณ์และความหมาย
1233,ox_environment,environment,noun,noun,"The surroundings or conditions in which a person, animal, or plant lives or operates","The surroundings or conditions in which a person, animal, or plant lives or operates",สิ่งแวดล้อม,สิ่งแวดล้อม,CORRECT,ถูกต้องตามหลักไวยากรณ์และความหมาย
1234,ox_environmental,environmental,adjective,adjective,Relating to the natural world and the impact of human activity on its condition,Relating to the natural world and the impact of human activity on its condition,ด้านสิ่งแวดล้อม,ด้านสิ่งแวดล้อม,CORRECT,ถูกต้องตามหลักไวยากรณ์และความหมาย
1235,ox_equal,equal,adjective,adjective,"Being the same in quantity, size, degree, or value","Being the same in quantity, size, degree, or value",เท่ากัน,เท่ากัน,CORRECT,ถูกต้องตามหลักไวยากรณ์และความหมาย
1236,ox_equally,equally,adverb,adverb,In the same manner and to the same extent,In the same manner and to the same extent,เท่าๆ กัน,เท่าๆ กัน,CORRECT,ถูกต้องตามหลักไวยากรณ์และความหมาย
1237,ox_equipment,equipment,noun,noun,The necessary items for a particular purpose,The necessary items for a particular purpose,อุปกรณ์,อุปกรณ์,CORRECT,ถูกต้องตามหลักไวยากรณ์และความหมาย
1238,ox_equivalent,equivalent,adjective,adjective,"Equal in value, amount, function, meaning, etc.","Equal in value, amount, function, meaning, etc.",เทียบเท่า,เทียบเท่า,CORRECT,ถูกต้องตามหลักไวยากรณ์และความหมาย
1239,ox_error,error,noun,noun,A mistake,A mistake,ข้อผิดพลาด,ข้อผิดพลาด,CORRECT,ถูกต้องตามหลักไวยากรณ์และความหมาย
1240,ox_escape,escape,verb,verb,Break free from confinement or control,Break free from confinement or control,หนี,หนี,CORRECT,ถูกต้องตามหลักไวยากรณ์และความหมาย
1241,ox_especially,especially,adverb,adverb,"Used to single out one person, thing, or situation over all others","Used to single out one person, thing, or situation over all others",โดยเฉพาะ,โดยเฉพาะ,CORRECT,ถูกต้องตามหลักไวยากรณ์และความหมาย
1242,ox_essay,essay,noun,noun,A short piece of writing on a particular subject,A short piece of writing on a particular subject,เรียงความ,เรียงความ,CORRECT,ถูกต้องตามหลักไวยากรณ์และความหมาย
1243,ox_essential,essential,adjective,adjective,Absolutely necessary,Absolutely necessary,จำเป็น,จำเป็น,CORRECT,ถูกต้องตามหลักไวยากรณ์และความหมาย
1244,ox_essentially,essentially,adverb,adverb,"Used to emphasize the basic, fundamental, or intrinsic nature of a person, thing, or situation","Used to emphasize the basic, fundamental, or intrinsic nature of a person, thing, or situation",โดยพื้นฐานแล้ว,โดยพื้นฐานแล้ว,CORRECT,ถูกต้องตามหลักไวยากรณ์และความหมาย
1245,ox_estate,estate,noun,noun,"An extensive area of land in the country, usually with a large house, owned by one person, family, or organization","An extensive area of land in the country, usually with a large house, owned by one person, family, or organization",อสังหาริมทรัพย์,อสังหาริมทรัพย์,CORRECT,ถูกต้องตามหลักไวยากรณ์และความหมาย
1246,ox_estimate,estimate,noun,noun,"An approximate calculation or judgment of the value, number, quantity, or extent of something","An approximate calculation or judgment of the value, number, quantity, or extent of something",ประมาณการ,ประมาณการ,CORRECT,ถูกต้องตามหลักไวยากรณ์และความหมาย
1247,ox_etc.,etc.,noun,noun,"Used at the end of a list to indicate that further, similar items are included","Used at the end of a list to indicate that further, similar items are included",ฯลฯ,ฯลฯ,CORRECT,ถูกต้องตามหลักไวยากรณ์และความหมาย
1248,ox_euro,euro,noun,noun,The single European currency,The single European currency,ยูโร,ยูโร,CORRECT,ถูกต้องตามหลักไวยากรณ์และความหมาย
1249,ox_even,even,adjective,adjective,Flat and smooth,Flat and smooth,สม่ำเสมอ,สม่ำเสมอ,CORRECT,ถูกต้องตามหลักไวยากรณ์และความหมาย
1250,ox_evening,evening,noun,noun,"The period of time at the end of the day, usually from about 6 p.m. to bedtime","The period of time at the end of the day, usually from about 6 p.m. to bedtime",ตอนเย็น,ตอนเย็น,CORRECT,ถูกต้องตามหลักไวยากรณ์และความหมาย
1251,ox_event,event,noun,noun,"A thing that happens, especially one of importance","A thing that happens, especially one of importance",เหตุการณ์,เหตุการณ์,CORRECT,ถูกต้องตามหลักไวยากรณ์และความหมาย
1252,ox_eventually,eventually,adverb,adverb,"In the end, especially after a long delay, dispute, or series of problems","In the end, especially after a long delay, dispute, or series of problems",ในท้ายที่สุด,ในท้ายที่สุด,CORRECT,ถูกต้องตามหลักไวยากรณ์และความหมาย
1253,ox_ever,ever,adverb,adverb,At any time,At any time,เคย,เคย,CORRECT,ถูกต้องตามหลักไวยากรณ์และความหมาย
1254,ox_every,every,adjective,adjective,Used before a singular noun to refer to all the individual members of a set without exception,Used before a singular noun to refer to all the individual members of a set without exception,ทั้งหมด,ทั้งหมด,CORRECT,ถูกต้องตามหลักไวยากรณ์และความหมาย
1255,ox_everybody,everybody,pronoun,pronoun,Every person,Every person,ทุกคน,ทุกคน,CORRECT,ถูกต้องตามหลักไวยากรณ์และความหมาย
1256,ox_everyone,everyone,pronoun,pronoun,Every person,Every person,ทุกคน,ทุกคน,CORRECT,ถูกต้องตามหลักไวยากรณ์และความหมาย
1257,ox_everything,everything,pronoun,pronoun,All things,All things,ทุกอย่าง,ทุกอย่าง,CORRECT,ถูกต้องตามหลักไวยากรณ์และความหมาย
1258,ox_everywhere,everywhere,adverb,adverb,In or to all places,In or to all places,ทุกที่,ทุกที่,CORRECT,ถูกต้องตามหลักไวยากรณ์และความหมาย
1259,ox_evidence,evidence,noun,noun,The available body of facts or information indicating whether a belief or proposition is true or valid,The available body of facts or information indicating whether a belief or proposition is true or valid,หลักฐาน,หลักฐาน,CORRECT,ถูกต้องตามหลักไวยากรณ์และความหมาย
1260,ox_evil,evil,adjective,adjective,Profoundly immoral and wicked,Profoundly immoral and wicked,ความชั่วร้าย,ความชั่วร้าย,CORRECT,ถูกต้องตามหลักไวยากรณ์และความหมาย
1261,ox_ex_,ex-,other,other,"a prefix meaning ""former"", as in ex-wife or ex-president","a prefix meaning ""former"", as in ex-wife or ex-president",อดีต-,อดีต-,CORRECT,ถูกต้องตามหลักไวยากรณ์และความหมาย
1262,ox_exact,exact,adjective,adjective,Not approximated in any way; precise,Not approximated in any way; precise,ที่แน่นอน,ที่แน่นอน,CORRECT,ถูกต้องตามหลักไวยากรณ์และความหมาย
1263,ox_exactly,exactly,adverb,adverb,In a precise manner; used to emphasize the accuracy of a figure or description,In a precise manner; used to emphasize the accuracy of a figure or description,อย่างแน่นอน,อย่างแน่นอน,CORRECT,ถูกต้องตามหลักไวยากรณ์และความหมาย
1264,ox_exaggerate,exaggerate,verb,verb,"Represent (something) as being larger, better, or worse than it really is","Represent (something) as being larger, better, or worse than it really is",พูดเกินจริง,พูดเกินจริง,CORRECT,ถูกต้องตามหลักไวยากรณ์และความหมาย
1265,ox_exaggerated,exaggerated,adjective,adjective,"Regarded or represented as larger, better, or worse than in reality","Regarded or represented as larger, better, or worse than in reality",พูดเกินจริง,พูดเกินจริง,CORRECT,ถูกต้องตามหลักไวยากรณ์และความหมาย
1266,ox_exam,exam,noun,noun,A formal test of a person's knowledge or proficiency in a subject or skill,A formal test of a person's knowledge or proficiency in a subject or skill,การสอบ,การสอบ,CORRECT,ถูกต้องตามหลักไวยากรณ์และความหมาย
1267,ox_examination,examination,noun,noun,A detailed inspection or investigation,A detailed inspection or investigation,การตรวจสอบ,การตรวจสอบ,CORRECT,ถูกต้องตามหลักไวยากรณ์และความหมาย
1268,ox_examine,examine,verb,verb,Inspect (someone or something) in detail to determine their nature or condition; investigate thoroughly,Inspect (someone or something) in detail to determine their nature or condition; investigate thoroughly,พิจารณา,พิจารณา,CORRECT,ถูกต้องตามหลักไวยากรณ์และความหมาย
1269,ox_example,example,noun,noun,A thing characteristic of its kind or illustrating a general rule,A thing characteristic of its kind or illustrating a general rule,ตัวอย่าง,ตัวอย่าง,CORRECT,ถูกต้องตามหลักไวยากรณ์และความหมาย
1270,ox_excellent,excellent,adjective,adjective,Extremely good; outstanding,Extremely good; outstanding,ยอดเยี่ยม,ยอดเยี่ยม,CORRECT,ถูกต้องตามหลักไวยากรณ์และความหมาย
1271,ox_except,except,preposition,preposition,Not including; other than,Not including; other than,ยกเว้น,ยกเว้น,CORRECT,ถูกต้องตามหลักไวยากรณ์และความหมาย
1272,ox_exception,exception,noun,noun,A person or thing that is excluded from a general statement or does not follow a rule,A person or thing that is excluded from a general statement or does not follow a rule,ข้อยกเว้น,ข้อยกเว้น,CORRECT,ถูกต้องตามหลักไวยากรณ์และความหมาย
1273,ox_exchange,exchange,noun,noun,An act of giving one thing and receiving another (especially of the same type or value) in return,An act of giving one thing and receiving another (especially of the same type or value) in return,แลกเปลี่ยน,แลกเปลี่ยน,CORRECT,ถูกต้องตามหลักไวยากรณ์และความหมาย
1274,ox_excite,excite,verb,verb,Cause (someone) to feel very enthusiastic and eager,Cause (someone) to feel very enthusiastic and eager,กระตุ้น / ทำให้น่าตื่นเต้น,กระตุ้น / ทำให้น่าตื่นเต้น,CORRECT,ถูกต้องตามหลักไวยากรณ์และความหมาย
1275,ox_excited,excited,adjective,adjective,Very enthusiastic and eager,Very enthusiastic and eager,ตื่นเต้น,ตื่นเต้น,CORRECT,ถูกต้องตามหลักไวยากรณ์และความหมาย
1276,ox_excitement,excitement,noun,noun,A feeling of great enthusiasm and eagerness,A feeling of great enthusiasm and eagerness,ความตื่นเต้น,ความตื่นเต้น,CORRECT,ถูกต้องตามหลักไวยากรณ์และความหมาย
1277,ox_exciting,exciting,adjective,adjective,Causing great enthusiasm and eagerness,Causing great enthusiasm and eagerness,น่าตื่นเต้น,น่าตื่นเต้น,CORRECT,ถูกต้องตามหลักไวยากรณ์และความหมาย
1278,ox_exclude,exclude,verb,verb,"Deny (someone) access to or bar (someone) from a place, group, or privilege","Deny (someone) access to or bar (someone) from a place, group, or privilege",ยกเว้น,ยกเว้น,CORRECT,ถูกต้องตามหลักไวยากรณ์และความหมาย
1279,ox_excluding,excluding,preposition,preposition,Not including,Not including,ยกเว้น,ยกเว้น,CORRECT,ถูกต้องตามหลักไวยากรณ์และความหมาย
1280,ox_excuse,excuse,verb,verb,Seek to lessen the blame attaching to (a fault or offense); try to justify,Seek to lessen the blame attaching to (a fault or offense); try to justify,ขอโทษ,ขอโทษ,CORRECT,ถูกต้องตามหลักไวยากรณ์และความหมาย
1281,ox_executive,executive,noun,noun,A person with senior managerial responsibility in a business organization,A person with senior managerial responsibility in a business organization,ผู้บริหาร,ผู้บริหาร,CORRECT,ถูกต้องตามหลักไวยากรณ์และความหมาย
1282,ox_exercise,exercise,noun,noun,"Activity requiring physical effort, carried out to sustain or improve health and fitness","Activity requiring physical effort, carried out to sustain or improve health and fitness",ออกกำลังกาย,ออกกำลังกาย,CORRECT,ถูกต้องตามหลักไวยากรณ์และความหมาย
1283,ox_exhibit,exhibit,verb,verb,to show something publicly,to show something publicly,จัดแสดง,จัดแสดง,CORRECT,ถูกต้องตามหลักไวยากรณ์และความหมาย
1284,ox_exhibition,exhibition,noun,noun,"A public display of works of art or items of interest, held in an art gallery or museum or at a trade fair","A public display of works of art or items of interest, held in an art gallery or museum or at a trade fair",นิทรรศการ,นิทรรศการ,CORRECT,ถูกต้องตามหลักไวยากรณ์และความหมาย
1285,ox_exist,exist,verb,verb,Have objective reality or being,Have objective reality or being,มีอยู่,มีอยู่,CORRECT,ถูกต้องตามหลักไวยากรณ์และความหมาย
1286,ox_existence,existence,noun,noun,The fact or state of living or having objective reality,The fact or state of living or having objective reality,การดำรงอยู่,การดำรงอยู่,CORRECT,ถูกต้องตามหลักไวยากรณ์และความหมาย
1287,ox_exit,exit,noun,noun,"A way out, especially of a public building, room, or passenger vehicle","A way out, especially of a public building, room, or passenger vehicle",ทางออก,ทางออก,CORRECT,ถูกต้องตามหลักไวยากรณ์และความหมาย
1288,ox_expand,expand,verb,verb,Become or make larger or more extensive,Become or make larger or more extensive,ขยาย,ขยาย,CORRECT,ถูกต้องตามหลักไวยากรณ์และความหมาย
1289,ox_expect,expect,verb,verb,Regard (something) as likely to happen,Regard (something) as likely to happen,คาดหวัง,คาดหวัง,CORRECT,ถูกต้องตามหลักไวยากรณ์และความหมาย
1290,ox_expectation,expectation,noun,noun,A strong belief that something will happen or be the case,A strong belief that something will happen or be the case,ความคาดหวัง,ความคาดหวัง,CORRECT,ถูกต้องตามหลักไวยากรณ์และความหมาย
1291,ox_expected,expected,adjective,adjective,Regarded as likely; anticipated,Regarded as likely; anticipated,ที่คาดหวัง,ที่คาดหวัง,CORRECT,ถูกต้องตามหลักไวยากรณ์และความหมาย
1292,ox_expense,expense,noun,noun,The cost required for something; the money spent on something,The cost required for something; the money spent on something,ค่าใช้จ่าย,ค่าใช้จ่าย,CORRECT,ถูกต้องตามหลักไวยากรณ์และความหมาย
1293,ox_expensive,expensive,adjective,adjective,Costing a lot of money,Costing a lot of money,แพง,แพง,CORRECT,ถูกต้องตามหลักไวยากรณ์และความหมาย
1294,ox_experience,experience,noun,noun,Practical contact with and observation of facts or events,Practical contact with and observation of facts or events,ประสบการณ์,ประสบการณ์,CORRECT,ถูกต้องตามหลักไวยากรณ์และความหมาย
1295,ox_experienced,experienced,adjective,adjective,"Having knowledge or skill in a particular field, especially a profession or job, gained over a period of time","Having knowledge or skill in a particular field, especially a profession or job, gained over a period of time",มีประสบการณ์,มีประสบการณ์,CORRECT,ถูกต้องตามหลักไวยากรณ์และความหมาย
1296,ox_experiment,experiment,noun,noun,"A scientific procedure undertaken to make a discovery, test a hypothesis, or demonstrate a known fact","A scientific procedure undertaken to make a discovery, test a hypothesis, or demonstrate a known fact",การทดลอง,การทดลอง,CORRECT,ถูกต้องตามหลักไวยากรณ์และความหมาย
1297,ox_expert,expert,noun,noun,A person who has a comprehensive and authoritative knowledge of or skill in a particular area,A person who has a comprehensive and authoritative knowledge of or skill in a particular area,ผู้เชี่ยวชาญ,ผู้เชี่ยวชาญ,CORRECT,ถูกต้องตามหลักไวยากรณ์และความหมาย
1298,ox_explain,explain,verb,verb,"Make (an idea, situation, or problem) clear to someone by describing it in more detail or revealing relevant facts or ideas","Make (an idea, situation, or problem) clear to someone by describing it in more detail or revealing relevant facts or ideas",อธิบาย,อธิบาย,CORRECT,ถูกต้องตามหลักไวยากรณ์และความหมาย
1299,ox_explanation,explanation,noun,noun,A statement or account that makes something clear,A statement or account that makes something clear,คำอธิบาย,คำอธิบาย,CORRECT,ถูกต้องตามหลักไวยากรณ์และความหมาย
1300,ox_explode,explode,verb,verb,"Burst or shatter violently and noisily as a result of rapid combustion, excessive internal pressure, or other process","Burst or shatter violently and noisily as a result of rapid combustion, excessive internal pressure, or other process",ระเบิด,ระเบิด,CORRECT,ถูกต้องตามหลักไวยากรณ์และความหมาย
1301,ox_explore,explore,verb,verb,Travel in or through (an unfamiliar country or area) in order to learn about or familiarize oneself with it,Travel in or through (an unfamiliar country or area) in order to learn about or familiarize oneself with it,สำรวจ,สำรวจ,CORRECT,ถูกต้องตามหลักไวยากรณ์และความหมาย
1302,ox_explosion,explosion,noun,noun,A violent and destructive shattering or blowing apart of something,A violent and destructive shattering or blowing apart of something,การระเบิด,การระเบิด,CORRECT,ถูกต้องตามหลักไวยากรณ์และความหมาย
1303,ox_export,export,noun,noun,Send (goods or services) to another country for sale,Send (goods or services) to another country for sale,ส่งออก,ส่งออก,CORRECT,ถูกต้องตามหลักไวยากรณ์และความหมาย
1304,ox_expose,expose,verb,verb,"Make (something) visible, typically by uncovering it","Make (something) visible, typically by uncovering it",เปิดเผย,เปิดเผย,CORRECT,ถูกต้องตามหลักไวยากรณ์และความหมาย
1305,ox_express,express,verb,verb,Convey (a thought or feeling) in words or by gestures and conduct,Convey (a thought or feeling) in words or by gestures and conduct,ด่วน,ด่วน,CORRECT,ถูกต้องตามหลักไวยากรณ์และความหมาย
1306,ox_expression,expression,noun,noun,The process of making known one's thoughts or feelings,The process of making known one's thoughts or feelings,การแสดงออก,การแสดงออก,CORRECT,ถูกต้องตามหลักไวยากรณ์และความหมาย
1307,ox_extend,extend,verb,verb,Cause to cover a larger area; make longer or wider,Cause to cover a larger area; make longer or wider,ขยาย,ขยาย,CORRECT,ถูกต้องตามหลักไวยากรณ์และความหมาย
1308,ox_extension,extension,noun,noun,A part that is added to something to enlarge or prolong it,A part that is added to something to enlarge or prolong it,ส่วนขยาย,ส่วนขยาย,CORRECT,ถูกต้องตามหลักไวยากรณ์และความหมาย
1309,ox_extensive,extensive,adjective,adjective,Covering or affecting a large area,Covering or affecting a large area,กว้างขวาง,กว้างขวาง,CORRECT,ถูกต้องตามหลักไวยากรณ์และความหมาย
1310,ox_extent,extent,noun,noun,The area covered by something,The area covered by something,ขอบเขต / ระดับ,ขอบเขต / ระดับ,CORRECT,ถูกต้องตามหลักไวยากรณ์และความหมาย
1311,ox_extra,extra,adjective,adjective,Added to an existing or usual amount or number,Added to an existing or usual amount or number,พิเศษ,พิเศษ,CORRECT,ถูกต้องตามหลักไวยากรณ์และความหมาย
1312,ox_extraordinary,extraordinary,adjective,adjective,Very unusual or remarkable,Very unusual or remarkable,พิเศษ,พิเศษ,CORRECT,ถูกต้องตามหลักไวยากรณ์และความหมาย
1313,ox_extreme,extreme,adjective,adjective,Reaching a high or the highest degree; very great,Reaching a high or the highest degree; very great,สุดขีด,สุดขีด,CORRECT,ถูกต้องตามหลักไวยากรณ์และความหมาย
1314,ox_extremely,extremely,adverb,adverb,To a very great degree; very,To a very great degree; very,อย่างที่สุด,อย่างที่สุด,CORRECT,ถูกต้องตามหลักไวยากรณ์และความหมาย
1315,ox_eye,eye,noun,noun,The organ of sight,The organ of sight,ดวงตา,ดวงตา,CORRECT,ถูกต้องตามหลักไวยากรณ์และความหมาย
1316,ox_face,face,noun,noun,"The front part of a person's head from the forehead to the chin, or the corresponding part in an animal","The front part of a person's head from the forehead to the chin, or the corresponding part in an animal",ใบหน้า,ใบหน้า,CORRECT,ถูกต้องตามหลักไวยากรณ์และความหมาย
1317,ox_face_up_to,face up to,verb,phrasal verb,a phrasal verb meaning to face up to,to accept and deal with an unpleasant or difficult reality,ยอมรับความจริง / เผชิญหน้ากับ,"ยอมรับความจริง, เผชิญหน้ากับความจริง",MODIFIED,แทนที่คำนิยาม placeholder ภาษาอังกฤษ
1318,ox_facility,facility,noun,noun,"a place, equipment, or service provided for a purpose","a place, equipment, or service provided for a purpose",สิ่งอำนวยความสะดวก,สิ่งอำนวยความสะดวก,CORRECT,ถูกต้องตามหลักไวยากรณ์และความหมาย
1319,ox_fact,fact,noun,noun,A thing that is known or proved to be true,A thing that is known or proved to be true,ข้อเท็จจริง,ข้อเท็จจริง,CORRECT,ถูกต้องตามหลักไวยากรณ์และความหมาย
1320,ox_factor,factor,noun,noun,"A circumstance, fact, or influence that contributes to a result or outcome","A circumstance, fact, or influence that contributes to a result or outcome",ปัจจัย,ปัจจัย,CORRECT,ถูกต้องตามหลักไวยากรณ์และความหมาย
1321,ox_factory,factory,noun,noun,A building or group of buildings where goods are manufactured or assembled chiefly by machine,A building or group of buildings where goods are manufactured or assembled chiefly by machine,โรงงาน,โรงงาน,CORRECT,ถูกต้องตามหลักไวยากรณ์และความหมาย
1322,ox_fail,fail,verb,verb,Be unsuccessful in achieving one's goal,Be unsuccessful in achieving one's goal,ล้มเหลว,ล้มเหลว,CORRECT,ถูกต้องตามหลักไวยากรณ์และความหมาย
1323,ox_failure,failure,noun,noun,Lack of success,Lack of success,ความล้มเหลว,ความล้มเหลว,CORRECT,ถูกต้องตามหลักไวยากรณ์และความหมาย
1324,ox_faint,faint,adjective,adjective,Barely perceptible,Barely perceptible,เป็นลม,เป็นลม,CORRECT,ถูกต้องตามหลักไวยากรณ์และความหมาย
1325,ox_faintly,faintly,adjective,adjective,Barely perceptible,Barely perceptible,แผ่วเบา,แผ่วเบา,CORRECT,ถูกต้องตามหลักไวยากรณ์และความหมาย
1326,ox_fair,fair,adjective,adjective,In accordance with the rules or standards; legitimate,In accordance with the rules or standards; legitimate,ยุติธรรม,ยุติธรรม,CORRECT,ถูกต้องตามหลักไวยากรณ์และความหมาย
1327,ox_fairly,fairly,adverb,adverb,With justice,With justice,เป็นธรรม,เป็นธรรม,CORRECT,ถูกต้องตามหลักไวยากรณ์และความหมาย
1328,ox_faith,faith,noun,noun,Complete trust or confidence in someone or something,Complete trust or confidence in someone or something,ศรัทธา,ศรัทธา,CORRECT,ถูกต้องตามหลักไวยากรณ์และความหมาย
1329,ox_faithful,faithful,adjective,adjective,"Loyal, constant, and steadfast","Loyal, constant, and steadfast",ซื่อสัตย์,ซื่อสัตย์,CORRECT,ถูกต้องตามหลักไวยากรณ์และความหมาย
1330,ox_faithfully,faithfully,adverb,adverb,In a loyal manner,In a loyal manner,อย่างซื่อสัตย์,อย่างซื่อสัตย์,CORRECT,ถูกต้องตามหลักไวยากรณ์และความหมาย
1331,ox_fall,fall,verb,verb,"Move downward, typically rapidly and freely without control, from a higher to a lower level","Move downward, typically rapidly and freely without control, from a higher to a lower level",ตก,ตก,CORRECT,ถูกต้องตามหลักไวยากรณ์และความหมาย
1332,ox_false,false,adjective,adjective,Not according with truth or fact; incorrect,Not according with truth or fact; incorrect,เท็จ,เท็จ,CORRECT,ถูกต้องตามหลักไวยากรณ์และความหมาย
1333,ox_fame,fame,noun,noun,"The state of being known or talked about by many people, especially on account of notable achievements","The state of being known or talked about by many people, especially on account of notable achievements",ชื่อเสียง,ชื่อเสียง,CORRECT,ถูกต้องตามหลักไวยากรณ์และความหมาย
1334,ox_familiar,familiar,adjective,adjective,Well known from long or close association,Well known from long or close association,คุ้นเคย,คุ้นเคย,CORRECT,ถูกต้องตามหลักไวยากรณ์และความหมาย
1335,ox_family,family,noun,noun,A group consisting of parents and children living together in a household,A group consisting of parents and children living together in a household,ตระกูล,ตระกูล,CORRECT,ถูกต้องตามหลักไวยากรณ์และความหมาย
1336,ox_famous,famous,adjective,adjective,Known about by many people,Known about by many people,มีชื่อเสียง,มีชื่อเสียง,CORRECT,ถูกต้องตามหลักไวยากรณ์และความหมาย
1337,ox_fan,fan,noun,noun,An apparatus with rotating blades that creates a current of air for cooling or ventilation,An apparatus with rotating blades that creates a current of air for cooling or ventilation,พัดลม,พัดลม,CORRECT,ถูกต้องตามหลักไวยากรณ์และความหมาย
1338,ox_fancy,fancy,verb,verb,Feel a desire or liking for,Feel a desire or liking for,ไม่ธรรมดา,ไม่ธรรมดา,CORRECT,ถูกต้องตามหลักไวยากรณ์และความหมาย
1339,ox_far,far,adjective,adjective,"At, to, or by a great distance (used to indicate the extent to which one thing is distant from another)","At, to, or by a great distance (used to indicate the extent to which one thing is distant from another)",ไกล,ไกล,CORRECT,ถูกต้องตามหลักไวยากรณ์และความหมาย
1340,ox_farm,farm,noun,noun,"An area of land and its buildings, used for growing crops and rearing animals","An area of land and its buildings, used for growing crops and rearing animals",ฟาร์ม,ฟาร์ม,CORRECT,ถูกต้องตามหลักไวยากรณ์และความหมาย
1341,ox_farmer,farmer,noun,noun,A person who owns or manages a farm,A person who owns or manages a farm,ชาวนา,ชาวนา,CORRECT,ถูกต้องตามหลักไวยากรณ์และความหมาย
1342,ox_farming,farming,noun,noun,The activity or business of growing crops and raising livestock,The activity or business of growing crops and raising livestock,เกษตรกรรม,เกษตรกรรม,CORRECT,ถูกต้องตามหลักไวยากรณ์และความหมาย
1343,ox_farther,farther,adjective,adjective,"At, to, or by a greater distance","At, to, or by a greater distance",ไกลออกไป,ไกลออกไป,CORRECT,ถูกต้องตามหลักไวยากรณ์และความหมาย
1344,ox_farthest,farthest,adjective,adjective,At or to the greatest distance,At or to the greatest distance,ไกลที่สุด,ไกลที่สุด,CORRECT,ถูกต้องตามหลักไวยากรณ์และความหมาย
1345,ox_fashion,fashion,noun,noun,"A popular or the latest style of clothing, hair, decoration, or behavior","A popular or the latest style of clothing, hair, decoration, or behavior",แฟชั่น,แฟชั่น,CORRECT,ถูกต้องตามหลักไวยากรณ์และความหมาย
1346,ox_fashionable,fashionable,adjective,adjective,Characterized by or following the latest trends or fashions,Characterized by or following the latest trends or fashions,ทันสมัย,ทันสมัย,CORRECT,ถูกต้องตามหลักไวยากรณ์และความหมาย
1347,ox_fast,fast,adjective,adjective,Moving or capable of moving at high speed,Moving or capable of moving at high speed,เร็ว,เร็ว,CORRECT,ถูกต้องตามหลักไวยากรณ์และความหมาย
1348,ox_fasten,fasten,verb,verb,Close or join securely,Close or join securely,ยึด,ยึด,CORRECT,ถูกต้องตามหลักไวยากรณ์และความหมาย
1349,ox_fat,fat,noun,noun,"A natural oily substance occurring in animal bodies, especially when deposited as a layer under the skin or around certain organs","A natural oily substance occurring in animal bodies, especially when deposited as a layer under the skin or around certain organs",อ้วน,อ้วน,CORRECT,ถูกต้องตามหลักไวยากรณ์และความหมาย
1350,ox_father,father,noun,noun,A man in relation to his child or children,A man in relation to his child or children,พ่อ,พ่อ,CORRECT,ถูกต้องตามหลักไวยากรณ์และความหมาย
1351,ox_faucet,faucet,noun,noun,a device for controlling the flow of water from a pipe (American English for tap),a device for controlling the flow of water from a pipe (American English for tap),ก๊อกน้ำ,ก๊อกน้ำ,CORRECT,ถูกต้องตามหลักไวยากรณ์และความหมาย
1352,ox_fault,fault,noun,noun,"An unattractive or unsatisfactory feature, especially in a piece of work or in a person's character","An unattractive or unsatisfactory feature, especially in a piece of work or in a person's character",ความผิดพลาด,ความผิดพลาด,CORRECT,ถูกต้องตามหลักไวยากรณ์และความหมาย
1353,ox_favour,favour,verb,verb,Feel or show approval or preference for,Feel or show approval or preference for,โปรดปราน,โปรดปราน,CORRECT,ถูกต้องตามหลักไวยากรณ์และความหมาย
1354,ox_favourite,favourite,adjective,adjective,liked more than any other,liked more than any other,ที่ชื่นชอบ,ที่ชื่นชอบ,CORRECT,ถูกต้องตามหลักไวยากรณ์และความหมาย
1355,ox_fear,fear,noun,noun,"An unpleasant emotion caused by the threat of danger, pain, or harm","An unpleasant emotion caused by the threat of danger, pain, or harm",กลัว,กลัว,CORRECT,ถูกต้องตามหลักไวยากรณ์และความหมาย
1356,ox_feather,feather,noun,noun,Any of the flat appendages growing from a bird's skin and forming its plumage,Any of the flat appendages growing from a bird's skin and forming its plumage,ขนนก,ขนนก,CORRECT,ถูกต้องตามหลักไวยากรณ์และความหมาย
1357,ox_feature,feature,noun,noun,A distinctive attribute or aspect of something,A distinctive attribute or aspect of something,คุณสมบัติ,คุณสมบัติ,CORRECT,ถูกต้องตามหลักไวยากรณ์และความหมาย
1358,ox_February,February,noun,noun,The second month of the year,The second month of the year,กุมภาพันธ์,กุมภาพันธ์,CORRECT,ถูกต้องตามหลักไวยากรณ์และความหมาย
1359,ox_federal,federal,adjective,adjective,Relating to the central government of a country,Relating to the central government of a country,รัฐบาลกลาง,รัฐบาลกลาง,CORRECT,ถูกต้องตามหลักไวยากรณ์และความหมาย
1360,ox_fee,fee,noun,noun,A payment made to a professional person or to a professional or public body in exchange for advice or services,A payment made to a professional person or to a professional or public body in exchange for advice or services,ค่าธรรมเนียม,ค่าธรรมเนียม,CORRECT,ถูกต้องตามหลักไวยากรณ์และความหมาย
1361,ox_feed,feed,verb,verb,Give food to,Give food to,ให้อาหาร,ให้อาหาร,CORRECT,ถูกต้องตามหลักไวยากรณ์และความหมาย
1362,ox_feel,feel,verb,verb,Be aware of (a person or object) through touching or being touched,Be aware of (a person or object) through touching or being touched,รู้สึก,รู้สึก,CORRECT,ถูกต้องตามหลักไวยากรณ์และความหมาย
1363,ox_feeling,feeling,noun,noun,An emotional state or reaction,An emotional state or reaction,ความรู้สึก,ความรู้สึก,CORRECT,ถูกต้องตามหลักไวยากรณ์และความหมาย
1364,ox_fellow,fellow,noun,noun,"A person in the same position, involved in the same activity, or otherwise associated with another","A person in the same position, involved in the same activity, or otherwise associated with another",เพื่อน,เพื่อน,CORRECT,ถูกต้องตามหลักไวยากรณ์และความหมาย
1365,ox_female,female,adjective,adjective,Of or denoting the sex that can bear offspring or produce eggs,Of or denoting the sex that can bear offspring or produce eggs,หญิง,หญิง,CORRECT,ถูกต้องตามหลักไวยากรณ์และความหมาย
1366,ox_fence,fence,noun,noun,"A barrier, railing, or other upright structure, typically of wood or wire, enclosing an area of ground to mark a boundary, control access, or prevent escape","A barrier, railing, or other upright structure, typically of wood or wire, enclosing an area of ground to mark a boundary, control access, or prevent escape",รั้ว,รั้ว,CORRECT,ถูกต้องตามหลักไวยากรณ์และความหมาย
1367,ox_festival,festival,noun,noun,"A day or period of celebration, typically for religious reasons","A day or period of celebration, typically for religious reasons",งานเทศกาล,งานเทศกาล,CORRECT,ถูกต้องตามหลักไวยากรณ์และความหมาย
1368,ox_fetch,fetch,verb,verb,Go for and then bring back (someone or something) for someone,Go for and then bring back (someone or something) for someone,ดึง,ดึง,CORRECT,ถูกต้องตามหลักไวยากรณ์และความหมาย
1369,ox_fever,fever,noun,noun,"An abnormally high body temperature, usually accompanied by shivering, headache, and in severe instances, delirium","An abnormally high body temperature, usually accompanied by shivering, headache, and in severe instances, delirium",ไข้,ไข้,CORRECT,ถูกต้องตามหลักไวยากรณ์และความหมาย
1370,ox_few,few,adjective,adjective,A small number of,A small number of,น้อย,น้อย,CORRECT,ถูกต้องตามหลักไวยากรณ์และความหมาย
1371,ox_field,field,noun,noun,"An area of open land, especially one planted with crops or pasture, typically bounded by hedges or fences","An area of open land, especially one planted with crops or pasture, typically bounded by hedges or fences",สนาม,สนาม,CORRECT,ถูกต้องตามหลักไวยากรณ์และความหมาย
1372,ox_fifteen,fifteen,noun,noun,The number equivalent to the product of three and five; one more than fourteen,The number equivalent to the product of three and five; one more than fourteen,สิบห้า,สิบห้า,CORRECT,ถูกต้องตามหลักไวยากรณ์และความหมาย
1373,ox_fifteenth,fifteenth,number,number,coming after the fourteenth in a series; 15th,coming after the fourteenth in a series; 15th,ที่สิบห้า,ที่สิบห้า,CORRECT,ถูกต้องตามหลักไวยากรณ์และความหมาย
1374,ox_fifth,fifth,adjective,adjective,Constituting number five in a sequence; 5th,Constituting number five in a sequence; 5th,ที่ห้า,ที่ห้า,CORRECT,ถูกต้องตามหลักไวยากรณ์และความหมาย
1375,ox_fiftieth,fiftieth,number,number,coming after the forty-ninth in a series; 50th,coming after the forty-ninth in a series; 50th,ที่ห้าสิบ,ที่ห้าสิบ,CORRECT,ถูกต้องตามหลักไวยากรณ์และความหมาย
1376,ox_fifty,fifty,noun,noun,The number equivalent to the product of five and ten; ten more than forty,The number equivalent to the product of five and ten; ten more than forty,ห้าสิบ,ห้าสิบ,CORRECT,ถูกต้องตามหลักไวยากรณ์และความหมาย
1377,ox_fight,fight,verb,verb,Take part in a violent struggle involving the exchange of physical blows or the use of weapons,Take part in a violent struggle involving the exchange of physical blows or the use of weapons,ต่อสู้,ต่อสู้,CORRECT,ถูกต้องตามหลักไวยากรณ์และความหมาย
1378,ox_fighting,fighting,noun,noun,The action or process of fighting; violence or conflict,The action or process of fighting; violence or conflict,การต่อสู้,การต่อสู้,CORRECT,ถูกต้องตามหลักไวยากรณ์และความหมาย
1379,ox_figure,figure,noun,noun,"A number, especially one which forms part of official statistics or relates to the financial performance of a company","A number, especially one which forms part of official statistics or relates to the financial performance of a company",รูป,รูป,CORRECT,ถูกต้องตามหลักไวยากรณ์และความหมาย
1380,ox_figure_out,figure out,noun,phrasal verb,"Discover, determine, or solve",to understand or find the solution to a problem after thinking,คิดหาคำตอบได้ / ทำความเข้าใจได้,"คิดหาทางออกได้, เข้าใจกระจ่าง, แก้ปัญหาได้",MODIFIED,แก้ไขชนิดของคำ POS จาก noun เป็น phrasal verb
1381,ox_file,file,noun,noun,A folder or box for holding loose papers that are typically arranged in a particular order for easy reference,A folder or box for holding loose papers that are typically arranged in a particular order for easy reference,ไฟล์,ไฟล์,CORRECT,ถูกต้องตามหลักไวยากรณ์และความหมาย
1382,ox_fill,fill,verb,verb,Cause (a space or container) to become full or almost full,Cause (a space or container) to become full or almost full,เติม,เติม,CORRECT,ถูกต้องตามหลักไวยากรณ์และความหมาย
1383,ox_fill_in,fill in,verb,phrasal verb,a phrasal verb meaning to fill in,to complete a form by adding information; to substitute for someone,กรอกข้อมูล / ทำงานแทนชั่วคราว,"กรอกข้อมูล (ในช่องว่าง), ทำงานแทนชั่วคราว",MODIFIED,แทนที่คำนิยาม placeholder ภาษาอังกฤษ
1384,ox_fill_out,fill out,verb,phrasal verb,a phrasal verb meaning to fill out,to complete a form or questionnaire with all required details,กรอกแบบฟอร์มให้ครบถ้วน,กรอกแบบฟอร์มให้ครบถ้วน,MODIFIED,แทนที่คำนิยาม placeholder ภาษาอังกฤษ
1385,ox_fill_up,fill up,verb,phrasal verb,a phrasal verb meaning to fill up,to make or become completely full (e.g. car tank with fuel),เติมน้ำมันเต็มถัง / เติมให้เต็ม,"เติมให้เต็ม, เติมน้ำมันเต็มถัง",MODIFIED,แทนที่คำนิยาม placeholder ภาษาอังกฤษ
1386,ox_film,film,noun,noun,A story or event recorded by a camera as a set of moving images and shown in a theater or on television,A story or event recorded by a camera as a set of moving images and shown in a theater or on television,ฟิล์ม,ฟิล์ม,CORRECT,ถูกต้องตามหลักไวยากรณ์และความหมาย
1387,ox_final,final,adjective,adjective,Coming at the end of a series,Coming at the end of a series,สุดท้าย,สุดท้าย,CORRECT,ถูกต้องตามหลักไวยากรณ์และความหมาย
1388,ox_finally,finally,adverb,adverb,"After a long time, typically involving difficulty or delay","After a long time, typically involving difficulty or delay",ในที่สุด,ในที่สุด,CORRECT,ถูกต้องตามหลักไวยากรณ์และความหมาย
1389,ox_finance,finance,noun,noun,"The management of large amounts of money, especially by governments or large companies","The management of large amounts of money, especially by governments or large companies",การเงิน,การเงิน,CORRECT,ถูกต้องตามหลักไวยากรณ์และความหมาย
1390,ox_financial,financial,adjective,adjective,Relating to finance,Relating to finance,การเงิน,การเงิน,CORRECT,ถูกต้องตามหลักไวยากรณ์และความหมาย
1391,ox_find,find,verb,verb,Discover or perceive by chance or unexpectedly,"to discover or perceive something by chance, searching, or experience",หา,"พบ, ค้นพบ, มองหาเจอ",MODIFIED,"แก้ไขคำแปลไทยจาก ""หา"" (ซึ่งสับสนกับ seek/look for) เป็น ""พบ, ค้นพบ, หาเจอ"""
1392,ox_find_out,find out,noun,phrasal verb,Discover (something or someone) after a deliberate search,to discover or obtain information about something,ค้นพบความจริง / รู้ข้อมูล,"ค้นพบความจริง, รู้เรื่อง/ทราบข้อมูล",MODIFIED,แก้ไขชนิดของคำ POS จาก noun เป็น phrasal verb
1393,ox_fine,fine,adjective,adjective,Of high quality,of high quality; in good health or satisfactory state; thin and delicate,ดี,"สบายดี, ยอดเยี่ยม, ประณีต/ละเอียด",MODIFIED,"ขยายคำแปลไทยจาก ""ดี"" ให้ครอบคลุมหลากหลายบริบท"
1394,ox_finely,finely,adjective,adjective,Of high quality,Of high quality,อย่างประณีต / อย่างละเอียด,อย่างประณีต / อย่างละเอียด,CORRECT,ถูกต้องตามหลักไวยากรณ์และความหมาย
1395,ox_finger,finger,noun,noun,"Each of the four slender jointed parts attached to either hand (or five, if the thumb is included)","Each of the four slender jointed parts attached to either hand (or five, if the thumb is included)",นิ้ว,นิ้ว,CORRECT,ถูกต้องตามหลักไวยากรณ์และความหมาย
1396,ox_finish,finish,verb,verb,Bring (a task or activity) to an end; complete,Bring (a task or activity) to an end; complete,เสร็จ,เสร็จ,CORRECT,ถูกต้องตามหลักไวยากรณ์และความหมาย
1397,ox_finished,finished,adjective,adjective,Having completed or ended an action or activity,Having completed or ended an action or activity,ที่เสร็จเรียบร้อย,ที่เสร็จเรียบร้อย,CORRECT,ถูกต้องตามหลักไวยากรณ์และความหมาย
1398,ox_finish_off,finish off,verb,phrasal verb,a phrasal verb meaning to finish off,to finish the last part of something; to eat or drink the rest of something,จัดการให้เสร็จสิ้น / กินหรือดื่มให้หมด,"จัดการให้เสร็จสิ้นเรียบร้อย, กิน/ดื่มให้หมด",MODIFIED,แทนที่คำนิยาม placeholder ภาษาอังกฤษ
1399,ox_fire,fire,noun,noun,"Combustion or burning, in which substances combine chemically with oxygen from the air and typically give out bright light, heat, and smoke","Combustion or burning, in which substances combine chemically with oxygen from the air and typically give out bright light, heat, and smoke",ไฟ,ไฟ,CORRECT,ถูกต้องตามหลักไวยากรณ์และความหมาย
1400,ox_firm,firm,adjective,adjective,"Having a solid, almost unyielding surface or structure","Having a solid, almost unyielding surface or structure",บริษัท,บริษัท,CORRECT,ถูกต้องตามหลักไวยากรณ์และความหมาย
1401,ox_firmly,firmly,adjective,adjective,"Having a solid, almost unyielding surface or structure","Having a solid, almost unyielding surface or structure",อย่างมั่นคง,อย่างมั่นคง,CORRECT,ถูกต้องตามหลักไวยากรณ์และความหมาย
1402,ox_first,first,adjective,adjective,Coming before all others in time or order; earliest; 1st,Coming before all others in time or order; earliest; 1st,อันดับแรก,อันดับแรก,CORRECT,ถูกต้องตามหลักไวยากรณ์และความหมาย
1403,ox_fish,fish,noun,noun,A limbless cold-blooded vertebrate animal with gills and fins living wholly in water,A limbless cold-blooded vertebrate animal with gills and fins living wholly in water,ปลา,ปลา,CORRECT,ถูกต้องตามหลักไวยากรณ์และความหมาย
1404,ox_fishing,fishing,noun,noun,"The activity of catching fish, either for food or as a sport","The activity of catching fish, either for food or as a sport",ตกปลา,ตกปลา,CORRECT,ถูกต้องตามหลักไวยากรณ์และความหมาย
1405,ox_fit,fit,verb,verb,Be of the right shape and size for,Be of the right shape and size for,พอดี,พอดี,CORRECT,ถูกต้องตามหลักไวยากรณ์และความหมาย
1406,ox_fit_in,fit in,verb,phrasal verb,a phrasal verb meaning to fit in,to feel that one belongs to a group; to find time for an appointment,เข้ากับกลุ่มคนอื่นได้ / จัดเวลาให้พอดี,"เข้ากับกลุ่มคนได้, จัดเวลาแทรกนัดหมาย",MODIFIED,แทนที่คำนิยาม placeholder ภาษาอังกฤษ
1407,ox_five,five,number,number,the number 5,the number 5,ห้า,ห้า,CORRECT,ถูกต้องตามหลักไวยากรณ์และความหมาย
1408,ox_fix,fix,verb,verb,Fasten (something) securely in a particular place or position,Fasten (something) securely in a particular place or position,แก้ไข,แก้ไข,CORRECT,ถูกต้องตามหลักไวยากรณ์และความหมาย
1409,ox_fixed,fixed,verb,verb,Fasten (something) securely in a particular place or position,Fasten (something) securely in a particular place or position,ที่ตายตัว,ที่ตายตัว,CORRECT,ถูกต้องตามหลักไวยากรณ์และความหมาย
1410,ox_flag,flag,noun,noun,"A piece of cloth, typically rectangular, of distinctive design and colors, used as a symbol, standard, or ensign","A piece of cloth, typically rectangular, of distinctive design and colors, used as a symbol, standard, or ensign",ธง,ธง,CORRECT,ถูกต้องตามหลักไวยากรณ์และความหมาย
1411,ox_flame,flame,noun,noun,A hot glowing body of ignited gas that is generated by something on fire,A hot glowing body of ignited gas that is generated by something on fire,เปลวไฟ,เปลวไฟ,CORRECT,ถูกต้องตามหลักไวยากรณ์และความหมาย
1412,ox_flash,flash,verb,verb,Shine in a bright but brief or sudden way,Shine in a bright but brief or sudden way,แฟลช,แฟลช,CORRECT,ถูกต้องตามหลักไวยากรณ์และความหมาย
1413,ox_flat,flat,adjective,adjective,Smooth and even; without marked lumps or indentations,Smooth and even; without marked lumps or indentations,แบน,แบน,CORRECT,ถูกต้องตามหลักไวยากรณ์และความหมาย
1414,ox_flavour,flavour,noun,noun,The distinctive taste of a food or drink,The distinctive taste of a food or drink,รสชาติ,รสชาติ,CORRECT,ถูกต้องตามหลักไวยากรณ์และความหมาย
1415,ox_flesh,flesh,noun,noun,The soft substance consisting of muscle and fat that is found between the skin and bones of an animal or a human,The soft substance consisting of muscle and fat that is found between the skin and bones of an animal or a human,เนื้อ,เนื้อ,CORRECT,ถูกต้องตามหลักไวยากรณ์และความหมาย
1416,ox_flight,flight,noun,noun,The action or process of flying through the air,The action or process of flying through the air,เที่ยวบิน,เที่ยวบิน,CORRECT,ถูกต้องตามหลักไวยากรณ์และความหมาย
1417,ox_float,float,verb,verb,Rest or move on or near the surface of a liquid without sinking,Rest or move on or near the surface of a liquid without sinking,ลอย,ลอย,CORRECT,ถูกต้องตามหลักไวยากรณ์และความหมาย
1418,ox_flood,flood,noun,noun,"An overflow of a large amount of water beyond its normal limits, especially over what is normally dry land","An overflow of a large amount of water beyond its normal limits, especially over what is normally dry land",น้ำท่วม,น้ำท่วม,CORRECT,ถูกต้องตามหลักไวยากรณ์และความหมาย
1419,ox_flooded,flooded,noun,noun,"An overflow of a large amount of water beyond its normal limits, especially over what is normally dry land","An overflow of a large amount of water beyond its normal limits, especially over what is normally dry land",น้ำท่วม,น้ำท่วม,CORRECT,ถูกต้องตามหลักไวยากรณ์และความหมาย
1420,ox_flooding,flooding,noun,noun,"An overflow of a large amount of water beyond its normal limits, especially over what is normally dry land","An overflow of a large amount of water beyond its normal limits, especially over what is normally dry land",น้ำท่วม,น้ำท่วม,CORRECT,ถูกต้องตามหลักไวยากรณ์และความหมาย
1421,ox_floor,floor,noun,noun,"The lower surface of a room, on which one may walk","The lower surface of a room, on which one may walk",พื้น,พื้น,CORRECT,ถูกต้องตามหลักไวยากรณ์และความหมาย
1422,ox_flour,flour,noun,noun,"A powder obtained by grinding grain, typically wheat, and used to make bread, cakes, and pastry","A powder obtained by grinding grain, typically wheat, and used to make bread, cakes, and pastry",แป้ง,แป้ง,CORRECT,ถูกต้องตามหลักไวยากรณ์และความหมาย
1423,ox_flow,flow,verb,verb,Move along or out steadily and continuously in a current or stream,Move along or out steadily and continuously in a current or stream,ไหล,ไหล,CORRECT,ถูกต้องตามหลักไวยากรณ์และความหมาย
1424,ox_flower,flower,noun,noun,"The seed-bearing part of a plant, consisting of reproductive organs that are typically surrounded by a brightly colored corolla and a green calyx","The seed-bearing part of a plant, consisting of reproductive organs that are typically surrounded by a brightly colored corolla and a green calyx",ดอกไม้,ดอกไม้,CORRECT,ถูกต้องตามหลักไวยากรณ์และความหมาย
1425,ox_flu,flu,noun,noun,"an illness caused by a virus, similar to a bad cold with fever","an illness caused by a virus, similar to a bad cold with fever",ไข้หวัดใหญ่,ไข้หวัดใหญ่,CORRECT,ถูกต้องตามหลักไวยากรณ์และความหมาย
1426,ox_fly,fly,verb,verb,Move through the air using wings,Move through the air using wings,บิน,บิน,CORRECT,ถูกต้องตามหลักไวยากรณ์และความหมาย
1427,ox_flying,flying,verb,noun,Move through the air using wings,the activity or process of travelling through the air in an aircraft,บิน,"การบิน, การเดินทางโดยเครื่องบิน",MODIFIED,แก้ไขชนิดของคำ POS จาก verb เป็น noun
1428,ox_focus,focus,noun,noun,The center of interest or activity,The center of interest or activity,จุดสนใจ,จุดสนใจ,CORRECT,ถูกต้องตามหลักไวยากรณ์และความหมาย
1429,ox_fold,fold,verb,verb,Bend (something flexible and relatively flat) over on itself so that one part of it covers another,Bend (something flexible and relatively flat) over on itself so that one part of it covers another,พับ,พับ,CORRECT,ถูกต้องตามหลักไวยากรณ์และความหมาย
1430,ox_folding,folding,verb,adjective,Bend (something flexible and relatively flat) over on itself so that one part of it covers another,able to be folded into a compact shape for storage,พับ,ที่พับได้ (เช่น เก้าอี้พับ/โต๊ะพับ),MODIFIED,แก้ไขชนิดของคำ POS จาก verb เป็น adjective
1431,ox_follow,follow,verb,verb,Move or travel behind,Move or travel behind,ติดตาม,ติดตาม,CORRECT,ถูกต้องตามหลักไวยากรณ์และความหมาย
1432,ox_following,following,adjective,adjective,Coming after or as a result of,Coming after or as a result of,กำลังติดตาม,กำลังติดตาม,CORRECT,ถูกต้องตามหลักไวยากรณ์และความหมาย
1433,ox_follow_up,follow up,verb,phrasal verb,a phrasal verb meaning to follow up,to pursue or investigate something further; to check on progress,ติดตามเรื่อง / ติดตามผลงาน,"ติดตามผล, ดำเนินการต่อยอด",MODIFIED,แทนที่คำนิยาม placeholder ภาษาอังกฤษ
1434,ox_food,food,noun,noun,Any nutritious substance that people or animals eat or drink or that plants absorb in order to maintain life and growth,Any nutritious substance that people or animals eat or drink or that plants absorb in order to maintain life and growth,อาหาร,อาหาร,CORRECT,ถูกต้องตามหลักไวยากรณ์และความหมาย
1435,ox_foot,foot,noun,noun,"The lower extremity of the leg below the ankle, on which a person stands or walks","The lower extremity of the leg below the ankle, on which a person stands or walks",เท้า,เท้า,CORRECT,ถูกต้องตามหลักไวยากรณ์และความหมาย
1436,ox_football,football,noun,noun,"A form of team game played with a ball between two teams of eleven players, in which the ball may be advanced by kicking or by bouncing it off any part of the body but the arms and hands","A form of team game played with a ball between two teams of eleven players, in which the ball may be advanced by kicking or by bouncing it off any part of the body but the arms and hands",ฟุตบอล,ฟุตบอล,CORRECT,ถูกต้องตามหลักไวยากรณ์และความหมาย
1437,ox_for,for,preposition,preposition,"Used to indicate the purpose, destination, recipient, or duration of something","Used to indicate the purpose, destination, recipient, or duration of something",สำหรับ,สำหรับ,CORRECT,ถูกต้องตามหลักไวยากรณ์และความหมาย
1438,ox_force,force,noun,noun,Strength or energy as an attribute of physical action or movement,Strength or energy as an attribute of physical action or movement,บังคับ,บังคับ,CORRECT,ถูกต้องตามหลักไวยากรณ์และความหมาย
1439,ox_forecast,forecast,noun,noun,Predict or estimate (a future event or trend),Predict or estimate (a future event or trend),พยากรณ์,พยากรณ์,CORRECT,ถูกต้องตามหลักไวยากรณ์และความหมาย
1440,ox_foreign,foreign,adjective,adjective,"Of, from, in, or characteristic of a country or language other than one's own","Of, from, in, or characteristic of a country or language other than one's own",ต่างชาติ,ต่างชาติ,CORRECT,ถูกต้องตามหลักไวยากรณ์และความหมาย
1441,ox_forest,forest,noun,noun,A large area covered chiefly with trees and undergrowth,A large area covered chiefly with trees and undergrowth,ป่า,ป่า,CORRECT,ถูกต้องตามหลักไวยากรณ์และความหมาย
1442,ox_forever,forever,adverb,adverb,For all future time; for always,For all future time; for always,ตลอดไป,ตลอดไป,CORRECT,ถูกต้องตามหลักไวยากรณ์และความหมาย
1443,ox_forget,forget,verb,verb,Fail to remember,Fail to remember,ลืม,ลืม,CORRECT,ถูกต้องตามหลักไวยากรณ์และความหมาย
1444,ox_forgive,forgive,verb,verb,"Stop feeling angry or resentful towards (someone) for an offense, flaw, or mistake","Stop feeling angry or resentful towards (someone) for an offense, flaw, or mistake",ให้อภัย,ให้อภัย,CORRECT,ถูกต้องตามหลักไวยากรณ์และความหมาย
1445,ox_fork,fork,noun,noun,An implement with two or more prongs used for lifting food to the mouth or holding it when cutting,An implement with two or more prongs used for lifting food to the mouth or holding it when cutting,ส้อม,ส้อม,CORRECT,ถูกต้องตามหลักไวยากรณ์และความหมาย
1446,ox_form,form,noun,noun,Bring together parts or combine to create (something),Bring together parts or combine to create (something),รูปร่าง,รูปร่าง,CORRECT,ถูกต้องตามหลักไวยากรณ์และความหมาย
1447,ox_formal,formal,adjective,adjective,Done in accordance with rules of convention or etiquette; suitable for or constituting an official or important situation or occasion,Done in accordance with rules of convention or etiquette; suitable for or constituting an official or important situation or occasion,เป็นทางการ,เป็นทางการ,CORRECT,ถูกต้องตามหลักไวยากรณ์และความหมาย
1448,ox_formally,formally,adjective,adjective,Done in accordance with rules of convention or etiquette; suitable for or constituting an official or important situation or occasion,Done in accordance with rules of convention or etiquette; suitable for or constituting an official or important situation or occasion,อย่างเป็นทางการ,อย่างเป็นทางการ,CORRECT,ถูกต้องตามหลักไวยากรณ์และความหมาย
1449,ox_former,former,adjective,adjective,having been something in the past but not now,having been something in the past but not now,อดีต,อดีต,CORRECT,ถูกต้องตามหลักไวยากรณ์และความหมาย
1450,ox_formerly,formerly,adverb,adverb,In the past; in earlier times,In the past; in earlier times,เมื่อก่อน / ในอดีต,เมื่อก่อน / ในอดีต,CORRECT,ถูกต้องตามหลักไวยากรณ์และความหมาย
1451,ox_formula,formula,noun,noun,"a set method or rule for doing something, often mathematical","a set method or rule for doing something, often mathematical",สูตร,สูตร,CORRECT,ถูกต้องตามหลักไวยากรณ์และความหมาย
1452,ox_fortieth,fortieth,number,number,coming after the thirty-ninth in a series; 40th,coming after the thirty-ninth in a series; 40th,ที่สี่สิบ,ที่สี่สิบ,CORRECT,ถูกต้องตามหลักไวยากรณ์และความหมาย
1453,ox_fortune,fortune,noun,noun,"Chance or luck as an external, arbitrary force affecting human affairs","Chance or luck as an external, arbitrary force affecting human affairs",โชค,โชค,CORRECT,ถูกต้องตามหลักไวยากรณ์และความหมาย
1454,ox_forty,forty,number,number,the number 40,the number 40,สี่สิบ,สี่สิบ,CORRECT,ถูกต้องตามหลักไวยากรณ์และความหมาย
1455,ox_forward,forward,adjective,adjective,In the direction that one is facing or traveling; towards the front,In the direction that one is facing or traveling; towards the front,ซึ่งไปข้างหน้า,ซึ่งไปข้างหน้า,CORRECT,ถูกต้องตามหลักไวยากรณ์และความหมาย
1456,ox_found,found,verb,verb,Establish or originate (an institution or organization),"to establish or originate an institution, organization, or company",พบ,"ก่อตั้ง, จัดตั้ง, สถาปนา",MODIFIED,"แก้ไขคำแปลไทยผิดพลาดร้ายแรงจาก ""พบ"" เป็น ""ก่อตั้ง, จัดตั้ง"" ตามความหมายของกริยา found"
1457,ox_foundation,foundation,noun,noun,"The lowest load-bearing part of a building, typically below ground level","The lowest load-bearing part of a building, typically below ground level",พื้นฐาน,พื้นฐาน,CORRECT,ถูกต้องตามหลักไวยากรณ์และความหมาย
1458,ox_four,four,noun,noun,Equivalent to the sum of two and two; one more than three,Equivalent to the sum of two and two; one more than three,สี่,สี่,CORRECT,ถูกต้องตามหลักไวยากรณ์และความหมาย
1459,ox_fourteen,fourteen,noun,noun,Equivalent to the product of seven and two; one more than thirteen,Equivalent to the product of seven and two; one more than thirteen,สิบสี่,สิบสี่,CORRECT,ถูกต้องตามหลักไวยากรณ์และความหมาย
1460,ox_fourteenth,fourteenth,number,number,coming after the thirteenth in a series; 14th,coming after the thirteenth in a series; 14th,ที่สิบสี่,ที่สิบสี่,CORRECT,ถูกต้องตามหลักไวยากรณ์และความหมาย
1461,ox_fourth,fourth,adjective,adjective,Constituting number four in a sequence; 4th,Constituting number four in a sequence; 4th,ที่สี่,ที่สี่,CORRECT,ถูกต้องตามหลักไวยากรณ์และความหมาย
1462,ox_frame,frame,noun,noun,"a structure that surrounds or supports something, such as a picture or window","a structure that surrounds or supports something, such as a picture or window",กรอบ,กรอบ,CORRECT,ถูกต้องตามหลักไวยากรณ์และความหมาย
1463,ox_free,free,adjective,adjective,Not under the control or in the power of another; able to act or be done as one wishes,Not under the control or in the power of another; able to act or be done as one wishes,ฟรี,ฟรี,CORRECT,ถูกต้องตามหลักไวยากรณ์และความหมาย
1464,ox_freedom,freedom,noun,noun,"The power or right to act, speak, or think as one wants without hindrance or restraint","The power or right to act, speak, or think as one wants without hindrance or restraint",เสรีภาพ,เสรีภาพ,CORRECT,ถูกต้องตามหลักไวยากรณ์และความหมาย
1465,ox_freely,freely,adjective,adjective,Not under the control or in the power of another; able to act or be done as one wishes,Not under the control or in the power of another; able to act or be done as one wishes,ได้อย่างอิสระ,ได้อย่างอิสระ,CORRECT,ถูกต้องตามหลักไวยากรณ์และความหมาย
1466,ox_freeze,freeze,verb,verb,To become hard or stiffened because of cold or to turn to ice,To become hard or stiffened because of cold or to turn to ice,แช่แข็ง,แช่แข็ง,CORRECT,ถูกต้องตามหลักไวยากรณ์และความหมาย
1467,ox_frequent,frequent,adjective,adjective,"Occurring or done on many occasions, in many cases, or in quick succession","Occurring or done on many occasions, in many cases, or in quick succession",บ่อย,บ่อย,CORRECT,ถูกต้องตามหลักไวยากรณ์และความหมาย
1468,ox_frequently,frequently,adverb,adverb,Regularly or habitually; often,Regularly or habitually; often,บ่อย,บ่อย,CORRECT,ถูกต้องตามหลักไวยากรณ์และความหมาย
1469,ox_fresh,fresh,adjective,adjective,Not previously known or used; new or different,"recently made or obtained; not stale, canned, or frozen; pleasantly clean",สด,"สดใหม่, สดชื่น, บริสุทธิ์",MODIFIED,"ขยายคำแปลไทยจาก ""สด"" เป็น ""สดใหม่, สดชื่น"""
1470,ox_freshly,freshly,adjective,adjective,Not previously known or used; new or different,Not previously known or used; new or different,สดใหม่,สดใหม่,CORRECT,ถูกต้องตามหลักไวยากรณ์และความหมาย
1471,ox_Friday,Friday,noun,noun,the day of the week after Thursday and before Saturday,the day of the week after Thursday and before Saturday,วันศุกร์,วันศุกร์,CORRECT,ถูกต้องตามหลักไวยากรณ์และความหมาย
1472,ox_fridge,fridge,noun,noun,a machine that keeps food cold; short for refrigerator,a machine that keeps food cold; short for refrigerator,ตู้เย็น,ตู้เย็น,CORRECT,ถูกต้องตามหลักไวยากรณ์และความหมาย
1473,ox_friend,friend,noun,noun,"A person whom one knows and with whom one has a bond of mutual affection, typically exclusive of sexual or family relations","A person whom one knows and with whom one has a bond of mutual affection, typically exclusive of sexual or family relations",เพื่อน,เพื่อน,CORRECT,ถูกต้องตามหลักไวยากรณ์และความหมาย
1474,ox_friendly,friendly,adjective,adjective,Kind and pleasant,Kind and pleasant,เป็นกันเอง,เป็นกันเอง,CORRECT,ถูกต้องตามหลักไวยากรณ์และความหมาย
1475,ox_friendship,friendship,noun,noun,The emotions or conduct of friends; the state of being friends,The emotions or conduct of friends; the state of being friends,มิตรภาพ,มิตรภาพ,CORRECT,ถูกต้องตามหลักไวยากรณ์และความหมาย
1476,ox_frighten,frighten,verb,verb,Make (someone) afraid or anxious,Make (someone) afraid or anxious,ขู่,ขู่,CORRECT,ถูกต้องตามหลักไวยากรณ์และความหมาย
1477,ox_frighten_away/off,frighten away/off,verb,phrasal verb,to make a person or animal go away by frightening it,to cause someone or an animal to leave by scaring them,ขู่ให้กลัวจนเผ่นหนีไป,ขู่ให้กลัวจนเตลิดหนีไป,MODIFIED,แก้ไขชนิดของคำ POS เป็น phrasal verb
1478,ox_frightened,frightened,adjective,adjective,Afraid or anxious,Afraid or anxious,ตระหนก,ตระหนก,CORRECT,ถูกต้องตามหลักไวยากรณ์และความหมาย
1479,ox_frightening,frightening,adjective,adjective,Making someone afraid or anxious; terrifying,Making someone afraid or anxious; terrifying,น่ากลัว,น่ากลัว,CORRECT,ถูกต้องตามหลักไวยากรณ์และความหมาย
1480,ox_from,from,preposition,preposition,"Indicating the point in space at which a journey, motion, or action starts","Indicating the point in space at which a journey, motion, or action starts",จาก,จาก,CORRECT,ถูกต้องตามหลักไวยากรณ์และความหมาย
1481,ox_front,front,noun,noun,The forward part or surface of an object,The forward part or surface of an object,ด้านหน้า,ด้านหน้า,CORRECT,ถูกต้องตามหลักไวยากรณ์และความหมาย
1482,ox_frozen,frozen,adjective,adjective,Turned into ice or another solid as a result of extreme cold,Turned into ice or another solid as a result of extreme cold,ถูกแช่แข็ง / เย็นจัด,ถูกแช่แข็ง / เย็นจัด,CORRECT,ถูกต้องตามหลักไวยากรณ์และความหมาย
1483,ox_fruit,fruit,noun,noun,The sweet and fleshy product of a tree or other plant that contains seed and can be eaten as food,The sweet and fleshy product of a tree or other plant that contains seed and can be eaten as food,ผลไม้,ผลไม้,CORRECT,ถูกต้องตามหลักไวยากรณ์และความหมาย
1484,ox_fry,fry,verb,verb,to cook food in hot oil or fat,to cook food in hot oil or fat,ทอด,ทอด,CORRECT,ถูกต้องตามหลักไวยากรณ์และความหมาย
1485,ox_fuel,fuel,noun,noun,"Material such as coal, gas, or oil that is burned to produce heat or power","Material such as coal, gas, or oil that is burned to produce heat or power",เชื้อเพลิง,เชื้อเพลิง,CORRECT,ถูกต้องตามหลักไวยากรณ์และความหมาย
1486,ox_full,full,adjective,adjective,Containing or holding as much or as many as possible; having no empty space,Containing or holding as much or as many as possible; having no empty space,เต็ม,เต็ม,CORRECT,ถูกต้องตามหลักไวยากรณ์และความหมาย
1487,ox_fully,fully,adverb,adverb,Completely or entirely; to the fullest extent,Completely or entirely; to the fullest extent,อย่างเต็มที่,อย่างเต็มที่,CORRECT,ถูกต้องตามหลักไวยากรณ์และความหมาย
1488,ox_fun,fun,noun,noun,"Enjoyment, amusement, or light-hearted pleasure","Enjoyment, amusement, or light-hearted pleasure",สนุก,สนุก,CORRECT,ถูกต้องตามหลักไวยากรณ์และความหมาย
1489,ox_function,function,noun,noun,An activity or purpose natural to or intended for a person or thing,An activity or purpose natural to or intended for a person or thing,การทำงาน,การทำงาน,CORRECT,ถูกต้องตามหลักไวยากรณ์และความหมาย
1490,ox_function_as,function as,verb,phrasal verb,a phrasal verb meaning to function as,to serve the role or purpose of someone or something else,ทำหน้าที่เสมือนเป็น,"ทำหน้าที่เสมือนเป็น, ทำหน้าที่เป็น",MODIFIED,แทนที่คำนิยาม placeholder ภาษาอังกฤษ
1491,ox_fund,fund,noun,noun,A sum of money saved or made available for a particular purpose,A sum of money saved or made available for a particular purpose,กองทุน,กองทุน,CORRECT,ถูกต้องตามหลักไวยากรณ์และความหมาย
1492,ox_fundamental,fundamental,adjective,adjective,Forming a necessary base or core; of central importance,Forming a necessary base or core; of central importance,พื้นฐาน,พื้นฐาน,CORRECT,ถูกต้องตามหลักไวยากรณ์และความหมาย
1493,ox_funeral,funeral,noun,noun,a ceremony held for a person who has died,a ceremony held for a person who has died,งานศพ,งานศพ,CORRECT,ถูกต้องตามหลักไวยากรณ์และความหมาย
1494,ox_funny,funny,adjective,adjective,Causing laughter or amusement; humorous,Causing laughter or amusement; humorous,ตลก,ตลก,CORRECT,ถูกต้องตามหลักไวยากรณ์และความหมาย
1495,ox_fur,fur,noun,noun,"The short, fine, soft hair of certain animals","The short, fine, soft hair of certain animals",ขน,ขน,CORRECT,ถูกต้องตามหลักไวยากรณ์และความหมาย
1496,ox_furniture,furniture,noun,noun,"Large movable equipment, such as tables and chairs, used to make a house, office, or other space suitable for living or working","Large movable equipment, such as tables and chairs, used to make a house, office, or other space suitable for living or working",เฟอร์นิเจอร์,เฟอร์นิเจอร์,CORRECT,ถูกต้องตามหลักไวยากรณ์และความหมาย
1497,ox_further,further,adverb,adverb,Over a greater expanse of space or time; for a longer way,Over a greater expanse of space or time; for a longer way,ไกลออกไป,ไกลออกไป,CORRECT,ถูกต้องตามหลักไวยากรณ์และความหมาย
1498,ox_future,future,noun,noun,The time or period of time following the moment of speaking or writing; time regarded as still to come,The time or period of time following the moment of speaking or writing; time regarded as still to come,อนาคต,อนาคต,CORRECT,ถูกต้องตามหลักไวยากรณ์และความหมาย
1499,ox_gain,gain,verb,verb,"Obtain or secure (something desired, favorable, or profitable)","Obtain or secure (something desired, favorable, or profitable)",ได้รับ,ได้รับ,CORRECT,ถูกต้องตามหลักไวยากรณ์และความหมาย
1500,ox_gallon,gallon,noun,noun,a unit for measuring liquid,a unit for measuring liquid,แกลลอน,แกลลอน,CORRECT,ถูกต้องตามหลักไวยากรณ์และความหมาย
1501,ox_gamble,gamble,verb,verb,to risk money on the result of a game or event,to risk money on the result of a game or event,เล่นการพนัน,เล่นการพนัน,CORRECT,ถูกต้องตามหลักไวยากรณ์และความหมาย
1502,ox_gambling,gambling,noun,noun,the activity of risking money on the result of a game or event,the activity of risking money on the result of a game or event,การพนัน,การพนัน,CORRECT,ถูกต้องตามหลักไวยากรณ์และความหมาย
1503,ox_game,game,noun,noun,"A form of play or sport, especially a competitive one played according to rules and decided by skill, strength, or luck","A form of play or sport, especially a competitive one played according to rules and decided by skill, strength, or luck",เกม,เกม,CORRECT,ถูกต้องตามหลักไวยากรณ์และความหมาย
1504,ox_gap,gap,noun,noun,A break or hole in an object or between two objects,A break or hole in an object or between two objects,ช่องว่าง,ช่องว่าง,CORRECT,ถูกต้องตามหลักไวยากรณ์และความหมาย
1505,ox_garage,garage,noun,noun,A building for housing a motor vehicle or vehicles,A building for housing a motor vehicle or vehicles,โรงรถ,โรงรถ,CORRECT,ถูกต้องตามหลักไวยากรณ์และความหมาย
1506,ox_garbage,garbage,noun,noun,Waste material; refuse,Waste material; refuse,ขยะ,ขยะ,CORRECT,ถูกต้องตามหลักไวยากรณ์และความหมาย
1507,ox_garden,garden,noun,noun,"A piece of ground, often near a house, used for growing flowers, fruit, or vegetables","A piece of ground, often near a house, used for growing flowers, fruit, or vegetables",สวน,สวน,CORRECT,ถูกต้องตามหลักไวยากรณ์และความหมาย
1508,ox_gas,gas,noun,noun,"An air-like fluid substance which expands freely to fill any space available, irrespective of its quantity","An air-like fluid substance which expands freely to fill any space available, irrespective of its quantity",แก๊ส,แก๊ส,CORRECT,ถูกต้องตามหลักไวยากรณ์และความหมาย
1509,ox_gasoline,gasoline,noun,noun,fuel used in car engines (American English),fuel used in car engines (American English),น้ำมันเบนซิน,น้ำมันเบนซิน,CORRECT,ถูกต้องตามหลักไวยากรณ์และความหมาย
1510,ox_gate,gate,noun,noun,"A hinged barrier used to close an opening in a wall, fence, or hedge","A hinged barrier used to close an opening in a wall, fence, or hedge",ประตู,ประตู,CORRECT,ถูกต้องตามหลักไวยากรณ์และความหมาย
1511,ox_gather,gather,verb,verb,Come together; assemble or accumulate,Come together; assemble or accumulate,รวมตัว,รวมตัว,CORRECT,ถูกต้องตามหลักไวยากรณ์และความหมาย
1512,ox_gear,gear,noun,noun,Machinery or equipment that is used for a particular purpose,Machinery or equipment that is used for a particular purpose,เกียร์,เกียร์,CORRECT,ถูกต้องตามหลักไวยากรณ์และความหมาย
1513,ox_general,general,adjective,adjective,"Affecting or concerning all or most people, places, or things; widespread","Affecting or concerning all or most people, places, or things; widespread",ทั่วไป,ทั่วไป,CORRECT,ถูกต้องตามหลักไวยากรณ์และความหมาย
1514,ox_generally,generally,adverb,adverb,In most cases; usually,In most cases; usually,โดยทั่วไป,โดยทั่วไป,CORRECT,ถูกต้องตามหลักไวยากรณ์และความหมาย
1515,ox_generation,generation,noun,noun,"All of the people born and living at about the same time, regarded collectively","All of the people born and living at about the same time, regarded collectively",รุ่น,รุ่น,CORRECT,ถูกต้องตามหลักไวยากรณ์และความหมาย
1516,ox_generous,generous,adjective,adjective,"Showing a readiness to give more of something, especially money, than is strictly necessary or expected","Showing a readiness to give more of something, especially money, than is strictly necessary or expected",ใจกว้าง,ใจกว้าง,CORRECT,ถูกต้องตามหลักไวยากรณ์และความหมาย
1517,ox_generously,generously,adjective,adjective,"Showing a readiness to give more of something, especially money, than is strictly necessary or expected","Showing a readiness to give more of something, especially money, than is strictly necessary or expected",อย่างใจกว้าง / อย่างเอื้อเฟื้อ,อย่างใจกว้าง / อย่างเอื้อเฟื้อ,CORRECT,ถูกต้องตามหลักไวยากรณ์และความหมาย
1518,ox_gentle,gentle,adjective,adjective,"Having or showing a mild, kind, or tender temperament or character","Having or showing a mild, kind, or tender temperament or character",อ่อนโยน,อ่อนโยน,CORRECT,ถูกต้องตามหลักไวยากรณ์และความหมาย
1519,ox_gentleman,gentleman,noun,noun,"A chivalrous, courteous, or honorable man","A chivalrous, courteous, or honorable man",สุภาพบุรุษ,สุภาพบุรุษ,CORRECT,ถูกต้องตามหลักไวยากรณ์และความหมาย
1520,ox_gently,gently,adverb,adverb,"in a soft, careful, or kind way","in a soft, careful, or kind way",อย่างอ่อนโยน / อย่างนุ่มนวล,อย่างอ่อนโยน / อย่างนุ่มนวล,CORRECT,ถูกต้องตามหลักไวยากรณ์และความหมาย
1521,ox_genuine,genuine,adjective,adjective,Truly what something is said to be; authentic,Truly what something is said to be; authentic,แท้จริง,แท้จริง,CORRECT,ถูกต้องตามหลักไวยากรณ์และความหมาย
1522,ox_genuinely,genuinely,adjective,adjective,Truly what something is said to be; authentic,Truly what something is said to be; authentic,อย่างแท้จริง / จากใจจริง,อย่างแท้จริง / จากใจจริง,CORRECT,ถูกต้องตามหลักไวยากรณ์และความหมาย
1523,ox_geography,geography,noun,noun,"The study of the physical features of the earth and its atmosphere, and of human activity as it affects and is affected by these, including the distribution of populations and resources and political and economic activities","The study of the physical features of the earth and its atmosphere, and of human activity as it affects and is affected by these, including the distribution of populations and resources and political and economic activities",ภูมิศาสตร์,ภูมิศาสตร์,CORRECT,ถูกต้องตามหลักไวยากรณ์และความหมาย
1524,ox_get,get,verb,verb,Come to have or hold (something); receive,Come to have or hold (something); receive,รับ,รับ,CORRECT,ถูกต้องตามหลักไวยากรณ์และความหมาย
1525,ox_get_away,get away,verb,phrasal verb,a phrasal verb meaning to get away,to escape from a person or place; to go on a vacation,หลบหนีไป / ไปพักผ่อนวันหยุด,"หลบหนีไปได้, ไปเที่ยวพักผ่อนคลายเครียด",MODIFIED,แทนที่คำนิยาม placeholder ภาษาอังกฤษ และปรับคำแปลไทย
1526,ox_get_away_with,get away with,verb,phrasal verb,a phrasal verb meaning to get away with,to escape blame or punishment for a wrongful act,รอดพ้นความผิด / ทำผิดแล้วไม่โดนลงโทษ,"รอดพ้นความผิด, ทำผิดแล้วไม่ถูกลงโทษ",MODIFIED,แทนที่คำนิยาม placeholder ภาษาอังกฤษ
1527,ox_get_back,get back,verb,phrasal verb,a phrasal verb meaning to get back,to return to a place; to regain possession of something,กลับมา / ได้คืนมา,"กลับมาที่เดิม, ได้คืนมา",MODIFIED,แทนที่คำนิยาม placeholder ภาษาอังกฤษ
1528,ox_get_by,get by,verb,phrasal verb,a phrasal verb meaning to get by,to manage to live or survive with limited money or resources,อยู่รอดได้ / ประทังชีวิตได้ด้วยเงินที่มี,"พอเอาตัวรอดได้, ประทังชีวิตอยู่ได้",MODIFIED,แทนที่คำนิยาม placeholder ภาษาอังกฤษ
1529,ox_get_in,get in,verb,phrasal verb,a phrasal verb meaning to get in,to enter a vehicle like a car or taxi; to arrive at a destination,ขึ้นรถ (เก๋ง/แท็กซี่) / ถึงที่หมาย,"ขึ้นรถ (เก๋ง/แท็กซี่), มาถึงที่หมาย",MODIFIED,แทนที่คำนิยาม placeholder ภาษาอังกฤษ
1530,ox_get_into,get into,verb,phrasal verb,a phrasal verb meaning to get into,to be admitted to a university or club; to become interested in a subject,สอบเข้าได้ / สนใจในเรื่อง,"สอบเข้าได้, เริ่มสนใจคลั่งไคล้ในเรื่อง...",MODIFIED,แทนที่คำนิยาม placeholder ภาษาอังกฤษ
1531,ox_get_off,get off,verb,phrasal verb,a phrasal verb meaning to get off,"to leave a bus, train, or plane; to finish work for the day",ลงจากรถ (เมล์/ไฟ/เครื่องบิน) / เลิกงาน,"ลงจากรถ (เมล์/ไฟ/เครื่องบิน), เลิกงาน",MODIFIED,แทนที่คำนิยาม placeholder ภาษาอังกฤษ
1532,ox_get_on,get on,verb,phrasal verb,a phrasal verb meaning to get on,"to board a bus, train, or plane; to manage or make progress",ขึ้นรถ (เมล์/ไฟ/เครื่องบิน) / เข้ากันได้ดี,"ขึ้นรถ (เมล์/ไฟ/เครื่องบิน), ก้าวหน้า/จัดการได้ดี",MODIFIED,แทนที่คำนิยาม placeholder ภาษาอังกฤษ
1533,ox_get_on_with,get on with,verb,phrasal verb,a phrasal verb meaning to get on with,to have a friendly relationship with someone; to continue doing work,เข้ากันได้ดีกับ / ก้มหน้าก้มตาทำงานต่อ,"เข้ากันได้ดีกับ, ก้มหน้าก้มตาทำงานต่อ",MODIFIED,แทนที่คำนิยาม placeholder ภาษาอังกฤษ
1534,ox_get_out_of,get out of,verb,phrasal verb,a phrasal verb meaning to get out of,to exit a car; to avoid doing something that you dislike or must do,ลงจากรถเก๋ง / หลีกเลี่ยงความรับผิดชอบ,"ลงจากรถเก๋ง, บ่ายเบี่ยง/หลีกเลี่ยงความรับผิดชอบ",MODIFIED,แทนที่คำนิยาม placeholder ภาษาอังกฤษ
1535,ox_get_over,get over,verb,phrasal verb,a phrasal verb meaning to get over,"to recover from an illness, shock, or broken heart",หายจากอาการป่วย / ทำใจได้ / ก้าวข้ามผ่าน,"หายจากอาการป่วย, ทำใจได้, ก้าวข้ามผ่าน",MODIFIED,แทนที่คำนิยาม placeholder ภาษาอังกฤษ
1536,ox_get_round,get round,verb,phrasal verb,a phrasal verb meaning to get round,to travel around from place to place; to persuade someone to agree,เดินทางไปรอบๆ / โน้มน้าวใจ,"เดินทางไปรอบๆ, โน้มน้าวใจสำเร็จ",MODIFIED,แทนที่คำนิยาม placeholder ภาษาอังกฤษ
1537,ox_get_round_to,get round to,verb,phrasal verb,a phrasal verb meaning to get round to,to find time to do something after a delay,หาเวลาทำจนได้ / ปลีกเวลามาทำ,"หาเวลาทำจนได้, ปลีกเวลามาทำ",MODIFIED,แทนที่คำนิยาม placeholder ภาษาอังกฤษ
1538,ox_get_through,get through,verb,phrasal verb,a phrasal verb meaning to get through,to make telephone contact; to pass or survive a difficult situation,ติดต่อทางโทรศัพท์ได้ / ผ่านพ้นอุปสรรคไปได้,"ติดต่อทางโทรศัพท์ติด, ผ่านพ้นช่วงเวลายากลำบาก",MODIFIED,แทนที่คำนิยาม placeholder ภาษาอังกฤษ
1539,ox_get_up,get up,verb,phrasal verb,a phrasal verb meaning to get up,to rise from bed after sleeping; to stand up,ตื่นนอน / ลุกขึ้นยืน,"ตื่นนอน, ลุกขึ้นยืน",MODIFIED,แทนที่คำนิยาม placeholder ภาษาอังกฤษ
1540,ox_giant,giant,noun,noun,An imaginary or mythical being of human form but superhuman size,An imaginary or mythical being of human form but superhuman size,ยักษ์,ยักษ์,CORRECT,ถูกต้องตามหลักไวยากรณ์และความหมาย
1541,ox_gift,gift,noun,noun,A thing given willingly to someone without payment; a present,A thing given willingly to someone without payment; a present,ของขวัญ,ของขวัญ,CORRECT,ถูกต้องตามหลักไวยากรณ์และความหมาย
1542,ox_girl,girl,noun,noun,A female child,A female child,สาว,สาว,CORRECT,ถูกต้องตามหลักไวยากรณ์และความหมาย
1543,ox_girlfriend,girlfriend,noun,noun,A regular female companion with whom a person has a romantic or sexual relationship,A regular female companion with whom a person has a romantic or sexual relationship,แฟน,แฟน,CORRECT,ถูกต้องตามหลักไวยากรณ์และความหมาย
1544,ox_give,give,verb,verb,Freely transfer the possession of (something) to (someone),Freely transfer the possession of (something) to (someone),ให้,ให้,CORRECT,ถูกต้องตามหลักไวยากรณ์และความหมาย
1545,ox_give_away,give away,verb,phrasal verb,a phrasal verb meaning to give away,to give something for free; to reveal a secret unintentionally,แจกฟรี / เผลอเปิดเผยความลับ,"แจกให้ฟรี, เผลอเผยความลับออกมา",MODIFIED,แทนที่คำนิยาม placeholder ภาษาอังกฤษ
1546,ox_give_back,give back,verb,phrasal verb,a phrasal verb meaning to give back,to return something to its rightful owner,คืนสิ่งของให้เจ้าของ,คืนของให้เจ้าของเดิม,MODIFIED,แทนที่คำนิยาม placeholder ภาษาอังกฤษ
1547,ox_give_in,give in,verb,phrasal verb,a phrasal verb meaning to give in,to cease fighting or arguing; to surrender or submit,ยอมจำนน / ยอมแพ้ต่อข้อเรียกร้อง,"ยอมแพ้, ยอมจำนนต่อข้อเรียกร้อง",MODIFIED,แทนที่คำนิยาม placeholder ภาษาอังกฤษ
1548,ox_give_off,give off,verb,phrasal verb,a phrasal verb meaning to give off,"to emit or produce a smell, heat, or light",ส่งกลิ่น / แผ่ความร้อนหรือควันออกมา,"ส่งกลิ่น, แผ่ความร้อนหรือไอควันออกมา",MODIFIED,แทนที่คำนิยาม placeholder ภาษาอังกฤษ
1549,ox_give_out,give out,verb,phrasal verb,a phrasal verb meaning to give out,to distribute to several people; to become exhausted or stop functioning,แจกจ่าย / หมดแรงพังลง,"แจกจ่ายสิ่งของ, หมดแรง/หยุดทำงาน",MODIFIED,แทนที่คำนิยาม placeholder ภาษาอังกฤษ
1550,ox_give_up,give up,verb,phrasal verb,a phrasal verb meaning to give up,to cease making an effort; to quit a habit such as smoking,ยอมแพ้ / ละทิ้งความพยายาม / เลิก (บุหรี่/สุรา),"ยอมแพ้, ถอดใจ, เลิกทำ (บุหรี่/สุรา)",MODIFIED,แทนที่คำนิยาม placeholder ภาษาอังกฤษ
1551,ox_glad,glad,adjective,adjective,Feeling pleasure or happiness,Feeling pleasure or happiness,ยินดี,ยินดี,CORRECT,ถูกต้องตามหลักไวยากรณ์และความหมาย
1552,ox_glass,glass,noun,noun,"A hard, brittle substance, typically transparent or translucent, made by fusing sand with soda, lime, and sometimes other ingredients and cooling rapidly","A hard, brittle substance, typically transparent or translucent, made by fusing sand with soda, lime, and sometimes other ingredients and cooling rapidly",กระจก,กระจก,CORRECT,ถูกต้องตามหลักไวยากรณ์และความหมาย
1553,ox_global,global,adjective,adjective,Relating to the whole world; worldwide,Relating to the whole world; worldwide,ทั่วโลก,ทั่วโลก,CORRECT,ถูกต้องตามหลักไวยากรณ์และความหมาย
1554,ox_glove,glove,noun,noun,A covering for the hand worn for protection against cold or dirt and typically having separate parts for each finger and the thumb,A covering for the hand worn for protection against cold or dirt and typically having separate parts for each finger and the thumb,ถุงมือ,ถุงมือ,CORRECT,ถูกต้องตามหลักไวยากรณ์และความหมาย
1555,ox_glue,glue,noun,noun,An adhesive substance used for sticking objects or materials together,An adhesive substance used for sticking objects or materials together,กาว,กาว,CORRECT,ถูกต้องตามหลักไวยากรณ์และความหมาย
1556,ox_go,go,verb,verb,Move from one place to another; travel,Move from one place to another; travel,ไป,ไป,CORRECT,ถูกต้องตามหลักไวยากรณ์และความหมาย
1557,ox_go_ahead,go ahead,verb,phrasal verb,a phrasal verb meaning to go ahead,to proceed or begin to do something with permission,ลงมือทำได้เลย / เชิญก่อนเลย,"ลงมือทำได้เลย, เริ่มทำได้ทันที, เชิญเลย",MODIFIED,แทนที่คำนิยาม placeholder ภาษาอังกฤษ
1558,ox_goal,goal,noun,noun,The object of a person's ambition or effort; an aim or desired result,The object of a person's ambition or effort; an aim or desired result,เป้าหมาย,เป้าหมาย,CORRECT,ถูกต้องตามหลักไวยากรณ์และความหมาย
1559,ox_go_away,go away,verb,phrasal verb,a phrasal verb meaning to go away,to leave a place; to disappear (such as pain or a problem),ออกไปให้พ้น / หายไป (อาการป่วย),"ออกไปให้พ้น, หายไป (อาการเจ็บป่วย)",MODIFIED,แทนที่คำนิยาม placeholder ภาษาอังกฤษ
1560,ox_go_back,go back,verb,phrasal verb,a phrasal verb meaning to go back,"to return to a previous place, person, or condition",กลับไป,"กลับไปที่เดิม, ย้อนกลับไป",MODIFIED,แทนที่คำนิยาม placeholder ภาษาอังกฤษ
1561,ox_go_back_to,go back to,verb,phrasal verb,a phrasal verb meaning to go back to,to return to doing or discussing something from earlier,กลับไปสู่ / ย้อนกลับไปที่,"ย้อนกลับไปสู่, กลับไปทำเรื่องเดิม",MODIFIED,แทนที่คำนิยาม placeholder ภาษาอังกฤษ
1562,ox_go_by,go by,verb,phrasal verb,a phrasal verb meaning to go by,to pass (of time); to follow or judge by a rule or guide,(เวลา) ล่วงเลยผ่านไป / ยึดถือตาม,"(เวลา) ล่วงเลยผ่านไป, ยึดถือตามเกณฑ์",MODIFIED,แทนที่คำนิยาม placeholder ภาษาอังกฤษ
1563,ox_god,god,noun,noun,"The supreme being, creator, and principal object of faith in religions such as Christianity, Islam, and Judaism","The supreme being, creator, and principal object of faith in religions such as Christianity, Islam, and Judaism",พระเจ้า,พระเจ้า,CORRECT,ถูกต้องตามหลักไวยากรณ์และความหมาย
1564,ox_go_down,go down,verb,phrasal verb,a phrasal verb meaning to go down,to decrease in price or amount; to set (of the sun),ลดลง (ราคา/อุณหภูมิ) / พระอาทิตย์ตก,"ลดลง (ราคา/ระดับ), (พระอาทิตย์) ตกดิน",MODIFIED,แทนที่คำนิยาม placeholder ภาษาอังกฤษ
1565,ox_go_into,go into,verb,phrasal verb,a phrasal verb meaning to go into,to discuss or examine something in detail; to enter a profession,อธิบายอย่างละเอียด / เริ่มเข้าสู่อาชีพ,"อธิบายลงลึกในรายละเอียด, เริ่มเข้าสู่อาชีพ...",MODIFIED,แทนที่คำนิยาม placeholder ภาษาอังกฤษ
1566,ox_gold,gold,noun,noun,"A yellow precious metal, the chemical element of atomic number 79, valued especially for use in jewelry and decoration, and to guarantee the value of currencies","A yellow precious metal, the chemical element of atomic number 79, valued especially for use in jewelry and decoration, and to guarantee the value of currencies",ทอง,ทอง,CORRECT,ถูกต้องตามหลักไวยากรณ์และความหมาย
1567,ox_good,good,adjective,adjective,To be desired or approved of,to be desired or approved of; high quality; morally right,ดี,"ดี, ยอดเยี่ยม, มีประโยชน์",MODIFIED,"ขยายคำแปลไทยจาก ""ดี"" ให้สมบูรณ์"
1568,ox_goodbye,goodbye,noun,noun,An acknowledgment or expression of goodwill at parting,An acknowledgment or expression of goodwill at parting,ลาก่อน,ลาก่อน,CORRECT,ถูกต้องตามหลักไวยากรณ์และความหมาย
1569,ox_goods,goods,noun,noun,Merchandise or possessions,Merchandise or possessions,สินค้า,สินค้า,CORRECT,ถูกต้องตามหลักไวยากรณ์และความหมาย
1570,ox_go_off,go off,verb,phrasal verb,a phrasal verb meaning to go off,to explode or make a sudden loud noise (alarm); to spoil (food),ส่งเสียงเตือน (นาฬิกาปลุก) / ระเบิด / (อาหาร) เน่าเสีย,"ส่งเสียงดัง (นาฬิกาปลุก), ระเบิด, (อาหาร) บูดเสีย",MODIFIED,แทนที่คำนิยาม placeholder ภาษาอังกฤษ
1571,ox_go_on,go on,verb,phrasal verb,a phrasal verb meaning to go on,to continue happening; to occur or take place,ดำเนินต่อไป / เกิดอะไรขึ้น,"ดำเนินต่อไป, เกิดขึ้น",MODIFIED,แทนที่คำนิยาม placeholder ภาษาอังกฤษ
1572,ox_go_on_doing,go on doing,verb,phrasal verb,a phrasal verb meaning to go on doing,to continue doing something without stopping,ทำสิ่งนั้นต่อไปไม่หยุด,ทำสิ่งนั้นต่อไปเรื่อยๆ อย่างไม่หยุดยั้ง,MODIFIED,แทนที่คำนิยาม placeholder ภาษาอังกฤษ
1573,ox_go_out,go out,verb,phrasal verb,a phrasal verb meaning to go out,to leave home for social entertainment; to stop burning or shining (lights),ออกไปสังสรรค์ข้างนอก / ไฟดับ,"ออกไปเที่ยวสังสรรค์ข้างนอก, (ไฟ) ดับลง",MODIFIED,แทนที่คำนิยาม placeholder ภาษาอังกฤษ
1574,ox_go_out_with,go out with,verb,phrasal verb,a phrasal verb meaning to go out with,to have a romantic relationship and date someone,ออกไปข้างนอกด้วย,"คบหาดูใจกับ, ออกเดทกับ",MODIFIED,"แก้ไขคำแปลไทยจาก ""ออกไปข้างนอกด้วย"" เป็น ""คบหาดูใจกับ, ออกเดทกับ"""
1575,ox_go_over,go over,verb,phrasal verb,a phrasal verb meaning to go over,"to review, examine, or practice something carefully",ผ่านไป,"ตรวจทานทบทวน, ตรวจสอบอย่างละเอียด",MODIFIED,"แก้ไขคำแปลไทยจาก ""ผ่านไป"" เป็น ""ตรวจทานทบทวน, ตรวจสอบอย่างละเอียด"""
1576,ox_go_round,go round,verb,phrasal verb,a phrasal verb meaning to go round,to be enough for everyone in a group; to rotate,มีเพียงพอสำหรับทุกคน / หมุนรอบ,"มีเพียงพอแจกจ่ายทุกคน, หมุนรอบ",MODIFIED,แทนที่คำนิยาม placeholder ภาษาอังกฤษ
1577,ox_go_through,go through,verb,phrasal verb,a phrasal verb meaning to go through,to experience a difficult or painful time; to examine thoroughly,เผชิญกับช่วงเวลาที่ยากลำบาก / ตรวจสอบอย่างละเอียด,"เผชิญกับช่วงเวลายากลำบาก, ตรวจสอบอย่างละเอียด",MODIFIED,แทนที่คำนิยาม placeholder ภาษาอังกฤษ
1578,ox_go_through_with,go through with,verb,phrasal verb,a phrasal verb meaning to go through with,to complete something difficult or unpleasant as planned,ผ่านไปด้วย,เดินหน้าทำจนจบ (แม้จะยากลำบากหรือลังเล),MODIFIED,"แก้ไขคำแปลไทยจาก ""ผ่านไปด้วย"" ให้ตรงความหมายแท้จริง"
1579,ox_go_to,go to,verb,phrasal verb,a phrasal verb meaning to go to,"to attend, visit, or travel toward a place or event",ไปที่,"เดินทางไปที่, เข้าร่วม, เข้าศึกษา",MODIFIED,แทนที่คำนิยาม placeholder ภาษาอังกฤษ
1580,ox_go_up,go up,verb,phrasal verb,a phrasal verb meaning to go up,"to increase in price, size, or level; to be built",พุ่งสูงขึ้น (ราคา/ตัวเลข) / ถูกสร้างขึ้น,"ปรับตัวสูงขึ้น (ราคา/ตัวเลข), ถูกสร้างขึ้น",MODIFIED,แทนที่คำนิยาม placeholder ภาษาอังกฤษ
1581,ox_govern,govern,verb,verb,"Conduct the policy, actions, and affairs of (a state, organization, or people) with authority","Conduct the policy, actions, and affairs of (a state, organization, or people) with authority",ปกครอง,ปกครอง,CORRECT,ถูกต้องตามหลักไวยากรณ์และความหมาย
1582,ox_government,government,noun,noun,"The governing body of a nation, state, or community","The governing body of a nation, state, or community",รัฐบาล,รัฐบาล,CORRECT,ถูกต้องตามหลักไวยากรณ์และความหมาย
1583,ox_governor,governor,noun,noun,The elected executive head of a state of the US,The elected executive head of a state of the US,ผู้ว่าราชการจังหวัด,ผู้ว่าราชการจังหวัด,CORRECT,ถูกต้องตามหลักไวยากรณ์และความหมาย
1584,ox_go_with,go with,verb,phrasal verb,a phrasal verb meaning to go with,to match or suit something well in style or taste,เข้ากันได้ดีกับ (เสื้อผ้า/อาหาร),"เข้ากันได้ดีกับ (เสื้อผ้า/อาหาร), เหมาะเจาะกับ",MODIFIED,แทนที่คำนิยาม placeholder ภาษาอังกฤษ
1585,ox_go_without,go without,verb,phrasal verb,a phrasal verb meaning to go without,to manage or live without having something,ไปโดยไม่ต้อง,"อยู่ได้โดยไม่ต้องมี, ทนอยู่โดยขาดแคลน",MODIFIED,"แก้ไขคำแปลไทยจาก ""ไปโดยไม่ต้อง"" ให้ถูกต้อง"
1586,ox_grab,grab,verb,verb,Grasp or seize suddenly and roughly,Grasp or seize suddenly and roughly,คว้า,คว้า,CORRECT,ถูกต้องตามหลักไวยากรณ์และความหมาย
1587,ox_grade,grade,noun,noun,"A particular level of rank, quality, proficiency, or value","A particular level of rank, quality, proficiency, or value",ระดับ,ระดับ,CORRECT,ถูกต้องตามหลักไวยากรณ์และความหมาย
1588,ox_gradual,gradual,adjective,adjective,Taking place or progressing slowly or by degrees,Taking place or progressing slowly or by degrees,ค่อยเป็นค่อยไป,ค่อยเป็นค่อยไป,CORRECT,ถูกต้องตามหลักไวยากรณ์และความหมาย
1589,ox_gradually,gradually,adverb,adverb,In a gradual way; slowly; by degrees,In a gradual way; slowly; by degrees,ค่อยๆ,ค่อยๆ,CORRECT,ถูกต้องตามหลักไวยากรณ์และความหมาย
1590,ox_grain,grain,noun,noun,Wheat or any other cultivated cereal crop used as food,Wheat or any other cultivated cereal crop used as food,เมล็ดพืช,เมล็ดพืช,CORRECT,ถูกต้องตามหลักไวยากรณ์และความหมาย
1591,ox_gram,gram,noun,noun,a small unit of weight,a small unit of weight,กรัม,กรัม,CORRECT,ถูกต้องตามหลักไวยากรณ์และความหมาย
1592,ox_grammar,grammar,noun,noun,the rules for how words are used in a language,the rules for how words are used in a language,ไวยากรณ์,ไวยากรณ์,CORRECT,ถูกต้องตามหลักไวยากรณ์และความหมาย
1593,ox_grand,grand,adjective,adjective,"Magnificent and imposing in appearance, size, or style","Magnificent and imposing in appearance, size, or style",ยิ่งใหญ่,ยิ่งใหญ่,CORRECT,ถูกต้องตามหลักไวยากรณ์และความหมาย
1594,ox_grandchild,grandchild,noun,noun,A child of one's son or daughter,A child of one's son or daughter,หลาน,หลาน,CORRECT,ถูกต้องตามหลักไวยากรณ์และความหมาย
1595,ox_granddaughter,granddaughter,noun,noun,A daughter of one's son or daughter,A daughter of one's son or daughter,หลานสาว,หลานสาว,CORRECT,ถูกต้องตามหลักไวยากรณ์และความหมาย
1596,ox_grandfather,grandfather,noun,noun,The father of one's father or mother,The father of one's father or mother,คุณปู่,คุณปู่,CORRECT,ถูกต้องตามหลักไวยากรณ์และความหมาย
1597,ox_grandmother,grandmother,noun,noun,The mother of one's father or mother,The mother of one's father or mother,ยาย,ยาย,CORRECT,ถูกต้องตามหลักไวยากรณ์และความหมาย
1598,ox_grandparent,grandparent,noun,noun,A parent of one's father or mother; a grandmother or grandfather,A parent of one's father or mother; a grandmother or grandfather,ปู่ย่าตายาย,ปู่ย่าตายาย,CORRECT,ถูกต้องตามหลักไวยากรณ์และความหมาย
1599,ox_grandson,grandson,noun,noun,A son of one's son or daughter,A son of one's son or daughter,หลานชาย,หลานชาย,CORRECT,ถูกต้องตามหลักไวยากรณ์และความหมาย
1600,ox_grant,grant,verb,verb,Agree to give or allow (something requested) to,Agree to give or allow (something requested) to,ยินยอม,ยินยอม,CORRECT,ถูกต้องตามหลักไวยากรณ์และความหมาย
1601,ox_grass,grass,noun,noun,"Vegetation consisting of typically short plants with long, narrow leaves, growing wild or cultivated on lawns and pasture, and as a fodder crop","Vegetation consisting of typically short plants with long, narrow leaves, growing wild or cultivated on lawns and pasture, and as a fodder crop",หญ้า,หญ้า,CORRECT,ถูกต้องตามหลักไวยากรณ์และความหมาย
1602,ox_grateful,grateful,adjective,adjective,Feeling or showing an appreciation of kindness; thankful,Feeling or showing an appreciation of kindness; thankful,ปลื้มปีติ,ปลื้มปีติ,CORRECT,ถูกต้องตามหลักไวยากรณ์และความหมาย
1603,ox_grave_1,grave 1,noun,noun,a place in the ground where a dead body is buried,a place in the ground where a dead person is buried,หลุมศพ / สุสาน,"หลุมฝังศพ, สุสาน",MODIFIED,ปรับคำแปลไทยให้ชัดเจนและเป็นธรรมชาติ
1604,ox_gravely,gravely,noun,noun,"A place of burial for a dead body, typically a hole dug in the ground and marked by a stone or mound","A place of burial for a dead body, typically a hole dug in the ground and marked by a stone or mound",อย่างจริงจัง,อย่างจริงจัง,CORRECT,ถูกต้องตามหลักไวยากรณ์และความหมาย
1605,ox_great,great,adjective,adjective,"Of an extent, amount, or intensity considerably above the normal or average","Of an extent, amount, or intensity considerably above the normal or average",ยอดเยี่ยม,ยอดเยี่ยม,CORRECT,ถูกต้องตามหลักไวยากรณ์และความหมาย
1606,ox_greatly,greatly,adverb,adverb,By a considerable amount; very much,By a considerable amount; very much,อย่างมาก,อย่างมาก,CORRECT,ถูกต้องตามหลักไวยากรณ์และความหมาย
1607,ox_green,green,adjective,adjective,Of the color between blue and yellow in the spectrum; colored like grass or emeralds,Of the color between blue and yellow in the spectrum; colored like grass or emeralds,สีเขียว,สีเขียว,CORRECT,ถูกต้องตามหลักไวยากรณ์และความหมาย
1608,ox_grey,grey,adjective,adjective,"Of a color intermediate between black and white, as of ashes or an overcast sky","Of a color intermediate between black and white, as of ashes or an overcast sky",สีเทา,สีเทา,CORRECT,ถูกต้องตามหลักไวยากรณ์และความหมาย
1609,ox_grocery,grocery,noun,noun,"a store that sells food, or items bought there","a store that sells food, or items bought there",ร้านขายของชำ,ร้านขายของชำ,CORRECT,ถูกต้องตามหลักไวยากรณ์และความหมาย
1610,ox_ground,ground,noun,noun,The solid surface of the earth,The solid surface of the earth,พื้น,พื้น,CORRECT,ถูกต้องตามหลักไวยากรณ์และความหมาย
1611,ox_group,group,noun,noun,"A number of people or things that are located, gathered, or classed together","A number of people or things that are located, gathered, or classed together",กลุ่ม,กลุ่ม,CORRECT,ถูกต้องตามหลักไวยากรณ์และความหมาย
1612,ox_grow,grow,verb,verb,Of a living thing) undergo natural development by increasing in size and changing physically; progress to maturity,Of a living thing) undergo natural development by increasing in size and changing physically; progress to maturity,เติบโต,เติบโต,CORRECT,ถูกต้องตามหลักไวยากรณ์และความหมาย
1613,ox_growth,growth,noun,noun,The process of increasing in physical size,The process of increasing in physical size,การเจริญเติบโต,การเจริญเติบโต,CORRECT,ถูกต้องตามหลักไวยากรณ์และความหมาย
1614,ox_grow_up,grow up,verb,phrasal verb,a phrasal verb meaning to grow up,to develop from a child into an adult,เติบโตเป็นผู้ใหญ่,เติบโตขึ้นเป็นผู้ใหญ่,MODIFIED,แทนที่คำนิยาม placeholder ภาษาอังกฤษ
1615,ox_guard,guard,verb,verb,Watch over in order to protect or control,Watch over in order to protect or control,อารักขา,อารักขา,CORRECT,ถูกต้องตามหลักไวยากรณ์และความหมาย
1616,ox_guess,guess,verb,verb,Estimate or suppose (something) without sufficient information to be sure of being correct,Estimate or suppose (something) without sufficient information to be sure of being correct,เดา,เดา,CORRECT,ถูกต้องตามหลักไวยากรณ์และความหมาย
1617,ox_guest,guest,noun,noun,A person who is invited to visit someone's home or attend a particular social occasion,A person who is invited to visit someone's home or attend a particular social occasion,แขก,แขก,CORRECT,ถูกต้องตามหลักไวยากรณ์และความหมาย
1618,ox_guide,guide,noun,noun,A person who advises or shows the way to others,A person who advises or shows the way to others,แนะนำ,แนะนำ,CORRECT,ถูกต้องตามหลักไวยากรณ์และความหมาย
1619,ox_guilty,guilty,adjective,adjective,Culpable of or responsible for a specified wrongdoing,Culpable of or responsible for a specified wrongdoing,รู้สึกผิด,รู้สึกผิด,CORRECT,ถูกต้องตามหลักไวยากรณ์และความหมาย
1620,ox_gun,gun,noun,noun,a weapon that fires bullets,a weapon that fires bullets,ปืน,ปืน,CORRECT,ถูกต้องตามหลักไวยากรณ์และความหมาย
1621,ox_guy,guy,noun,noun,"a man, used informally","a man, used informally",ผู้ชาย,ผู้ชาย,CORRECT,ถูกต้องตามหลักไวยากรณ์และความหมาย
1622,ox_habit,habit,noun,noun,"A settled or regular tendency or practice, especially one that is hard to give up","A settled or regular tendency or practice, especially one that is hard to give up",นิสัย,นิสัย,CORRECT,ถูกต้องตามหลักไวยากรณ์และความหมาย
1623,ox_hair,hair,noun,noun,"Any of the fine threadlike strands growing from the skin of humans, mammals, and some other animals","Any of the fine threadlike strands growing from the skin of humans, mammals, and some other animals",ผม,ผม,CORRECT,ถูกต้องตามหลักไวยากรณ์และความหมาย
1624,ox_hairdresser,hairdresser,noun,noun,"A person whose job is to cut, wash, and style hair","A person whose job is to cut, wash, and style hair",ช่างทำผม,ช่างทำผม,CORRECT,ถูกต้องตามหลักไวยากรณ์และความหมาย
1625,ox_half,half,noun,noun,Either of two equal or corresponding parts into which something is or can be divided,Either of two equal or corresponding parts into which something is or can be divided,ครึ่ง,ครึ่ง,CORRECT,ถูกต้องตามหลักไวยากรณ์และความหมาย
1626,ox_hall,hall,noun,noun,The room or space just inside the front entrance of a house or apartment,The room or space just inside the front entrance of a house or apartment,ห้องโถง,ห้องโถง,CORRECT,ถูกต้องตามหลักไวยากรณ์และความหมาย
1627,ox_hammer,hammer,noun,noun,"A tool with a heavy metal head mounted at right angles at the end of a handle, used for jobs such as breaking things and driving in nails","A tool with a heavy metal head mounted at right angles at the end of a handle, used for jobs such as breaking things and driving in nails",ค้อน,ค้อน,CORRECT,ถูกต้องตามหลักไวยากรณ์และความหมาย
1628,ox_hand,hand,noun,noun,"The end part of a person's arm beyond the wrist, including the palm, fingers, and thumb","The end part of a person's arm beyond the wrist, including the palm, fingers, and thumb",มือ,มือ,CORRECT,ถูกต้องตามหลักไวยากรณ์และความหมาย
1629,ox_hand_back,hand back,verb,phrasal verb,a phrasal verb meaning to hand back,to return something to the person who gave it to you,ส่งคืนให้เจ้าของเดิม,ส่งคืนให้เจ้าของเดิม,MODIFIED,แทนที่คำนิยาม placeholder ภาษาอังกฤษ
1630,ox_hand_down,hand down,verb,phrasal verb,a phrasal verb meaning to hand down,"to pass knowledge, possessions, or traditions to younger generations",ส่งต่อตกทอด (มรดก/ประเพณี),ส่งต่อตกทอด (มรดก/ประเพณี) สู่รุ่นหลัง,MODIFIED,แทนที่คำนิยาม placeholder ภาษาอังกฤษ
1631,ox_hand_in,hand in,verb,phrasal verb,a phrasal verb meaning to hand in,to submit school work or an official document to someone in authority,ส่งการบ้าน / ยื่นใบลาออก,"ส่งงาน/การบ้าน, ยื่นใบลาออก, มอบตัว",MODIFIED,แทนที่คำนิยาม placeholder ภาษาอังกฤษ
1632,ox_handle,handle,noun,noun,"The part by which a thing is held, carried, or controlled","The part by which a thing is held, carried, or controlled",รับมือ,รับมือ,CORRECT,ถูกต้องตามหลักไวยากรณ์และความหมาย
1633,ox_hand_out,hand out,verb,phrasal verb,a phrasal verb meaning to hand out,to distribute copies or items to each person in a group,แจกเอกสาร / แจกจ่ายสิ่งของ,"แจกจ่ายเอกสาร, แจกสิ่งของให้ทุกคน",MODIFIED,แทนที่คำนิยาม placeholder ภาษาอังกฤษ
1634,ox_hand_over,hand over,verb,phrasal verb,a phrasal verb meaning to hand over,"to give control, responsibility, or possession of something to another person",ส่งมอบหน้าที่ / ส่งมอบอำนาจ,"ส่งมอบหน้าที่/อำนาจ, มอบตัวผู้ต้องหา",MODIFIED,แทนที่คำนิยาม placeholder ภาษาอังกฤษ
1635,ox_hand_round,hand round,verb,phrasal verb,a phrasal verb meaning to hand round,to pass or distribute something to each person in a group,มือกลม,"แจกให้ทุกคน, ส่งต่อเวียนรอบวง/รอบโต๊ะ",MODIFIED,"แก้ไขคำแปลไทยจาก ""มือกลม"" เป็น ""แจกให้ทุกคน, ส่งต่อเวียนรอบวง/รอบโต๊ะ"" และแก้ไขคำนิยาม placeholder ภาษาอังกฤษ"
1636,ox_hang,hang,verb,verb,Suspend or be suspended from above with the lower part dangling free,Suspend or be suspended from above with the lower part dangling free,แขวน,แขวน,CORRECT,ถูกต้องตามหลักไวยากรณ์และความหมาย
1637,ox_hang_about,hang about,verb,phrasal verb,a phrasal verb meaning to hang about,to spend time in a place waiting or doing nothing in particular,เตร็ดเตร่อยู่แถวนั้น,"เตร็ดเตร่รอเวลา, ป้วนเปี้ยนอยู่แถวนั้น",MODIFIED,แทนที่คำนิยาม placeholder ภาษาอังกฤษ
1638,ox_hang_about_with,hang about with,verb,phrasal verb,a phrasal verb meaning to hang about with,to spend a lot of time socializing with someone,ไปเที่ยวกับ,"ไปเที่ยวเตร่กับ, คบค้าสมาคมกับ",MODIFIED,แทนที่คำนิยาม placeholder ภาษาอังกฤษ
1639,ox_hang_around,hang around,verb,phrasal verb,a phrasal verb meaning to hang around,to wait or spend leisure time near a particular place,เตร็ดเตร่ / เดินเล่นรอเวลา,"เตร็ดเตร่อยู่แถวนั้น, เดินเล่นฆ่าเวลา",MODIFIED,แทนที่คำนิยาม placeholder ภาษาอังกฤษ
1640,ox_hang_around_with,hang around with,verb,phrasal verb,a phrasal verb meaning to hang around with,to spend time socializing or keeping company with someone,ป้วนเปี้ยนกับ,"คลุกคลีอยู่กับ, ไปเที่ยวเตร่กับ",MODIFIED,แทนที่คำนิยาม placeholder ภาษาอังกฤษ
1641,ox_hang_on,hang on,verb,phrasal verb,a phrasal verb meaning to hang on,to wait a short time; to hold tightly onto something,รอสักครู่ / จับไว้ให้แน่น,"ถือสายรอสักครู่, รอก่อน, จับไว้ให้แน่น",MODIFIED,แทนที่คำนิยาม placeholder ภาษาอังกฤษ
1642,ox_hang_on_to,hang on to,verb,phrasal verb,a phrasal verb meaning to hang on to,to keep or retain something; to hold tightly,รอก่อน,"เก็บรักษาไว้ไม่ยอมปล่อย, ยึดเหนี่ยวไว้",MODIFIED,"แก้ไขคำแปลไทยจาก ""รอก่อน"" ให้ถูกต้องตามความหมายจริง"
1643,ox_hang_up,hang up,verb,phrasal verb,a phrasal verb meaning to hang up,to end a phone conversation; to place clothes on a hook or hanger,วางสายโทรศัพท์ / แขวนเสื้อผ้า,"วางสายโทรศัพท์, แขวนเสื้อผ้า",MODIFIED,แทนที่คำนิยาม placeholder ภาษาอังกฤษ
1644,ox_happen,happen,verb,verb,Take place; occur,Take place; occur,เกิดขึ้น,เกิดขึ้น,CORRECT,ถูกต้องตามหลักไวยากรณ์และความหมาย
1645,ox_happen_to,happen to,verb,phrasal verb,a phrasal verb meaning to happen to,to affect someone or something by chance or misfortune,เกิดขึ้นกับ,"เกิดขึ้นกับ (คน/สิ่งของ), เผอิญ/บังเอิญทำสิ่งใด",MODIFIED,แทนที่คำนิยาม placeholder ภาษาอังกฤษ
1646,ox_happily,happily,adverb,adverb,in a happy or fortunate way,in a happy or fortunate way,อย่างมีความสุข,อย่างมีความสุข,CORRECT,ถูกต้องตามหลักไวยากรณ์และความหมาย
1647,ox_happiness,happiness,noun,noun,The state of being happy,The state of being happy,ความสุข,ความสุข,CORRECT,ถูกต้องตามหลักไวยากรณ์และความหมาย
1648,ox_happy,happy,adjective,adjective,Feeling or showing pleasure or contentment,Feeling or showing pleasure or contentment,มีความสุข,มีความสุข,CORRECT,ถูกต้องตามหลักไวยากรณ์และความหมาย
1649,ox_hard,hard,adjective,adjective,"Solid, firm, and resistant to pressure; not easily broken, bent, or pierced","Solid, firm, and resistant to pressure; not easily broken, bent, or pierced",แข็ง,แข็ง,CORRECT,ถูกต้องตามหลักไวยากรณ์และความหมาย
1650,ox_hardly,hardly,adverb,adverb,Scarcely (used to qualify a statement by saying that it is true to an insignificant degree),Scarcely (used to qualify a statement by saying that it is true to an insignificant degree),แทบจะไม่,แทบจะไม่,CORRECT,ถูกต้องตามหลักไวยากรณ์และความหมาย
1651,ox_harm,harm,noun,noun,"Physical injury, especially that which is deliberately inflicted","Physical injury, especially that which is deliberately inflicted",อันตราย,อันตราย,CORRECT,ถูกต้องตามหลักไวยากรณ์และความหมาย
1652,ox_harmful,harmful,adjective,adjective,Causing or likely to cause harm,Causing or likely to cause harm,เป็นอันตราย,เป็นอันตราย,CORRECT,ถูกต้องตามหลักไวยากรณ์และความหมาย
1653,ox_harmless,harmless,adjective,adjective,Not able or likely to cause harm,Not able or likely to cause harm,ไม่เป็นอันตราย,ไม่เป็นอันตราย,CORRECT,ถูกต้องตามหลักไวยากรณ์และความหมาย
1654,ox_hat,hat,noun,noun,"A shaped covering for the head worn for warmth, as a fashion item, or as part of a uniform","A shaped covering for the head worn for warmth, as a fashion item, or as part of a uniform",หมวก,หมวก,CORRECT,ถูกต้องตามหลักไวยากรณ์และความหมาย
1655,ox_hate,hate,verb,verb,Intense dislike; feel antipathy or aversion towards,Intense dislike; feel antipathy or aversion towards,เกลียด,เกลียด,CORRECT,ถูกต้องตามหลักไวยากรณ์และความหมาย
1656,ox_hatred,hatred,noun,noun,Intense dislike or ill will,Intense dislike or ill will,ความเกลียดชัง,ความเกลียดชัง,CORRECT,ถูกต้องตามหลักไวยากรณ์และความหมาย
1657,ox_have,have,verb,verb,"Possess, own, or hold","Possess, own, or hold",มี,มี,CORRECT,ถูกต้องตามหลักไวยากรณ์และความหมาย
1658,ox_have_back,have back,verb,phrasal verb,a phrasal verb meaning to have back,to get something back that you previously loaned or lost,กลับมาแล้ว,"ได้คืนกลับมา, รับของคืน",MODIFIED,"แก้ไขคำแปลไทยจาก ""กลับมาแล้ว"" เป็น ""ได้คืนกลับมา"""
1659,ox_have_on,have on,verb,phrasal verb,a phrasal verb meaning to have on,to be wearing a piece of clothing; to tease or deceive someone in fun,มีต่อ,"สวมใส่ (เสื้อผ้า), กำลังหลอกอำเล่น",MODIFIED,"แก้ไขคำแปลไทยจาก ""มีต่อ"" ให้ถูกต้องตามสำนวนจริง"
1660,ox_have_to,have to,verb,modal verb,a phrasal verb meaning to have to,used to express necessity or obligation; must,ต้อง,"จำเป็นต้อง, จำต้อง",MODIFIED,ปรับชนิดของคำ POS ให้เป็น modal verb
1661,ox_he,he,pronoun,pronoun,"Used to refer to a man, boy, or male animal previously mentioned or easily identified","Used to refer to a man, boy, or male animal previously mentioned or easily identified",เขา,เขา,CORRECT,ถูกต้องตามหลักไวยากรณ์และความหมาย
1662,ox_head,head,noun,noun,"The upper part of the human body, or the front or upper part of an animal's body, typically separated from the rest of the body by a neck, and containing the brain, eyes, ears, nose, and mouth","The upper part of the human body, or the front or upper part of an animal's body, typically separated from the rest of the body by a neck, and containing the brain, eyes, ears, nose, and mouth",ศีรษะ,ศีรษะ,CORRECT,ถูกต้องตามหลักไวยากรณ์และความหมาย
1663,ox_headache,headache,noun,noun,a pain in the head,a pain in the head,ปวดศีรษะ,ปวดศีรษะ,CORRECT,ถูกต้องตามหลักไวยากรณ์และความหมาย
1664,ox_heal,heal,verb,verb,to become or make healthy again after an injury or illness,to become or make healthy again after an injury or illness,รักษา,รักษา,CORRECT,ถูกต้องตามหลักไวยากรณ์และความหมาย
1665,ox_health,health,noun,noun,The state of being free from illness or injury,The state of being free from illness or injury,สุขภาพ,สุขภาพ,CORRECT,ถูกต้องตามหลักไวยากรณ์และความหมาย
1666,ox_healthy,healthy,adjective,adjective,In good health,In good health,สุขภาพดี,สุขภาพดี,CORRECT,ถูกต้องตามหลักไวยากรณ์และความหมาย
1667,ox_hear,hear,verb,verb,Perceive with the ear the sound made by (someone or something),Perceive with the ear the sound made by (someone or something),ได้ยิน,ได้ยิน,CORRECT,ถูกต้องตามหลักไวยากรณ์และความหมาย
1668,ox_hear_from,hear from,verb,phrasal verb,a phrasal verb meaning to hear from,to receive communication such as a call or message from someone,ได้รับการติดต่อจาก (ข้อความ/โทรศัพท์),"ได้รับการติดต่อจาก, ได้ยินข่าวคราวจาก",MODIFIED,แทนที่คำนิยาม placeholder ภาษาอังกฤษ
1669,ox_hearing,hearing,noun,noun,The faculty of perceiving sounds,The faculty of perceiving sounds,การได้ยิน,การได้ยิน,CORRECT,ถูกต้องตามหลักไวยากรณ์และความหมาย
1670,ox_hear_of,hear of,verb,phrasal verb,a phrasal verb meaning to hear of,to be aware of the existence of someone or something,เคยได้ยินชื่อ / ทราบข่าวเกี่ยวกับ,"เคยได้ยินชื่อ, ทราบข่าวเกี่ยวกับ",MODIFIED,แทนที่คำนิยาม placeholder ภาษาอังกฤษ
1671,ox_heart,heart,noun,noun,A hollow muscular organ that pumps the blood through the circulatory system by rhythmic contraction and dilation,A hollow muscular organ that pumps the blood through the circulatory system by rhythmic contraction and dilation,หัวใจ,หัวใจ,CORRECT,ถูกต้องตามหลักไวยากรณ์และความหมาย
1672,ox_heat,heat,noun,noun,The quality of being hot; high temperature,The quality of being hot; high temperature,ความร้อน,ความร้อน,CORRECT,ถูกต้องตามหลักไวยากรณ์และความหมาย
1673,ox_heating,heating,noun,noun,"Equipment or devices used to provide warmth, especially to a building","Equipment or devices used to provide warmth, especially to a building",เครื่องทำความร้อน,เครื่องทำความร้อน,CORRECT,ถูกต้องตามหลักไวยากรณ์และความหมาย
1674,ox_heat_up,heat up,verb,phrasal verb,a phrasal verb meaning to heat up,to make something warm or hot; to become more intense or angry,อุ่นอาหาร / บรรยากาศเริ่มดุเดือดขึ้น,"อุ่นอาหาร, ทวีความดุเดือดเข้มข้นขึ้น",MODIFIED,แทนที่คำนิยาม placeholder ภาษาอังกฤษ
1675,ox_heaven,heaven,noun,noun,"A place regarded in various religions as the abode of God (or the gods) and the angels, and of the good after death, often traditionally depicted as being above the sky","A place regarded in various religions as the abode of God (or the gods) and the angels, and of the good after death, often traditionally depicted as being above the sky",สวรรค์,สวรรค์,CORRECT,ถูกต้องตามหลักไวยากรณ์และความหมาย
1676,ox_heavily,heavily,adverb,adverb,To a great degree; in large amounts,To a great degree; in large amounts,หนักมาก,หนักมาก,CORRECT,ถูกต้องตามหลักไวยากรณ์และความหมาย
1677,ox_heavy,heavy,adjective,adjective,Of great weight; difficult to lift or move,Of great weight; difficult to lift or move,หนัก,หนัก,CORRECT,ถูกต้องตามหลักไวยากรณ์และความหมาย
1678,ox_heel,heel,noun,noun,The back part of the human foot below the ankle,The back part of the human foot below the ankle,ส้น,ส้น,CORRECT,ถูกต้องตามหลักไวยากรณ์และความหมาย
1679,ox_height,height,noun,noun,The measurement from base to top or (of a standing person) from head to foot,The measurement from base to top or (of a standing person) from head to foot,ความสูง,ความสูง,CORRECT,ถูกต้องตามหลักไวยากรณ์และความหมาย
1680,ox_hell,hell,noun,noun,"A place regarded in various religions as a spiritual realm of evil and suffering, often traditionally depicted as a place of perpetual fire beneath the earth, where the wicked are punished after death","A place regarded in various religions as a spiritual realm of evil and suffering, often traditionally depicted as a place of perpetual fire beneath the earth, where the wicked are punished after death",นรก,นรก,CORRECT,ถูกต้องตามหลักไวยากรณ์และความหมาย
1681,ox_hello,hello,interjection,interjection,Used as a greeting or to begin a telephone conversation,Used as a greeting or to begin a telephone conversation,สวัสดี,สวัสดี,CORRECT,ถูกต้องตามหลักไวยากรณ์และความหมาย
1682,ox_help,help,verb,verb,Make it easier for (someone) to do something by offering one's services or resources,Make it easier for (someone) to do something by offering one's services or resources,ช่วย,ช่วย,CORRECT,ถูกต้องตามหลักไวยากรณ์และความหมาย
1683,ox_helpful,helpful,adjective,adjective,Giving or ready to give help,Giving or ready to give help,มีประโยชน์,มีประโยชน์,CORRECT,ถูกต้องตามหลักไวยากรณ์และความหมาย
1684,ox_help_out,help out,noun,phrasal verb,Assist someone,to assist someone in dealing with a difficult task or emergency,ยื่นมือเข้าช่วยเหลือ,"ยื่นมือเข้าช่วยเหลือ, ช่วยแก้ปัญหา",MODIFIED,แก้ไขชนิดของคำ POS จาก noun เป็น phrasal verb
1685,ox_hence,hence,adverb,adverb,As a consequence; for this reason,As a consequence; for this reason,เพราะฉะนั้น,เพราะฉะนั้น,CORRECT,ถูกต้องตามหลักไวยากรณ์และความหมาย
1686,ox_her,her,pronoun,pronoun,Belonging to or associated with a female person or animal previously mentioned or easily identified,Belonging to or associated with a female person or animal previously mentioned or easily identified,ของเธอ,ของเธอ,CORRECT,ถูกต้องตามหลักไวยากรณ์และความหมาย
1687,ox_here,here,adverb,adverb,"in, at, or to this place","in, at, or to this place",ที่นี่,ที่นี่,CORRECT,ถูกต้องตามหลักไวยากรณ์และความหมาย
1688,ox_hero,hero,noun,noun,"A person who is admired for their courage, outstanding achievements, or noble qualities","A person who is admired for their courage, outstanding achievements, or noble qualities",ฮีโร่,ฮีโร่,CORRECT,ถูกต้องตามหลักไวยากรณ์และความหมาย
1689,ox_hers,hers,pronoun,pronoun,Belonging to or associated with a female person previously mentioned,Belonging to or associated with a female person previously mentioned,ของเธอ,ของเธอ,CORRECT,ถูกต้องตามหลักไวยากรณ์และความหมาย
1690,ox_herself,herself,pronoun,pronoun,"Used to refer to a female person or animal previously mentioned as the object of a verb or preposition, when she is also the subject of the clause","Used to refer to a female person or animal previously mentioned as the object of a verb or preposition, when she is also the subject of the clause",ตัวเธอเอง,ตัวเธอเอง,CORRECT,ถูกต้องตามหลักไวยากรณ์และความหมาย
1691,ox_hesitate,hesitate,verb,verb,"Pause before saying or doing something, especially through uncertainty","Pause before saying or doing something, especially through uncertainty",ลังเล,ลังเล,CORRECT,ถูกต้องตามหลักไวยากรณ์และความหมาย
1692,ox_hi,hi,interjection,interjection,Used as an informal greeting,Used as an informal greeting,สวัสดี,สวัสดี,CORRECT,ถูกต้องตามหลักไวยากรณ์และความหมาย
1693,ox_hide,hide,verb,verb,Put or keep out of sight,Put or keep out of sight,ซ่อน,ซ่อน,CORRECT,ถูกต้องตามหลักไวยากรณ์และความหมาย
1694,ox_high,high,adjective,adjective,Of great vertical extent,Of great vertical extent,สูง,สูง,CORRECT,ถูกต้องตามหลักไวยากรณ์และความหมาย
1695,ox_highly,highly,adverb,adverb,To a high degree or level,To a high degree or level,อย่างมาก / ในระดับสูง,อย่างมาก / ในระดับสูง,CORRECT,ถูกต้องตามหลักไวยากรณ์และความหมาย
1696,ox_highway,highway,noun,noun,"A main road, especially one connecting major towns or cities","A main road, especially one connecting major towns or cities",ทางหลวง,ทางหลวง,CORRECT,ถูกต้องตามหลักไวยากรณ์และความหมาย
1697,ox_hill,hill,noun,noun,"A naturally raised area of land, not as high or craggy as a mountain","A naturally raised area of land, not as high or craggy as a mountain",เนินเขา,เนินเขา,CORRECT,ถูกต้องตามหลักไวยากรณ์และความหมาย
1698,ox_him,him,pronoun,pronoun,Used to refer to a male person or animal previously mentioned or easily identified,Used to refer to a male person or animal previously mentioned or easily identified,เขา,เขา,CORRECT,ถูกต้องตามหลักไวยากรณ์และความหมาย
1699,ox_himself,himself,pronoun,pronoun,"Used to refer to a male person or animal previously mentioned as the object of a verb or preposition, when he is also the subject of the clause","Used to refer to a male person or animal previously mentioned as the object of a verb or preposition, when he is also the subject of the clause",ตัวเขาเอง,ตัวเขาเอง,CORRECT,ถูกต้องตามหลักไวยากรณ์และความหมาย
1700,ox_hip,hip,noun,noun,The projection of the pelvis and upper thigh bone on each side of the body in human beings and quadrupeds,The projection of the pelvis and upper thigh bone on each side of the body in human beings and quadrupeds,สะโพก,สะโพก,CORRECT,ถูกต้องตามหลักไวยากรณ์และความหมาย
1701,ox_hire,hire,verb,verb,Obtain the temporary use of (something) for an agreed payment,Obtain the temporary use of (something) for an agreed payment,จ้าง,จ้าง,CORRECT,ถูกต้องตามหลักไวยากรณ์และความหมาย
1702,ox_hire_out,hire out,verb,phrasal verb,a phrasal verb meaning to hire out,to allow someone to use something in exchange for payment; to rent out,จ้างออก,เปิดให้เช่า (อุปกรณ์/ยานพาหนะ),MODIFIED,"แก้ไขคำแปลไทยจาก ""จ้างออก"" ให้ตรงกับ ""เปิดให้เช่า"""
1703,ox_his,his,pronoun,pronoun,Belonging to or associated with a male person or animal previously mentioned or easily identified,Belonging to or associated with a male person or animal previously mentioned or easily identified,ของเขา,ของเขา,CORRECT,ถูกต้องตามหลักไวยากรณ์และความหมาย
1704,ox_historical,historical,adjective,adjective,relating to history or the past,relating to history or the past,ประวัติศาสตร์,ประวัติศาสตร์,CORRECT,ถูกต้องตามหลักไวยากรณ์และความหมาย
1705,ox_history,history,noun,noun,"The study of past events, particularly in human affairs","The study of past events, particularly in human affairs",ประวัติศาสตร์,ประวัติศาสตร์,CORRECT,ถูกต้องตามหลักไวยากรณ์และความหมาย
1706,ox_hit,hit,verb,verb,Bring one's hand or a tool or weapon into contact with (someone or something) quickly and forcefully,Bring one's hand or a tool or weapon into contact with (someone or something) quickly and forcefully,ตี,ตี,CORRECT,ถูกต้องตามหลักไวยากรณ์และความหมาย
1707,ox_hobby,hobby,noun,noun,An activity done regularly in one's leisure time for pleasure,An activity done regularly in one's leisure time for pleasure,งานอดิเรก,งานอดิเรก,CORRECT,ถูกต้องตามหลักไวยากรณ์และความหมาย
1708,ox_hold,hold,verb,verb,"Grasp, carry, or support with one's hands","Grasp, carry, or support with one's hands",ถือ,ถือ,CORRECT,ถูกต้องตามหลักไวยากรณ์และความหมาย
1709,ox_hold_back,hold back,verb,phrasal verb,a phrasal verb meaning to hold back,to restrain someone or something; to prevent progress or feelings from showing,กลั้นไว้ (น้ำตา) / ยับยั้งชั่งใจ,"กลั้นไว้ (น้ำตา), ยับยั้งชั่งใจ, สกัดกั้น",MODIFIED,แทนที่คำนิยาม placeholder ภาษาอังกฤษ
1710,ox_hold_on,hold on,verb,phrasal verb,a phrasal verb meaning to hold on,to wait for a short time; to grip tightly; to endure difficulty,ถือสายรอสักครู่ / อดทนไว้,"ถือสายรอสักครู่, อดทนสู้ต่อไป, ยึดไว้ให้แน่น",MODIFIED,แทนที่คำนิยาม placeholder ภาษาอังกฤษ
1711,ox_hold_on_to,hold on to,verb,phrasal verb,a phrasal verb meaning to hold on to,to keep or cling to something firmly; to maintain belief,ยึดมั่นใน,"ยึดมั่นใน, กอด/จับยึดไว้แน่น",MODIFIED,แทนที่คำนิยาม placeholder ภาษาอังกฤษ
1712,ox_hold_out,hold out,verb,phrasal verb,a phrasal verb meaning to hold out,to extend one's hand or offer; to continue to resist or survive,ยื่นมือออกไป / ยืนหยัดทนต่อไป,"ยื่นมือออกไป, ยืนหยัดทนต่อไปไม่ยอมแพ้",MODIFIED,แทนที่คำนิยาม placeholder ภาษาอังกฤษ
1713,ox_hold_up,hold up,verb,phrasal verb,a phrasal verb meaning to hold up,to delay something; to rob using threats or weapons; to support,ทำให้ล่าช้า / ปล้นชิง,"ทำให้ล่าช้า/ติดขัด, ปล้นชิงทรัพย์, พยุงไว้",MODIFIED,แทนที่คำนิยาม placeholder ภาษาอังกฤษ
1714,ox_hole,hole,noun,noun,A hollow place in a solid body or surface,A hollow place in a solid body or surface,รู,รู,CORRECT,ถูกต้องตามหลักไวยากรณ์และความหมาย
1715,ox_holiday,holiday,noun,noun,"An extended period of leisure and recreation, especially one spent away from home or traveling","An extended period of leisure and recreation, especially one spent away from home or traveling",วันหยุด,วันหยุด,CORRECT,ถูกต้องตามหลักไวยากรณ์และความหมาย
1716,ox_hollow,hollow,adjective,adjective,Having a hole or empty space inside,Having a hole or empty space inside,กลวง,กลวง,CORRECT,ถูกต้องตามหลักไวยากรณ์และความหมาย
1717,ox_holy,holy,adjective,adjective,connected with God or a particular religion; sacred,connected with God or a particular religion; sacred,ศักดิ์สิทธิ์,ศักดิ์สิทธิ์,CORRECT,ถูกต้องตามหลักไวยากรณ์และความหมาย
1718,ox_home,home,noun,noun,"The place where one lives permanently, especially as a member of a family or household","The place where one lives permanently, especially as a member of a family or household",บ้าน,บ้าน,CORRECT,ถูกต้องตามหลักไวยากรณ์และความหมาย
1719,ox_homework,homework,noun,noun,school work that students do at home,school work that students do at home,การบ้าน,การบ้าน,CORRECT,ถูกต้องตามหลักไวยากรณ์และความหมาย
1720,ox_honest,honest,adjective,adjective,Free of deceit and untruthfulness; sincere,Free of deceit and untruthfulness; sincere,ซื่อสัตย์,ซื่อสัตย์,CORRECT,ถูกต้องตามหลักไวยากรณ์และความหมาย
1721,ox_honestly,honestly,adverb,adverb,"In a truthful, fair, or honorable way","In a truthful, fair, or honorable way",อย่างซื่อสัตย์ / พูดตามตรง,อย่างซื่อสัตย์ / พูดตามตรง,CORRECT,ถูกต้องตามหลักไวยากรณ์และความหมาย
1722,ox_honour,honour,noun,noun,High respect; esteem,High respect; esteem,ให้เกียรติ,ให้เกียรติ,CORRECT,ถูกต้องตามหลักไวยากรณ์และความหมาย
1723,ox_hook,hook,noun,noun,"A curved or bent tool for catching, holding, or pulling","A curved or bent tool for catching, holding, or pulling",ตะขอ,ตะขอ,CORRECT,ถูกต้องตามหลักไวยากรณ์และความหมาย
1724,ox_hope,hope,noun,noun,A feeling of expectation and desire for a certain thing to happen,A feeling of expectation and desire for a certain thing to happen,หวัง,หวัง,CORRECT,ถูกต้องตามหลักไวยากรณ์และความหมาย
1725,ox_horizontal,horizontal,adjective,adjective,Parallel to the plane of the horizon; at right angles to the vertical,Parallel to the plane of the horizon; at right angles to the vertical,แนวนอน,แนวนอน,CORRECT,ถูกต้องตามหลักไวยากรณ์และความหมาย
1726,ox_horn,horn,noun,noun,"A hard, pointed, often curved part that grows from the top of the head of some animals","A hard, pointed, often curved part that grows from the top of the head of some animals",แตร,แตร,CORRECT,ถูกต้องตามหลักไวยากรณ์และความหมาย
1727,ox_horror,horror,noun,noun,"An intense feeling of fear, shock, or disgust","An intense feeling of fear, shock, or disgust",สยองขวัญ,สยองขวัญ,CORRECT,ถูกต้องตามหลักไวยากรณ์และความหมาย
1728,ox_horse,horse,noun,noun,A large plant-eating domesticated mammal with solid hoofs and a flowing mane and tail,A large plant-eating domesticated mammal with solid hoofs and a flowing mane and tail,ม้า,ม้า,CORRECT,ถูกต้องตามหลักไวยากรณ์และความหมาย
1729,ox_hospital,hospital,noun,noun,An institution providing medical and surgical treatment and nursing care for sick or injured people,An institution providing medical and surgical treatment and nursing care for sick or injured people,โรงพยาบาล,โรงพยาบาล,CORRECT,ถูกต้องตามหลักไวยากรณ์และความหมาย
1730,ox_host,host,noun,noun,A person who receives or entertains other people as guests,A person who receives or entertains other people as guests,เจ้าภาพ,เจ้าภาพ,CORRECT,ถูกต้องตามหลักไวยากรณ์และความหมาย
1731,ox_hot,hot,adjective,adjective,Having a high degree of heat or a high temperature,Having a high degree of heat or a high temperature,ร้อน,ร้อน,CORRECT,ถูกต้องตามหลักไวยากรณ์และความหมาย
1732,ox_hotel,hotel,noun,noun,"An establishment providing accommodations, meals, and other services for travelers and tourists","An establishment providing accommodations, meals, and other services for travelers and tourists",โรงแรม,โรงแรม,CORRECT,ถูกต้องตามหลักไวยากรณ์และความหมาย
1733,ox_hour,hour,noun,noun,A period of time equal to a twenty-fourth part of a day and night and divided into 60 minutes,A period of time equal to a twenty-fourth part of a day and night and divided into 60 minutes,ชั่วโมง,ชั่วโมง,CORRECT,ถูกต้องตามหลักไวยากรณ์และความหมาย
1734,ox_house,house,noun,noun,"A building for human habitation, especially one that is lived in by a family or small group of people","A building for human habitation, especially one that is lived in by a family or small group of people",บ้าน,บ้าน,CORRECT,ถูกต้องตามหลักไวยากรณ์และความหมาย
1735,ox_household,household,noun,noun,A house and its occupants regarded as a unit,A house and its occupants regarded as a unit,ครัวเรือน,ครัวเรือน,CORRECT,ถูกต้องตามหลักไวยากรณ์และความหมาย
1736,ox_housing,housing,noun,noun,Houses and apartments considered collectively,Houses and apartments considered collectively,ที่อยู่อาศัย,ที่อยู่อาศัย,CORRECT,ถูกต้องตามหลักไวยากรณ์และความหมาย
1737,ox_how,how,adverb,adverb,In what way or manner; by what means,In what way or manner; by what means,ยังไง,ยังไง,CORRECT,ถูกต้องตามหลักไวยากรณ์และความหมาย
1738,ox_however,however,conjunction,conjunction,Used to introduce a statement that contrasts with or seems to contradict something that has been said previously,Used to introduce a statement that contrasts with or seems to contradict something that has been said previously,อย่างไรก็ตาม,อย่างไรก็ตาม,CORRECT,ถูกต้องตามหลักไวยากรณ์และความหมาย
1739,ox_huge,huge,adjective,adjective,Extremely large,Extremely large,ใหญ่,ใหญ่,CORRECT,ถูกต้องตามหลักไวยากรณ์และความหมาย
1740,ox_human,human,adjective,adjective,Relating to or characteristic of people or human beings,Relating to or characteristic of people or human beings,มนุษย์,มนุษย์,CORRECT,ถูกต้องตามหลักไวยากรณ์และความหมาย
1741,ox_humorous,humorous,adjective,adjective,Causing lighthearted laughter and amusement; comic,Causing lighthearted laughter and amusement; comic,มีอารมณ์ขัน,มีอารมณ์ขัน,CORRECT,ถูกต้องตามหลักไวยากรณ์และความหมาย
1742,ox_humour,humour,noun,noun,"The quality of being amusing or comic, especially as expressed in literature or speech","The quality of being amusing or comic, especially as expressed in literature or speech",อารมณ์ขัน,อารมณ์ขัน,CORRECT,ถูกต้องตามหลักไวยากรณ์และความหมาย
1743,ox_hundred,hundred,noun,noun,The number equivalent to the product of ten and ten; 100,The number equivalent to the product of ten and ten; 100,ร้อย,ร้อย,CORRECT,ถูกต้องตามหลักไวยากรณ์และความหมาย
1744,ox_hundredth,hundredth,number,number,coming after the ninety-ninth in a series; 100th,coming after the ninety-ninth in a series; 100th,ที่ร้อย,ที่ร้อย,CORRECT,ถูกต้องตามหลักไวยากรณ์และความหมาย
1745,ox_hungry,hungry,adjective,adjective,Feeling or displaying the need for food,Feeling or displaying the need for food,หิว,หิว,CORRECT,ถูกต้องตามหลักไวยากรณ์และความหมาย
1746,ox_hunt,hunt,verb,verb,Pursue and kill (a wild animal) for sport or food,Pursue and kill (a wild animal) for sport or food,ล่า,ล่า,CORRECT,ถูกต้องตามหลักไวยากรณ์และความหมาย
1747,ox_hunting,hunting,verb,noun,Pursue and kill (a wild animal) for sport or food,the activity of pursuing and catching or killing wild animals,การล่าสัตว์,"การล่าสัตว์, กีฬาล่าสัตว์",MODIFIED,แก้ไขชนิดของคำ POS จาก verb เป็น noun
1748,ox_hurry,hurry,verb,verb,Move or act with haste; rush,Move or act with haste; rush,รีบ,รีบ,CORRECT,ถูกต้องตามหลักไวยากรณ์และความหมาย
1749,ox_hurry_up,hurry up,verb,phrasal verb,a phrasal verb meaning to hurry up,"to move, act, or do something more quickly",รีบเข้า / เร่งความเร็ว,"เร่งรีบเข้า, เร่งความเร็ว",MODIFIED,แทนที่คำนิยาม placeholder ภาษาอังกฤษ
1750,ox_hurt,hurt,verb,verb,Cause physical pain or injury to,Cause physical pain or injury to,เจ็บ,เจ็บ,CORRECT,ถูกต้องตามหลักไวยากรณ์และความหมาย
1751,ox_husband,husband,noun,noun,A married man considered in relation to his spouse,A married man considered in relation to his spouse,สามี,สามี,CORRECT,ถูกต้องตามหลักไวยากรณ์และความหมาย
1752,ox_I,I,pronoun,pronoun,Used by a speaker to refer to himself or herself,Used by a speaker to refer to himself or herself,ฉัน,ฉัน,CORRECT,ถูกต้องตามหลักไวยากรณ์และความหมาย
1753,ox_ice,ice,noun,noun,"Frozen water, a brittle, transparent crystalline solid","Frozen water, a brittle, transparent crystalline solid",น้ำแข็ง,น้ำแข็ง,CORRECT,ถูกต้องตามหลักไวยากรณ์และความหมาย
1754,ox_ice_cream,ice cream,noun,noun,A soft frozen food made with sweetened and flavored milk fat,a sweet frozen food made from milkfat and sugar,ไอศครีม,ไอศกรีม,MODIFIED,แก้ไขตัวสะกดภาษาไทยให้ถูกต้องตามราชบัณฑิตยสภา (ไอศกรีม)
1755,ox_idea,idea,noun,noun,A thought or suggestion as to a possible course of action,A thought or suggestion as to a possible course of action,ความคิด,ความคิด,CORRECT,ถูกต้องตามหลักไวยากรณ์และความหมาย
1756,ox_ideal,ideal,adjective,adjective,Satisfying one's conception of what is perfect; most suitable,Satisfying one's conception of what is perfect; most suitable,ในอุดมคติ,ในอุดมคติ,CORRECT,ถูกต้องตามหลักไวยากรณ์และความหมาย
1757,ox_identify,identify,verb,verb,Establish or indicate who or what (someone or something) is,Establish or indicate who or what (someone or something) is,แยกแยะ,แยกแยะ,CORRECT,ถูกต้องตามหลักไวยากรณ์และความหมาย
1758,ox_identify_with,identify with,verb,phrasal verb,a phrasal verb meaning to identify with,to feel that you understand and share the feelings of someone,ระบุด้วย,"เข้าใจความรู้สึกและเข้าถึงได้, รู้สึกผูกพันกับ",MODIFIED,"แก้ไขคำแปลไทยจาก ""ระบุด้วย"" และแก้ไขคำนิยาม placeholder ภาษาอังกฤษ"
1759,ox_identity,identity,noun,noun,The fact of being who or what a person or thing is,The fact of being who or what a person or thing is,ตัวตน,ตัวตน,CORRECT,ถูกต้องตามหลักไวยากรณ์และความหมาย
1760,ox_i.e.,i.e.,other,other,"an abbreviation meaning ""that is"" or ""in other words""","an abbreviation meaning ""that is"" or ""in other words""",เช่น.,เช่น.,CORRECT,ถูกต้องตามหลักไวยากรณ์และความหมาย
1761,ox_if,if,conjunction,conjunction,Introducing a conditional clause,Introducing a conditional clause,ถ้า,ถ้า,CORRECT,ถูกต้องตามหลักไวยากรณ์และความหมาย
1762,ox_ignore,ignore,verb,verb,Refuse to take notice of or acknowledge; disregard intentionally,Refuse to take notice of or acknowledge; disregard intentionally,ไม่สนใจ,ไม่สนใจ,CORRECT,ถูกต้องตามหลักไวยากรณ์และความหมาย
1763,ox_ill,ill,adjective,adjective,Not in full health; sick,Not in full health; sick,ป่วย,ป่วย,CORRECT,ถูกต้องตามหลักไวยากรณ์และความหมาย
1764,ox_illegal,illegal,adjective,adjective,"Contrary to or forbidden by law, especially criminal law","Contrary to or forbidden by law, especially criminal law",ผิดกฎหมาย,ผิดกฎหมาย,CORRECT,ถูกต้องตามหลักไวยากรณ์และความหมาย
1765,ox_illegally,illegally,adjective,adjective,"Contrary to or forbidden by law, especially criminal law","Contrary to or forbidden by law, especially criminal law",อย่างผิดกฎหมาย,อย่างผิดกฎหมาย,CORRECT,ถูกต้องตามหลักไวยากรณ์และความหมาย
1766,ox_illness,illness,noun,noun,A disease or period of sickness affecting the body or mind,A disease or period of sickness affecting the body or mind,การเจ็บป่วย,การเจ็บป่วย,CORRECT,ถูกต้องตามหลักไวยากรณ์และความหมาย
1767,ox_image,image,noun,noun,A representation of the external form of a person or thing in art,A representation of the external form of a person or thing in art,ภาพ,ภาพ,CORRECT,ถูกต้องตามหลักไวยากรณ์และความหมาย
1768,ox_imaginary,imaginary,adjective,adjective,existing only in the mind; not real,existing only in the mind; not real,จินตภาพ,จินตภาพ,CORRECT,ถูกต้องตามหลักไวยากรณ์และความหมาย
1769,ox_imagination,imagination,noun,noun,the ability to form new ideas or pictures in the mind,the ability to form new ideas or pictures in the mind,จินตนาการ,จินตนาการ,CORRECT,ถูกต้องตามหลักไวยากรณ์และความหมาย
1770,ox_imagine,imagine,verb,verb,Form a mental image or concept of,Form a mental image or concept of,จินตนาการ,จินตนาการ,CORRECT,ถูกต้องตามหลักไวยากรณ์และความหมาย
1771,ox_immediate,immediate,adjective,adjective,Occurring or done at once; instant,Occurring or done at once; instant,ทันที,ทันที,CORRECT,ถูกต้องตามหลักไวยากรณ์และความหมาย
1772,ox_immediately,immediately,adverb,adverb,At once; instantly,At once; instantly,ทันทีทันใด,ทันทีทันใด,CORRECT,ถูกต้องตามหลักไวยากรณ์และความหมาย
1773,ox_immoral,immoral,adjective,adjective,not following accepted standards of right behavior,not following accepted standards of right behavior,ผิดศีลธรรม,ผิดศีลธรรม,CORRECT,ถูกต้องตามหลักไวยากรณ์และความหมาย
1774,ox_impact,impact,noun,noun,The action of one object coming forcibly into contact with another,The action of one object coming forcibly into contact with another,ผลกระทบ,ผลกระทบ,CORRECT,ถูกต้องตามหลักไวยากรณ์และความหมาย
1775,ox_impatient,impatient,adjective,adjective,not willing to wait calmly,not willing to wait calmly,ใจร้อน,ใจร้อน,CORRECT,ถูกต้องตามหลักไวยากรณ์และความหมาย
1776,ox_implication,implication,noun,noun,The conclusion that can be drawn from something although it is not explicitly stated,The conclusion that can be drawn from something although it is not explicitly stated,ความหมาย,ความหมาย,CORRECT,ถูกต้องตามหลักไวยากรณ์และความหมาย
1777,ox_imply,imply,verb,verb,to suggest something without stating it directly,to suggest something without stating it directly,บอกเป็นนัย / ส่อความว่า,บอกเป็นนัย / ส่อความว่า,CORRECT,ถูกต้องตามหลักไวยากรณ์และความหมาย
1778,ox_import,import,verb,verb,to bring goods into a country from abroad,to bring goods into a country from abroad,นำเข้า,นำเข้า,CORRECT,ถูกต้องตามหลักไวยากรณ์และความหมาย
1779,ox_importance,importance,noun,noun,The state or fact of being of great significance or value,The state or fact of being of great significance or value,ความสำคัญ,ความสำคัญ,CORRECT,ถูกต้องตามหลักไวยากรณ์และความหมาย
1780,ox_important,important,adjective,adjective,Of great significance or value,Of great significance or value,สำคัญ,สำคัญ,CORRECT,ถูกต้องตามหลักไวยากรณ์และความหมาย
1781,ox_importantly,importantly,adverb,adverb,Used to emphasize a significant point or matter,Used to emphasize a significant point or matter,ที่สำคัญ,ที่สำคัญ,CORRECT,ถูกต้องตามหลักไวยากรณ์และความหมาย
1782,ox_impose,impose,verb,verb,"to force a rule, tax, or punishment on someone","to force a rule, tax, or punishment on someone",กำหนด,กำหนด,CORRECT,ถูกต้องตามหลักไวยากรณ์และความหมาย
1783,ox_impossible,impossible,adjective,adjective,"Not able to occur, exist, or be done","Not able to occur, exist, or be done",เป็นไปไม่ได้,เป็นไปไม่ได้,CORRECT,ถูกต้องตามหลักไวยากรณ์และความหมาย
1784,ox_impress,impress,verb,verb,Make (someone) feel admiration and respect,Make (someone) feel admiration and respect,ประทับใจ,ประทับใจ,CORRECT,ถูกต้องตามหลักไวยากรณ์และความหมาย
1785,ox_impressed,impressed,adjective,adjective,Feeling or showing admiration or respect for someone or something,Feeling or showing admiration or respect for someone or something,ประทับใจ,ประทับใจ,CORRECT,ถูกต้องตามหลักไวยากรณ์และความหมาย
1786,ox_impression,impression,noun,noun,"An idea, feeling, or opinion about something or someone, especially one formed without conscious thought or on the basis of little evidence","An idea, feeling, or opinion about something or someone, especially one formed without conscious thought or on the basis of little evidence",ความประทับใจ,ความประทับใจ,CORRECT,ถูกต้องตามหลักไวยากรณ์และความหมาย
1787,ox_impressive,impressive,adjective,adjective,"Evoking admiration through size, quality, or skill: grand, imposing, or awesome","Evoking admiration through size, quality, or skill: grand, imposing, or awesome",ประทับใจ,ประทับใจ,CORRECT,ถูกต้องตามหลักไวยากรณ์และความหมาย
1788,ox_improve,improve,verb,verb,Make or become better,Make or become better,ทำให้ดีขึ้น,ทำให้ดีขึ้น,CORRECT,ถูกต้องตามหลักไวยากรณ์และความหมาย
1789,ox_improvement,improvement,noun,noun,An example or instance of improving or being improved,An example or instance of improving or being improved,การปรับปรุง,การปรับปรุง,CORRECT,ถูกต้องตามหลักไวยากรณ์และความหมาย
1790,ox_in,in,preposition,preposition,Expressing the situation of something that is or appears to be enclosed or surrounded by something else,Expressing the situation of something that is or appears to be enclosed or surrounded by something else,ใน,ใน,CORRECT,ถูกต้องตามหลักไวยากรณ์และความหมาย
1791,ox_inability,inability,noun,noun,"The lack of ability, means, or power to do something","The lack of ability, means, or power to do something",การไร้ความสามารถ,การไร้ความสามารถ,CORRECT,ถูกต้องตามหลักไวยากรณ์และความหมาย
1792,ox_inch,inch,noun,noun,A unit of linear measure equal to one twelfth of a foot (2.54 cm),A unit of linear measure equal to one twelfth of a foot (2.54 cm),นิ้ว,นิ้ว,CORRECT,ถูกต้องตามหลักไวยากรณ์และความหมาย
1793,ox_incident,incident,noun,noun,An event or occurrence,An event or occurrence,เหตุการณ์,เหตุการณ์,CORRECT,ถูกต้องตามหลักไวยากรณ์และความหมาย
1794,ox_include,include,verb,verb,Comprise or contain as part of a whole,Comprise or contain as part of a whole,รวม,รวม,CORRECT,ถูกต้องตามหลักไวยากรณ์และความหมาย
1795,ox_including,including,preposition,preposition,Containing (someone or something) as part of the whole being considered,Containing (someone or something) as part of the whole being considered,รวมทั้ง,รวมทั้ง,CORRECT,ถูกต้องตามหลักไวยากรณ์และความหมาย
1796,ox_income,income,noun,noun,"Money received, especially on a regular basis, for work or through investments","Money received, especially on a regular basis, for work or through investments",รายได้,รายได้,CORRECT,ถูกต้องตามหลักไวยากรณ์และความหมาย
1797,ox_increase,increase,verb,verb,"Become or make greater in size, amount, intensity, or degree","Become or make greater in size, amount, intensity, or degree",เพิ่มขึ้น,เพิ่มขึ้น,CORRECT,ถูกต้องตามหลักไวยากรณ์และความหมาย
1798,ox_increasingly,increasingly,adverb,adverb,To an increasing extent; more and more,To an increasing extent; more and more,มากขึ้นเรื่อยๆ,มากขึ้นเรื่อยๆ,CORRECT,ถูกต้องตามหลักไวยากรณ์และความหมาย
1799,ox_indeed,indeed,adverb,adverb,Used to emphasize a statement or response confirming something already suggested,Used to emphasize a statement or response confirming something already suggested,อย่างแท้จริง,อย่างแท้จริง,CORRECT,ถูกต้องตามหลักไวยากรณ์และความหมาย
1800,ox_independence,independence,noun,noun,The fact or state of being independent,The fact or state of being independent,ความเป็นอิสระ,ความเป็นอิสระ,CORRECT,ถูกต้องตามหลักไวยากรณ์และความหมาย
1801,ox_independent,independent,adjective,adjective,Free from outside control; not depending on another's authority,Free from outside control; not depending on another's authority,เป็นอิสระ,เป็นอิสระ,CORRECT,ถูกต้องตามหลักไวยากรณ์และความหมาย
1802,ox_independently,independently,adjective,adjective,Free from outside control; not depending on another's authority,Free from outside control; not depending on another's authority,อย่างเป็นอิสระ / ด้วยตนเอง,อย่างเป็นอิสระ / ด้วยตนเอง,CORRECT,ถูกต้องตามหลักไวยากรณ์และความหมาย
1803,ox_index,index,noun,noun,"An alphabetical list of names, subjects, etc., with references to the places where they occur, typically found at the end of a book","An alphabetical list of names, subjects, etc., with references to the places where they occur, typically found at the end of a book",ดัชนี,ดัชนี,CORRECT,ถูกต้องตามหลักไวยากรณ์และความหมาย
1804,ox_indicate,indicate,verb,verb,Point out; show,Point out; show,ระบุ,ระบุ,CORRECT,ถูกต้องตามหลักไวยากรณ์และความหมาย
1805,ox_indication,indication,noun,noun,A sign or piece of information that indicates something,A sign or piece of information that indicates something,ข้อบ่งชี้,ข้อบ่งชี้,CORRECT,ถูกต้องตามหลักไวยากรณ์และความหมาย
1806,ox_indirect,indirect,adjective,adjective,Not directly caused by or resulting from something,Not directly caused by or resulting from something,ทางอ้อม,ทางอ้อม,CORRECT,ถูกต้องตามหลักไวยากรณ์และความหมาย
1807,ox_indirectly,indirectly,adverb,adverb,In a way that is not directly caused by or connected with something,In a way that is not directly caused by or connected with something,ทางอ้อม,ทางอ้อม,CORRECT,ถูกต้องตามหลักไวยากรณ์และความหมาย
1808,ox_individual,individual,noun,noun,"A single human being as distinct from a group, class, or family","A single human being as distinct from a group, class, or family",รายบุคคล,รายบุคคล,CORRECT,ถูกต้องตามหลักไวยากรณ์และความหมาย
1809,ox_indoor,indoor,adjective,adjective,situated or done inside a building,situated or done inside a building,ในร่ม,ในร่ม,CORRECT,ถูกต้องตามหลักไวยากรณ์และความหมาย
1810,ox_indoors,indoors,adverb,adverb,Inside a building,Inside a building,ในอาคาร,ในอาคาร,CORRECT,ถูกต้องตามหลักไวยากรณ์และความหมาย
1811,ox_industrial,industrial,adjective,adjective,Relating to or characterized by industry,Relating to or characterized by industry,ทางอุตสาหกรรม,ทางอุตสาหกรรม,CORRECT,ถูกต้องตามหลักไวยากรณ์และความหมาย
1812,ox_industry,industry,noun,noun,Economic activity concerned with the processing of raw materials and manufacture of goods in factories,Economic activity concerned with the processing of raw materials and manufacture of goods in factories,อุตสาหกรรม,อุตสาหกรรม,CORRECT,ถูกต้องตามหลักไวยากรณ์และความหมาย
1813,ox_inevitable,inevitable,adjective,adjective,Certain to happen; unavoidable,Certain to happen; unavoidable,หลีกเลี่ยงไม่ได้,หลีกเลี่ยงไม่ได้,CORRECT,ถูกต้องตามหลักไวยากรณ์และความหมาย
1814,ox_inevitably,inevitably,adverb,adverb,As is certain to happen; unavoidably,As is certain to happen; unavoidably,อย่างหลีกเลี่ยงไม่ได้,อย่างหลีกเลี่ยงไม่ได้,CORRECT,ถูกต้องตามหลักไวยากรณ์และความหมาย
1815,ox_infect,infect,verb,verb,"Affect (a person, organism, etc.) with a disease-causing organism","Affect (a person, organism, etc.) with a disease-causing organism",ติดเชื้อ,ติดเชื้อ,CORRECT,ถูกต้องตามหลักไวยากรณ์และความหมาย
1816,ox_infected,infected,verb,verb,"Affect (a person, organism, etc.) with a disease-causing organism","Affect (a person, organism, etc.) with a disease-causing organism",ติดเชื้อแล้ว,ติดเชื้อแล้ว,CORRECT,ถูกต้องตามหลักไวยากรณ์และความหมาย
1817,ox_infection,infection,noun,noun,The process of infecting or the state of being infected,The process of infecting or the state of being infected,การติดเชื้อ,การติดเชื้อ,CORRECT,ถูกต้องตามหลักไวยากรณ์และความหมาย
1818,ox_infectious,infectious,adjective,adjective,Likely to spread or influence others in a rapid manner,Likely to spread or influence others in a rapid manner,ติดเชื้อ,ติดเชื้อ,CORRECT,ถูกต้องตามหลักไวยากรณ์และความหมาย
1819,ox_influence,influence,noun,noun,"The capacity to have an effect on the character, development, or behavior of someone or something, or the effect itself","The capacity to have an effect on the character, development, or behavior of someone or something, or the effect itself",อิทธิพล,อิทธิพล,CORRECT,ถูกต้องตามหลักไวยากรณ์และความหมาย
1820,ox_inform,inform,verb,verb,Give (someone) facts or information; tell,Give (someone) facts or information; tell,แจ้ง,แจ้ง,CORRECT,ถูกต้องตามหลักไวยากรณ์และความหมาย
1821,ox_informal,informal,adjective,adjective,"Having a relaxed, friendly, or unofficial style, manner, or nature","Having a relaxed, friendly, or unofficial style, manner, or nature",ไม่เป็นทางการ,ไม่เป็นทางการ,CORRECT,ถูกต้องตามหลักไวยากรณ์และความหมาย
1822,ox_information,information,noun,noun,Facts provided or learned about something or someone,Facts provided or learned about something or someone,ข้อมูล,ข้อมูล,CORRECT,ถูกต้องตามหลักไวยากรณ์และความหมาย
1823,ox_ingredient,ingredient,noun,noun,Any of the foods or substances that are combined to make a particular dish,Any of the foods or substances that are combined to make a particular dish,วัตถุดิบ,วัตถุดิบ,CORRECT,ถูกต้องตามหลักไวยากรณ์และความหมาย
1824,ox_initial,initial,adjective,adjective,Existing or occurring at the beginning,Existing or occurring at the beginning,อักษรย่อ,อักษรย่อ,CORRECT,ถูกต้องตามหลักไวยากรณ์และความหมาย
1825,ox_initially,initially,adverb,adverb,At first,At first,ในขั้นต้น / ในตอนแรก,ในขั้นต้น / ในตอนแรก,CORRECT,ถูกต้องตามหลักไวยากรณ์และความหมาย
1826,ox_initiative,initiative,noun,noun,The ability to assess and initiate things independently,The ability to assess and initiate things independently,ความคิดริเริ่ม,ความคิดริเริ่ม,CORRECT,ถูกต้องตามหลักไวยากรณ์และความหมาย
1827,ox_injure,injure,verb,verb,Do physical harm or damage to (someone),Do physical harm or damage to (someone),ได้รับบาดเจ็บ,ได้รับบาดเจ็บ,CORRECT,ถูกต้องตามหลักไวยากรณ์และความหมาย
1828,ox_injured,injured,adjective,adjective,"Harmed, damaged, or impaired","Harmed, damaged, or impaired",ได้รับบาดเจ็บ,ได้รับบาดเจ็บ,CORRECT,ถูกต้องตามหลักไวยากรณ์และความหมาย
1829,ox_injury,injury,noun,noun,An instance of being injured,An instance of being injured,บาดเจ็บ,บาดเจ็บ,CORRECT,ถูกต้องตามหลักไวยากรณ์และความหมาย
1830,ox_ink,ink,noun,noun,"A colored fluid used for writing, drawing, printing, or duplicating","A colored fluid used for writing, drawing, printing, or duplicating",หมึก,หมึก,CORRECT,ถูกต้องตามหลักไวยากรณ์และความหมาย
1831,ox_inner,inner,adjective,adjective,Situated inside or further in; internal,Situated inside or further in; internal,ภายใน,ภายใน,CORRECT,ถูกต้องตามหลักไวยากรณ์และความหมาย
1832,ox_innocent,innocent,adjective,adjective,Not guilty of a crime or offense,Not guilty of a crime or offense,ผู้บริสุทธิ์,ผู้บริสุทธิ์,CORRECT,ถูกต้องตามหลักไวยากรณ์และความหมาย
1833,ox_insect,insect,noun,noun,A small arthropod animal that has six legs and generally one or two pairs of wings,A small arthropod animal that has six legs and generally one or two pairs of wings,แมลง,แมลง,CORRECT,ถูกต้องตามหลักไวยากรณ์และความหมาย
1834,ox_insert,insert,verb,verb,to put something into something else,to put something into something else,แทรก,แทรก,CORRECT,ถูกต้องตามหลักไวยากรณ์และความหมาย
1835,ox_inside,inside,adjective,adjective,Situated or occurring within; interior,Situated or occurring within; interior,ข้างใน,ข้างใน,CORRECT,ถูกต้องตามหลักไวยากรณ์และความหมาย
1836,ox_insist,insist,verb,verb,"Demand something forcefully, not accepting refusal","Demand something forcefully, not accepting refusal",ยืนกราน,ยืนกราน,CORRECT,ถูกต้องตามหลักไวยากรณ์และความหมาย
1837,ox_insist_on,insist on,noun,phrasal verb,To demand or persist in some course of action,to demand firmly or assert with conviction,ยืนกรานจะทำ / ดึงดัน,"ยืนกรานจะเอา, ดึงดันในเรื่อง",MODIFIED,แก้ไขชนิดของคำ POS จาก noun เป็น phrasal verb
1838,ox_insist_on_doing,insist on doing,verb,phrasal verb,a phrasal verb meaning to insist on doing,to persist stubbornly in doing something despite objections,ยืนกรานที่จะทำ,"ยืนกรานที่จะทำต่อไป, ดึงดันจะทำ",MODIFIED,แทนที่คำนิยาม placeholder ภาษาอังกฤษ
1839,ox_install,install,verb,verb,Place or fix (equipment or machinery) in position ready for use,Place or fix (equipment or machinery) in position ready for use,ติดตั้ง,ติดตั้ง,CORRECT,ถูกต้องตามหลักไวยากรณ์และความหมาย
1840,ox_instance,instance,noun,noun,An example or single occurrence of something,An example or single occurrence of something,ตัวอย่าง,ตัวอย่าง,CORRECT,ถูกต้องตามหลักไวยากรณ์และความหมาย
1841,ox_instead,instead,adverb,adverb,As an alternative or substitute,As an alternative or substitute,แทน,แทน,CORRECT,ถูกต้องตามหลักไวยากรณ์และความหมาย
1842,ox_instead_of,instead of,preposition,preposition,In place of,in place of someone or something else,แทน,"แทนที่, แทนที่จะ",MODIFIED,ปรับคำแปลไทยให้เป็นธรรมชาติ
1843,ox_institute,institute,noun,noun,"A society or organization having a particular object or common factor, especially a scientific, educational, or social one","A society or organization having a particular object or common factor, especially a scientific, educational, or social one",สถาบัน,สถาบัน,CORRECT,ถูกต้องตามหลักไวยากรณ์และความหมาย
1844,ox_institution,institution,noun,noun,"An organization founded for a religious, educational, professional, or social purpose","An organization founded for a religious, educational, professional, or social purpose",สถาบัน,สถาบัน,CORRECT,ถูกต้องตามหลักไวยากรณ์และความหมาย
1845,ox_instruction,instruction,noun,noun,A direction or order,A direction or order,คำแนะนำ,คำแนะนำ,CORRECT,ถูกต้องตามหลักไวยากรณ์และความหมาย
1846,ox_instrument,instrument,noun,noun,"A tool or implement, especially one for precision work","A tool or implement, especially one for precision work",อุปกรณ์,อุปกรณ์,CORRECT,ถูกต้องตามหลักไวยากรณ์และความหมาย
1847,ox_insult,insult,verb,verb,Speak to or treat with disrespect or scornful abuse,Speak to or treat with disrespect or scornful abuse,สบประมาท,สบประมาท,CORRECT,ถูกต้องตามหลักไวยากรณ์และความหมาย
1848,ox_insulting,insulting,adjective,adjective,Disrespectful or scornfully abusive,Disrespectful or scornfully abusive,ดูถูก,ดูถูก,CORRECT,ถูกต้องตามหลักไวยากรณ์และความหมาย
1849,ox_insurance,insurance,noun,noun,"A practice or arrangement by which a company or government agency provides a guarantee of compensation for specified loss, damage, illness, or death in return for payment of a premium","A practice or arrangement by which a company or government agency provides a guarantee of compensation for specified loss, damage, illness, or death in return for payment of a premium",ประกันภัย,ประกันภัย,CORRECT,ถูกต้องตามหลักไวยากรณ์และความหมาย
1850,ox_intelligence,intelligence,noun,noun,The ability to acquire and apply knowledge and skills,The ability to acquire and apply knowledge and skills,ปัญญา,ปัญญา,CORRECT,ถูกต้องตามหลักไวยากรณ์และความหมาย
1851,ox_intelligent,intelligent,adjective,adjective,"Having or showing intelligence, especially of a high level","Having or showing intelligence, especially of a high level",ฉลาด,ฉลาด,CORRECT,ถูกต้องตามหลักไวยากรณ์และความหมาย
1852,ox_intend,intend,verb,verb,Have (a course of action) as one's purpose or objective; plan,Have (a course of action) as one's purpose or objective; plan,ตั้งใจ,ตั้งใจ,CORRECT,ถูกต้องตามหลักไวยากรณ์และความหมาย
1853,ox_intended,intended,adjective,adjective,Planned or meant,Planned or meant,ตั้งใจ,ตั้งใจ,CORRECT,ถูกต้องตามหลักไวยากรณ์และความหมาย
1854,ox_intention,intention,noun,noun,A thing intended; an aim or plan,A thing intended; an aim or plan,เจตนา,เจตนา,CORRECT,ถูกต้องตามหลักไวยากรณ์และความหมาย
1855,ox_interest,interest,noun,noun,The feeling of wanting to know or learn about something or someone,The feeling of wanting to know or learn about something or someone,ความสนใจ,ความสนใจ,CORRECT,ถูกต้องตามหลักไวยากรณ์และความหมาย
1856,ox_interested,interested,adjective,adjective,Showing curiosity or concern about something or someone; having a feeling of interest,Showing curiosity or concern about something or someone; having a feeling of interest,สนใจ,สนใจ,CORRECT,ถูกต้องตามหลักไวยากรณ์และความหมาย
1857,ox_interesting,interesting,adjective,adjective,Arousing curiosity or interest; holding or catching the attention,Arousing curiosity or interest; holding or catching the attention,น่าสนใจ,น่าสนใจ,CORRECT,ถูกต้องตามหลักไวยากรณ์และความหมาย
1858,ox_interior,interior,noun,noun,Situated within or inside; relating to the inside; inner,Situated within or inside; relating to the inside; inner,ภายใน,ภายใน,CORRECT,ถูกต้องตามหลักไวยากรณ์และความหมาย
1859,ox_internal,internal,adjective,adjective,Of or situated on the inside,Of or situated on the inside,ภายใน,ภายใน,CORRECT,ถูกต้องตามหลักไวยากรณ์และความหมาย
1860,ox_international,international,adjective,adjective,"Existing, occurring, or carried on between two or more nations","Existing, occurring, or carried on between two or more nations",ระหว่างประเทศ,ระหว่างประเทศ,CORRECT,ถูกต้องตามหลักไวยากรณ์และความหมาย
1861,ox_Internet,Internet,noun,noun,A global computer network providing a variety of information and communication facilities,A global computer network providing a variety of information and communication facilities,อินเทอร์เน็ต,อินเทอร์เน็ต,CORRECT,ถูกต้องตามหลักไวยากรณ์และความหมาย
1862,ox_interpretation,interpretation,noun,noun,The action of explaining the meaning of something,The action of explaining the meaning of something,การตีความ,การตีความ,CORRECT,ถูกต้องตามหลักไวยากรณ์และความหมาย
1863,ox_interrupt,interrupt,verb,verb,Stop the continuous progress of (an activity or process),Stop the continuous progress of (an activity or process),ขัดจังหวะ,ขัดจังหวะ,CORRECT,ถูกต้องตามหลักไวยากรณ์และความหมาย
1864,ox_interruption,interruption,noun,noun,something that stops an action or process for a time,something that stops an action or process for a time,การหยุดชะงัก,การหยุดชะงัก,CORRECT,ถูกต้องตามหลักไวยากรณ์และความหมาย
1865,ox_interval,interval,noun,noun,a period of time between two events,a period of time between two events,ช่วงเวลา,ช่วงเวลา,CORRECT,ถูกต้องตามหลักไวยากรณ์และความหมาย
1866,ox_interview,interview,noun,noun,"A meeting of people face to face, especially for consultation","A meeting of people face to face, especially for consultation",สัมภาษณ์,สัมภาษณ์,CORRECT,ถูกต้องตามหลักไวยากรณ์และความหมาย
1867,ox_into,into,preposition,preposition,Expressing movement or action with the result that someone or something becomes enclosed or surrounded by something else,Expressing movement or action with the result that someone or something becomes enclosed or surrounded by something else,เข้าไปข้างใน,เข้าไปข้างใน,CORRECT,ถูกต้องตามหลักไวยากรณ์และความหมาย
1868,ox_introduce,introduce,verb,verb,"Bring (something, especially a product, measure, or concept) into use or operation for the first time","Bring (something, especially a product, measure, or concept) into use or operation for the first time",แนะนำ,แนะนำ,CORRECT,ถูกต้องตามหลักไวยากรณ์และความหมาย
1869,ox_introduction,introduction,noun,noun,The action of introducing something,The action of introducing something,การแนะนำ,การแนะนำ,CORRECT,ถูกต้องตามหลักไวยากรณ์และความหมาย
1870,ox_invent,invent,verb,verb,Create or design (something that has not existed before); be the originator of,Create or design (something that has not existed before); be the originator of,ประดิษฐ์,ประดิษฐ์,CORRECT,ถูกต้องตามหลักไวยากรณ์และความหมาย
1871,ox_invention,invention,noun,noun,"The action of inventing something, typically a process or device","The action of inventing something, typically a process or device",สิ่งประดิษฐ์,สิ่งประดิษฐ์,CORRECT,ถูกต้องตามหลักไวยากรณ์และความหมาย
1872,ox_invest,invest,verb,verb,"Expend money with the expectation of achieving a profit or material result by putting it into financial schemes, shares, or property, or by using it to develop a commercial venture","Expend money with the expectation of achieving a profit or material result by putting it into financial schemes, shares, or property, or by using it to develop a commercial venture",ลงทุน,ลงทุน,CORRECT,ถูกต้องตามหลักไวยากรณ์และความหมาย
1873,ox_investigate,investigate,verb,verb,"Carry out a systematic or formal inquiry to discover and examine the facts of (an incident, allegation, etc.) so as to establish the truth","Carry out a systematic or formal inquiry to discover and examine the facts of (an incident, allegation, etc.) so as to establish the truth",สอบสวน,สอบสวน,CORRECT,ถูกต้องตามหลักไวยากรณ์และความหมาย
1874,ox_investigation,investigation,noun,noun,a careful examination to find out facts,a careful examination to find out facts,การสืบสวน,การสืบสวน,CORRECT,ถูกต้องตามหลักไวยากรณ์และความหมาย
1875,ox_investment,investment,noun,noun,The action or process of investing money for profit,The action or process of investing money for profit,การลงทุน,การลงทุน,CORRECT,ถูกต้องตามหลักไวยากรณ์และความหมาย
1876,ox_invitation,invitation,noun,noun,a written or spoken request for someone to attend an event,a written or spoken request for someone to attend an event,การเชิญ,การเชิญ,CORRECT,ถูกต้องตามหลักไวยากรณ์และความหมาย
1877,ox_invite,invite,verb,verb,"Make a polite, formal, or friendly request to (someone) to go somewhere or to do something","Make a polite, formal, or friendly request to (someone) to go somewhere or to do something",เชิญ,เชิญ,CORRECT,ถูกต้องตามหลักไวยากรณ์และความหมาย
1878,ox_involve,involve,verb,verb,Include (something) as a necessary part or result,Include (something) as a necessary part or result,มีส่วนร่วม,มีส่วนร่วม,CORRECT,ถูกต้องตามหลักไวยากรณ์และความหมาย
1879,ox_involved,involved,adjective,adjective,Difficult to comprehend; complicated,Difficult to comprehend; complicated,ที่เกี่ยวข้อง,ที่เกี่ยวข้อง,CORRECT,ถูกต้องตามหลักไวยากรณ์และความหมาย
1880,ox_involvement,involvement,noun,noun,The fact or condition of being involved with or participating in something,The fact or condition of being involved with or participating in something,การมีส่วนร่วม,การมีส่วนร่วม,CORRECT,ถูกต้องตามหลักไวยากรณ์และความหมาย
1881,ox_iron,iron,noun,noun,"A strong, hard magnetic silvery-gray metal, the chemical element of atomic number 26","A strong, hard magnetic silvery-gray metal, the chemical element of atomic number 26",เหล็ก,เหล็ก,CORRECT,ถูกต้องตามหลักไวยากรณ์และความหมาย
1882,ox_irritate,irritate,verb,verb,Make (someone) annoyed or a little angry,Make (someone) annoyed or a little angry,ระคายเคือง,ระคายเคือง,CORRECT,ถูกต้องตามหลักไวยากรณ์และความหมาย
1883,ox_irritated,irritated,adjective,adjective,Showing or feeling slight anger; annoyed,Showing or feeling slight anger; annoyed,หงุดหงิด,หงุดหงิด,CORRECT,ถูกต้องตามหลักไวยากรณ์และความหมาย
1884,ox_irritating,irritating,verb,adjective,Make (someone) annoyed or a little angry,"causing annoyance, impatience, or mild anger",ระคายเคือง,"น่ารำคาญ, กวนใจ, ทำให้ระคายเคือง",MODIFIED,แก้ไขชนิดของคำ POS จาก verb เป็น adjective
1885,ox_island,island,noun,noun,A piece of land surrounded by water,A piece of land surrounded by water,เกาะ,เกาะ,CORRECT,ถูกต้องตามหลักไวยากรณ์และความหมาย
1886,ox_issue,issue,noun,noun,An important topic or problem for debate or discussion,An important topic or problem for debate or discussion,ปัญหา,ปัญหา,CORRECT,ถูกต้องตามหลักไวยากรณ์และความหมาย
1887,ox_it,it,pronoun,pronoun,Used to refer to a thing previously mentioned or easily identified,Used to refer to a thing previously mentioned or easily identified,มัน,มัน,CORRECT,ถูกต้องตามหลักไวยากรณ์และความหมาย
1888,ox_item,item,noun,noun,"An individual article or unit, especially one that is part of a list, collection, or set","An individual article or unit, especially one that is part of a list, collection, or set",รายการ,รายการ,CORRECT,ถูกต้องตามหลักไวยากรณ์และความหมาย
1889,ox_its,its,determiner,determiner,belonging to a thing or animal already mentioned,belonging to a thing or animal already mentioned,ของมัน,ของมัน,CORRECT,ถูกต้องตามหลักไวยากรณ์และความหมาย
1890,ox_itself,itself,pronoun,pronoun,Used to emphasize a particular thing or animal mentioned,Used to emphasize a particular thing or animal mentioned,ตัวมันเอง / ตัวเอง,ตัวมันเอง / ตัวเอง,CORRECT,ถูกต้องตามหลักไวยากรณ์และความหมาย
1891,ox_jacket,jacket,noun,noun,A short coat,A short coat,เสื้อแจ็กเกต,เสื้อแจ็กเกต,CORRECT,ถูกต้องตามหลักไวยากรณ์และความหมาย
1892,ox_jam,jam,noun,noun,A sweet spread or preserve made from fruit and sugar boiled to a thick consistency,A sweet spread or preserve made from fruit and sugar boiled to a thick consistency,แยม,แยม,CORRECT,ถูกต้องตามหลักไวยากรณ์และความหมาย
1893,ox_January,January,noun,noun,"The first month of the year, in the northern hemisphere usually considered the second month of winter","The first month of the year, in the northern hemisphere usually considered the second month of winter",มกราคม,มกราคม,CORRECT,ถูกต้องตามหลักไวยากรณ์และความหมาย
1894,ox_jealous,jealous,adjective,adjective,Feeling or showing envy of someone or their achievements and advantages,Feeling or showing envy of someone or their achievements and advantages,อิจฉา,อิจฉา,CORRECT,ถูกต้องตามหลักไวยากรณ์และความหมาย
1895,ox_jeans,jeans,noun,noun,Hard-wearing trousers made of denim or other cotton fabric,Hard-wearing trousers made of denim or other cotton fabric,ยีนส์,ยีนส์,CORRECT,ถูกต้องตามหลักไวยากรณ์และความหมาย
1896,ox_jelly,jelly,noun,noun,"A sweet, clear, semisolid spread or preserve made from fruit juice and sugar boiled to a thick consistency","A sweet, clear, semisolid spread or preserve made from fruit juice and sugar boiled to a thick consistency",เยลลี่ / วุ้น,เยลลี่ / วุ้น,CORRECT,ถูกต้องตามหลักไวยากรณ์และความหมาย
1897,ox_jewellery,jewellery,noun,noun,"ornaments worn for decoration, such as rings and necklaces","ornaments worn for decoration, such as rings and necklaces",เครื่องเพชรพลอย,เครื่องเพชรพลอย,CORRECT,ถูกต้องตามหลักไวยากรณ์และความหมาย
1898,ox_job,job,noun,noun,A paid position of regular employment,A paid position of regular employment,งาน,งาน,CORRECT,ถูกต้องตามหลักไวยากรณ์และความหมาย
1899,ox_join,join,verb,verb,Link or connect (something) together,Link or connect (something) together,เข้าร่วม,เข้าร่วม,CORRECT,ถูกต้องตามหลักไวยากรณ์และความหมาย
1900,ox_join_in,join in,verb,phrasal verb,a phrasal verb meaning to join in,to take part in an activity along with others,ร่วมสนุกด้วย / มีส่วนร่วมในกิจกรรม,"เข้าร่วมสนุกด้วย, มีส่วนร่วมในกิจกรรม",MODIFIED,แทนที่คำนิยาม placeholder ภาษาอังกฤษ
1901,ox_joint,joint,noun,noun,A point at which parts of an artificial structure are joined,A point at which parts of an artificial structure are joined,ข้อต่อ,ข้อต่อ,CORRECT,ถูกต้องตามหลักไวยากรณ์และความหมาย
1902,ox_jointly,jointly,adverb,adverb,With another person or people; together,With another person or people; together,ร่วมกัน,ร่วมกัน,CORRECT,ถูกต้องตามหลักไวยากรณ์และความหมาย
1903,ox_joke,joke,noun,noun,"A thing that someone says to cause amusement or laughter, especially a story with a funny punchline","A thing that someone says to cause amusement or laughter, especially a story with a funny punchline",เรื่องตลก,เรื่องตลก,CORRECT,ถูกต้องตามหลักไวยากรณ์และความหมาย
1904,ox_journalist,journalist,noun,noun,"A person who writes for newspapers, magazines, or news websites or prepares news to be broadcast","A person who writes for newspapers, magazines, or news websites or prepares news to be broadcast",นักข่าว,นักข่าว,CORRECT,ถูกต้องตามหลักไวยากรณ์และความหมาย
1905,ox_journey,journey,noun,noun,An act of traveling from one place to another,An act of traveling from one place to another,การเดินทาง,การเดินทาง,CORRECT,ถูกต้องตามหลักไวยากรณ์และความหมาย
1906,ox_joy,joy,noun,noun,A feeling of great pleasure and happiness,A feeling of great pleasure and happiness,ความสุข,ความสุข,CORRECT,ถูกต้องตามหลักไวยากรณ์และความหมาย
1907,ox_judge,judge,noun,noun,A public official appointed to decide cases in a court of law,A public official appointed to decide cases in a court of law,ผู้พิพากษา,ผู้พิพากษา,CORRECT,ถูกต้องตามหลักไวยากรณ์และความหมาย
1908,ox_judgement,judgement,noun,noun,The ability to make considered decisions or come to sensible conclusions,The ability to make considered decisions or come to sensible conclusions,การตัดสิน,การตัดสิน,CORRECT,ถูกต้องตามหลักไวยากรณ์และความหมาย
1909,ox_juice,juice,noun,noun,The liquid obtained from or present in fruit or vegetables,The liquid obtained from or present in fruit or vegetables,น้ำผลไม้,น้ำผลไม้,CORRECT,ถูกต้องตามหลักไวยากรณ์และความหมาย
1910,ox_July,July,noun,noun,"The seventh month of the year, in the northern hemisphere usually considered the second month of summer","The seventh month of the year, in the northern hemisphere usually considered the second month of summer",กรกฎาคม,กรกฎาคม,CORRECT,ถูกต้องตามหลักไวยากรณ์และความหมาย
1911,ox_jump,jump,verb,verb,Push oneself off a surface and into the air by using the muscles in one's legs and feet,Push oneself off a surface and into the air by using the muscles in one's legs and feet,กระโดด,กระโดด,CORRECT,ถูกต้องตามหลักไวยากรณ์และความหมาย
1912,ox_June,June,noun,noun,"The sixth month of the year, in the northern hemisphere usually considered the first month of summer","The sixth month of the year, in the northern hemisphere usually considered the first month of summer",มิถุนายน,มิถุนายน,CORRECT,ถูกต้องตามหลักไวยากรณ์และความหมาย
1913,ox_junior,junior,adjective,adjective,"Of, for, or denoting young or younger people","Of, for, or denoting young or younger people",จูเนียร์,จูเนียร์,CORRECT,ถูกต้องตามหลักไวยากรณ์และความหมาย
1914,ox_just,just,adjective,adjective,Based on or behaving according to what is morally right and fair,Based on or behaving according to what is morally right and fair,แค่,แค่,CORRECT,ถูกต้องตามหลักไวยากรณ์และความหมาย
1915,ox_justice,justice,noun,noun,Just behavior or treatment,Just behavior or treatment,ความยุติธรรม,ความยุติธรรม,CORRECT,ถูกต้องตามหลักไวยากรณ์และความหมาย
1916,ox_justified,justified,adjective,adjective,having a good and acceptable reason,having a good and acceptable reason,เป็นธรรม,เป็นธรรม,CORRECT,ถูกต้องตามหลักไวยากรณ์และความหมาย
1917,ox_keen,keen,adjective,adjective,Having or showing eagerness or enthusiasm,Having or showing eagerness or enthusiasm,กระตือรือร้น,กระตือรือร้น,CORRECT,ถูกต้องตามหลักไวยากรณ์และความหมาย
1918,ox_keep,keep,verb,verb,Have or retain possession of,Have or retain possession of,เก็บ,เก็บ,CORRECT,ถูกต้องตามหลักไวยากรณ์และความหมาย
1919,ox_keep_out,keep out,verb,phrasal verb,a phrasal verb meaning to keep out,to prevent someone from entering a particular place,ห้ามคนนอกเข้าเด็ดขาด,"ห้ามเข้า, กันไม่ให้เข้าไปข้างใน",MODIFIED,แทนที่คำนิยาม placeholder ภาษาอังกฤษ
1920,ox_keep_out_of,keep out of,verb,phrasal verb,a phrasal verb meaning to keep out of,to refrain from entering or becoming involved in something,ให้ออกจาก,"หลีกเลี่ยงไม่เข้าไปยุ่งเกี่ยวกับ, อยู่ห่างจาก",MODIFIED,"แก้ไขคำแปลไทยจาก ""ให้ออกจาก"" ให้ถูกต้อง"
1921,ox_keep_up,keep up,verb,phrasal verb,a phrasal verb meaning to keep up,to maintain a pace or standard; to prevent something from falling,รักษามาตรฐานไว้ต่อไป / ก้าวตามทัน,"รักษามาตรฐานไว้ต่อไป, ตามให้ทัน",MODIFIED,แทนที่คำนิยาม placeholder ภาษาอังกฤษ
1922,ox_keep_up_with,keep up with,verb,phrasal verb,a phrasal verb meaning to keep up with,to stay abreast of news or developments; to move at the same speed as others,ตามทัน (ข่าวสาร/กระแส/คนอื่น),ตามทัน (ข่าวสาร/กระแส/คนอื่น),MODIFIED,แทนที่คำนิยาม placeholder ภาษาอังกฤษ
1923,ox_key,key,noun,noun,A small piece of shaped metal with incisions cut to fit the wards of a particular lock and operate it,A small piece of shaped metal with incisions cut to fit the wards of a particular lock and operate it,สำคัญ,สำคัญ,CORRECT,ถูกต้องตามหลักไวยากรณ์และความหมาย
1924,ox_keyboard,keyboard,noun,noun,A panel of keys that operate a computer or typewriter,A panel of keys that operate a computer or typewriter,แป้นพิมพ์,แป้นพิมพ์,CORRECT,ถูกต้องตามหลักไวยากรณ์และความหมาย
1925,ox_kick,kick,verb,verb,Strike or propel forcibly with the foot,Strike or propel forcibly with the foot,เตะ,เตะ,CORRECT,ถูกต้องตามหลักไวยากรณ์และความหมาย
1926,ox_kid,kid,noun,noun,A child or young person,A child or young person,เด็ก,เด็ก,CORRECT,ถูกต้องตามหลักไวยากรณ์และความหมาย
1927,ox_kill,kill,verb,verb,"Cause the death of (a person, animal, or other living thing)","Cause the death of (a person, animal, or other living thing)",ฆ่า,ฆ่า,CORRECT,ถูกต้องตามหลักไวยากรณ์และความหมาย
1928,ox_killing,killing,verb,noun,"Cause the death of (a person, animal, or other living thing)","an act of causing death, especially deliberately; murder",ฆ่า,"การฆ่า, การสังหาร, ฆาตกรรม",MODIFIED,แก้ไขชนิดของคำ POS จาก verb เป็น noun
1929,ox_kilogram,kilogram,noun,noun,a unit of mass equal to 1000 grams,a unit of mass equal to 1000 grams,กิโลกรัม,กิโลกรัม,CORRECT,ถูกต้องตามหลักไวยากรณ์และความหมาย
1930,ox_kilometre,kilometre,noun,noun,a unit of length equal to 1000 metres,a unit of length equal to 1000 metres,กิโลเมตร,กิโลเมตร,CORRECT,ถูกต้องตามหลักไวยากรณ์และความหมาย
1931,ox_kind,kind,noun,noun,A group of people or things having similar characteristics,A group of people or things having similar characteristics,ใจดี,ใจดี,CORRECT,ถูกต้องตามหลักไวยากรณ์และความหมาย
1932,ox_kindly,kindly,adverb,adverb,In a kind manner,In a kind manner,อย่างใจดี / กรุณา,อย่างใจดี / กรุณา,CORRECT,ถูกต้องตามหลักไวยากรณ์และความหมาย
1933,ox_kindness,kindness,noun,noun,"The quality of being friendly, generous, and considerate","The quality of being friendly, generous, and considerate",ความเมตตา,ความเมตตา,CORRECT,ถูกต้องตามหลักไวยากรณ์และความหมาย
1934,ox_king,king,noun,noun,"The male ruler of an independent state, especially one who inherits the position by right of birth","The male ruler of an independent state, especially one who inherits the position by right of birth",กษัตริย์,กษัตริย์,CORRECT,ถูกต้องตามหลักไวยากรณ์และความหมาย
1935,ox_kiss,kiss,verb,verb,"Touch with the lips as a sign of love, sexual desire, reverence, or greeting","Touch with the lips as a sign of love, sexual desire, reverence, or greeting",จูบ,จูบ,CORRECT,ถูกต้องตามหลักไวยากรณ์และความหมาย
1936,ox_kitchen,kitchen,noun,noun,A room or area where food is prepared and cooked,A room or area where food is prepared and cooked,ครัว,ครัว,CORRECT,ถูกต้องตามหลักไวยากรณ์และความหมาย
1937,ox_knee,knee,noun,noun,The joint between the thigh and the lower leg,The joint between the thigh and the lower leg,เข่า,เข่า,CORRECT,ถูกต้องตามหลักไวยากรณ์และความหมาย
1938,ox_knife,knife,noun,noun,"An instrument composed of a blade fixed into a handle, used for cutting or as a weapon","An instrument composed of a blade fixed into a handle, used for cutting or as a weapon",มีด,มีด,CORRECT,ถูกต้องตามหลักไวยากรณ์และความหมาย
1939,ox_knit,knit,verb,verb,"Make (a garment, fabric, etc.) by interlocking loops of wool or other yarn with knitting needles or on a machine","Make (a garment, fabric, etc.) by interlocking loops of wool or other yarn with knitting needles or on a machine",ถัก,ถัก,CORRECT,ถูกต้องตามหลักไวยากรณ์และความหมาย
1940,ox_knitted,knitted,adjective,adjective,made by knitting,made by knitting,ถัก,ถัก,CORRECT,ถูกต้องตามหลักไวยากรณ์และความหมาย
1941,ox_knitting,knitting,noun,noun,the activity of making cloth or clothes from wool using needles,the craft or action of knitting yarn; knitted fabric or garments,ถัก,"การถักนิตติ้ง, งานถักไหมพรม",MODIFIED,ปรับคำแปลไทยให้เป็นคำนามตามชนิดคำ POS
1942,ox_knock,knock,verb,verb,"Strike a surface noisily to attract attention, especially when waiting to be let in through a door","Strike a surface noisily to attract attention, especially when waiting to be let in through a door",เคาะ,เคาะ,CORRECT,ถูกต้องตามหลักไวยากรณ์และความหมาย
1943,ox_knock_down,knock down,verb,phrasal verb,a phrasal verb meaning to knock down,to strike someone to the ground; to demolish a building; to reduce prices,ล้มลง,"ชนจนล้มคว่ำ, ทุบรื้อถอน (อาคาร), ลดราคา",MODIFIED,แทนที่คำนิยาม placeholder ภาษาอังกฤษ และปรับคำแปลไทยให้ครอบคลุม
1944,ox_knock_out,knock out,verb,phrasal verb,a phrasal verb meaning to knock out,to make unconscious by a blow; to defeat an opponent in competition,ชกจนสลบ / ทำให้น็อก / ทำให้ตกรอบ,"ชกจนสลบ (น็อกเอาต์), ทำให้ตกรอบการแข่งขัน",MODIFIED,แทนที่คำนิยาม placeholder ภาษาอังกฤษ
1945,ox_knot,knot,noun,noun,a fastening made by tying rope or string,a fastening made by looping a piece of string or rope,ปม,"เงื่อน, ปมเชือก, ปมปัญหา",MODIFIED,"ขยายคำแปลไทยจาก ""ปม"" เป็น ""เงื่อน, ปมเชือก"""
1946,ox_know,know,verb,verb,"Be aware of through observation, inquiry, or information","Be aware of through observation, inquiry, or information",ทราบ,ทราบ,CORRECT,ถูกต้องตามหลักไวยากรณ์และความหมาย
1947,ox_lab,lab,noun,noun,a room used for scientific work; short for laboratory,a room used for scientific work; short for laboratory,ห้องปฏิบัติการ,ห้องปฏิบัติการ,CORRECT,ถูกต้องตามหลักไวยากรณ์และความหมาย
1948,ox_label,label,noun,noun,"A small piece of paper, fabric, plastic, or similar material attached to an object and giving information about it","A small piece of paper, fabric, plastic, or similar material attached to an object and giving information about it",ฉลาก,ฉลาก,CORRECT,ถูกต้องตามหลักไวยากรณ์และความหมาย
1949,ox_laboratory,laboratory,noun,noun,"A room or building equipped for scientific experiments, research, or teaching, or for the manufacture of drugs or chemicals","A room or building equipped for scientific experiments, research, or teaching, or for the manufacture of drugs or chemicals",ห้องปฏิบัติการ,ห้องปฏิบัติการ,CORRECT,ถูกต้องตามหลักไวยากรณ์และความหมาย
1950,ox_labour,labour,noun,noun,physical or mental work,physical or mental work,แรงงาน,แรงงาน,CORRECT,ถูกต้องตามหลักไวยากรณ์และความหมาย
1951,ox_lack,lack,noun,noun,The state of being without or not having enough of something,The state of being without or not having enough of something,ขาด,ขาด,CORRECT,ถูกต้องตามหลักไวยากรณ์และความหมาย
1952,ox_lacking,lacking,noun,adjective,The state of being without or not having enough of something,not having enough of something; missing or absent,ขาด,"ที่ขาดแคลน, ที่ไม่เพียงพอ",MODIFIED,แก้ไขชนิดของคำ POS จาก noun เป็น adjective
1953,ox_lady,lady,noun,noun,A woman (used as a polite or old-fashioned form of reference),A woman (used as a polite or old-fashioned form of reference),ท่านหญิง,ท่านหญิง,CORRECT,ถูกต้องตามหลักไวยากรณ์และความหมาย
1954,ox_lake,lake,noun,noun,A large body of water surrounded by land,A large body of water surrounded by land,ทะเลสาบ,ทะเลสาบ,CORRECT,ถูกต้องตามหลักไวยากรณ์และความหมาย
1955,ox_lamp,lamp,noun,noun,"A device for giving light, either one consisting of an electric bulb together with its holder and shade or cover","A device for giving light, either one consisting of an electric bulb together with its holder and shade or cover",โคมไฟ,โคมไฟ,CORRECT,ถูกต้องตามหลักไวยากรณ์และความหมาย
1956,ox_land,land,noun,noun,"The part of the earth's surface that is not covered by water, as opposed to the sea or the air","The part of the earth's surface that is not covered by water, as opposed to the sea or the air",ที่ดิน,ที่ดิน,CORRECT,ถูกต้องตามหลักไวยากรณ์และความหมาย
1957,ox_landscape,landscape,noun,noun,"All the visible features of an area of countryside or land, often considered in terms of their aesthetic appeal","All the visible features of an area of countryside or land, often considered in terms of their aesthetic appeal",ภูมิประเทศ,ภูมิประเทศ,CORRECT,ถูกต้องตามหลักไวยากรณ์และความหมาย
1958,ox_lane,lane,noun,noun,"a narrow road, or a marked strip of a road","a narrow road, or a marked strip of a road",เลน,เลน,CORRECT,ถูกต้องตามหลักไวยากรณ์และความหมาย
1959,ox_language,language,noun,noun,"The method of human communication, either spoken or written, consisting of the use of words in a structured and conventional way","The method of human communication, either spoken or written, consisting of the use of words in a structured and conventional way",ภาษา,ภาษา,CORRECT,ถูกต้องตามหลักไวยากรณ์และความหมาย
1960,ox_large,large,adjective,adjective,"Of considerable or relatively great size, extent, or capacity","Of considerable or relatively great size, extent, or capacity",ใหญ่,ใหญ่,CORRECT,ถูกต้องตามหลักไวยากรณ์และความหมาย
1961,ox_largely,largely,adverb,adverb,To a great extent; mostly,To a great extent; mostly,โดยส่วนใหญ่ / เป็นส่วนมาก,โดยส่วนใหญ่ / เป็นส่วนมาก,CORRECT,ถูกต้องตามหลักไวยากรณ์และความหมาย
1962,ox_last_1,last 1,adjective,adjective,coming after all others; final,coming after all others in time or order; final,สุดท้าย / ล่าสุด,"สุดท้าย, ล่าสุด, ที่ผ่านมา",MODIFIED,ปรับคำแปลไทยให้ครอบคลุม
1963,ox_late,late,adjective,adjective,"Doing something or taking place after the expected, proper, or usual time","Doing something or taking place after the expected, proper, or usual time",ช้า,ช้า,CORRECT,ถูกต้องตามหลักไวยากรณ์และความหมาย
1964,ox_later,later,adverb,adverb,At a time subsequent to a reference time,At a time subsequent to a reference time,ภายหลัง,ภายหลัง,CORRECT,ถูกต้องตามหลักไวยากรณ์และความหมาย
1965,ox_latest,latest,adjective,adjective,The most recent or current,The most recent or current,ล่าสุด,ล่าสุด,CORRECT,ถูกต้องตามหลักไวยากรณ์และความหมาย
1966,ox_latter,latter,adjective,adjective,the second of two things mentioned,the second of two things mentioned,หลัง,หลัง,CORRECT,ถูกต้องตามหลักไวยากรณ์และความหมาย
1967,ox_laugh,laugh,verb,verb,Make the spontaneous sounds and movements of the face and body that are the instinctive expressions of lively amusement and sometimes also of contempt or derision,Make the spontaneous sounds and movements of the face and body that are the instinctive expressions of lively amusement and sometimes also of contempt or derision,หัวเราะ,หัวเราะ,CORRECT,ถูกต้องตามหลักไวยากรณ์และความหมาย
1968,ox_laugh_at,laugh at,verb,phrasal verb,a phrasal verb meaning to laugh at,to mock or ridicule someone; to find amusement in something,หัวเราะเยาะ,"หัวเราะเยาะ, เย้ยหยัน",MODIFIED,แทนที่คำนิยาม placeholder ภาษาอังกฤษ
1969,ox_launch,launch,verb,verb,Set (a boat) in motion by pushing it or allowing it to roll into the water,Set (a boat) in motion by pushing it or allowing it to roll into the water,ปล่อย,ปล่อย,CORRECT,ถูกต้องตามหลักไวยากรณ์และความหมาย
1970,ox_law,law,noun,noun,The system of rules which a particular country or community recognizes as regulating the actions of its members and which it may enforce by the imposition of penalties,the system of rules enforceable by institutions; legislation,กฎ,"กฎหมาย, ข้อบัญญัติ, พระราชบัญญัติ",MODIFIED,"ขยายคำแปลไทยจาก ""กฎ"" เป็น ""กฎหมาย, ข้อบัญญัติ"""
1971,ox_lawyer,lawyer,noun,noun,A person who practices or studies law; an attorney or a counselor,A person who practices or studies law; an attorney or a counselor,ทนายความ,ทนายความ,CORRECT,ถูกต้องตามหลักไวยากรณ์และความหมาย
1972,ox_lay,lay,verb,verb,"Put down, especially gently or carefully","Put down, especially gently or carefully",วาง,วาง,CORRECT,ถูกต้องตามหลักไวยากรณ์และความหมาย
1973,ox_layer,layer,noun,noun,"A sheet, quantity, or thickness of material, typically one of several, covering a surface or body","A sheet, quantity, or thickness of material, typically one of several, covering a surface or body",ชั้น,ชั้น,CORRECT,ถูกต้องตามหลักไวยากรณ์และความหมาย
1974,ox_lazy,lazy,adjective,adjective,Unwilling to work or use energy,Unwilling to work or use energy,ขี้เกียจ,ขี้เกียจ,CORRECT,ถูกต้องตามหลักไวยากรณ์และความหมาย
1975,ox_lead_1,lead 1,noun,noun,"a soft, heavy, grey metal","a soft, heavy, bluish-grey metal element; graphite in a pencil",นำทาง / เป็นผู้นำ / สารตะกั่ว,"สารตะกั่ว, ไส้ดินสอ",MODIFIED,แยกความหมายคำนามทางกายภาพของสารตะกั่วให้ชัดเจน
1976,ox_leader,leader,noun,noun,"The person who leads or commands a group, organization, or country","The person who leads or commands a group, organization, or country",ผู้นำ,ผู้นำ,CORRECT,ถูกต้องตามหลักไวยากรณ์และความหมาย
1977,ox_leading_1,leading 1,adjective,adjective,most important or most successful,"most important, prominent, or successful",ชั้นนำ / อันดับต้นๆ,"ชั้นนำ, อันดับต้นๆ, ระดับแนวหน้า",MODIFIED,ตรวจสอบความถูกต้อง
1978,ox_leaf,leaf,noun,noun,"A flattened structure of a higher plant, typically green and bladelike, that is attached to a stem directly or via a stalk","A flattened structure of a higher plant, typically green and bladelike, that is attached to a stem directly or via a stalk",ใบไม้,ใบไม้,CORRECT,ถูกต้องตามหลักไวยากรณ์และความหมาย
1979,ox_league,league,noun,noun,"A collection of people, countries, or groups that combine for a particular purpose, typically mutual protection or cooperation","A collection of people, countries, or groups that combine for a particular purpose, typically mutual protection or cooperation",ลีก,ลีก,CORRECT,ถูกต้องตามหลักไวยากรณ์และความหมาย
1980,ox_lean,lean,verb,verb,Be in or move into a sloping position,Be in or move into a sloping position,เอียง,เอียง,CORRECT,ถูกต้องตามหลักไวยากรณ์และความหมาย
1981,ox_learn,learn,verb,verb,"Gain or acquire knowledge of or skill in (something) by study, experience, or being taught","Gain or acquire knowledge of or skill in (something) by study, experience, or being taught",เรียนรู้,เรียนรู้,CORRECT,ถูกต้องตามหลักไวยากรณ์และความหมาย
1982,ox_least,least,adjective,adjective,"Smallest in amount, extent, or significance","Smallest in amount, extent, or significance",น้อยที่สุด,น้อยที่สุด,CORRECT,ถูกต้องตามหลักไวยากรณ์และความหมาย
1983,ox_leather,leather,noun,noun,A material made from the skin of an animal by tanning or a similar process,A material made from the skin of an animal by tanning or a similar process,หนัง,หนัง,CORRECT,ถูกต้องตามหลักไวยากรณ์และความหมาย
1984,ox_leave,leave,verb,verb,Go away from,Go away from,ออกจาก,ออกจาก,CORRECT,ถูกต้องตามหลักไวยากรณ์และความหมาย
1985,ox_leave_out,leave out,verb,phrasal verb,a phrasal verb meaning to leave out,to omit or exclude someone or something from a list or activity,ออกไป,"ละเว้น, ข้ามไป, ตัดออก/ไม่นับรวม",MODIFIED,"แก้ไขคำแปลไทยจาก ""ออกไป"" เป็น ""ละเว้น, ข้ามไป, ตัดออก"""
1986,ox_lecture,lecture,noun,noun,"An educational talk to an audience, especially one of students in a university","An educational talk to an audience, especially one of students in a university",การบรรยาย,การบรรยาย,CORRECT,ถูกต้องตามหลักไวยากรณ์และความหมาย
1987,ox_left,left,adjective,adjective,"On, towards, or relating to the side of a human body or of a thing that is to the west when the person or thing is facing north","On, towards, or relating to the side of a human body or of a thing that is to the west when the person or thing is facing north",ซ้าย,ซ้าย,CORRECT,ถูกต้องตามหลักไวยากรณ์และความหมาย
1988,ox_leg,leg,noun,noun,Each of the limbs on which a person or animal walks and stands,Each of the limbs on which a person or animal walks and stands,ขา,ขา,CORRECT,ถูกต้องตามหลักไวยากรณ์และความหมาย
1989,ox_legal,legal,adjective,adjective,"Of, based on, or concerned with the law","Of, based on, or concerned with the law",ถูกกฎหมาย,ถูกกฎหมาย,CORRECT,ถูกต้องตามหลักไวยากรณ์และความหมาย
1990,ox_legally,legally,adverb,adverb,In a way that conforms to or is permitted or required by the law,In a way that conforms to or is permitted or required by the law,ตามกฎหมาย / อย่างถูกกฎหมาย,ตามกฎหมาย / อย่างถูกกฎหมาย,CORRECT,ถูกต้องตามหลักไวยากรณ์และความหมาย
1991,ox_lemon,lemon,noun,noun,"A yellow citrus fruit with a bitter, acidic juice","A yellow citrus fruit with a bitter, acidic juice",มะนาว,มะนาว,CORRECT,ถูกต้องตามหลักไวยากรณ์และความหมาย
1992,ox_lend,lend,verb,verb,Grant to (someone) the use of (something) on the understanding that it will be returned,Grant to (someone) the use of (something) on the understanding that it will be returned,ให้ยืม,ให้ยืม,CORRECT,ถูกต้องตามหลักไวยากรณ์และความหมาย
1993,ox_length,length,noun,noun,The measurement or extent of something from end to end,The measurement or extent of something from end to end,ความยาว,ความยาว,CORRECT,ถูกต้องตามหลักไวยากรณ์และความหมาย
1994,ox_less,less,adjective,adjective,To a smaller extent; not as much,To a smaller extent; not as much,น้อย,น้อย,CORRECT,ถูกต้องตามหลักไวยากรณ์และความหมาย
1995,ox_lesson,lesson,noun,noun,An amount of teaching given at one time; a period of learning or teaching,An amount of teaching given at one time; a period of learning or teaching,บทเรียน,บทเรียน,CORRECT,ถูกต้องตามหลักไวยากรณ์และความหมาย
1996,ox_let,let,verb,verb,Allow someone to have or do something,Allow someone to have or do something,อนุญาต,อนุญาต,CORRECT,ถูกต้องตามหลักไวยากรณ์และความหมาย
1997,ox_let_down,let down,verb,phrasal verb,a phrasal verb meaning to let down,to disappoint someone by failing to fulfill expectations or promises,ปล่อยให้ลง,"ทำให้ผิดหวัง, ปล่อยให้เสียความรู้สึก",MODIFIED,"แก้ไขคำแปลไทยจาก ""ปล่อยให้ลง"" เป็น ""ทำให้ผิดหวัง"""
1998,ox_let_off,let off,verb,phrasal verb,a phrasal verb meaning to let off,to pardon or excuse someone without punishment; to discharge a weapon or firework,ปล่อยวาง,"ยกโทษให้, ปล่อยตัวไปโดยไม่ลงโทษ, จุดพลุ",MODIFIED,"แก้ไขคำแปลไทยจาก ""ปล่อยวาง"" เป็น ""ยกโทษให้, ปล่อยตัวไปโดยไม่ลงโทษ"""
1999,ox_letter,letter,noun,noun,"A written, typed, or printed communication, especially one sent in an envelope by mail or messenger","A written, typed, or printed communication, especially one sent in an envelope by mail or messenger",จดหมาย,จดหมาย,CORRECT,ถูกต้องตามหลักไวยากรณ์และความหมาย
2000,ox_level,level,noun,noun,"A position on a real or imaginary scale of amount, quantity, extent, or quality","A position on a real or imaginary scale of amount, quantity, extent, or quality",ระดับ,ระดับ,CORRECT,ถูกต้องตามหลักไวยากรณ์และความหมาย
2001,ox_library,library,noun,noun,"A building or room containing collections of books, periodicals, and sometimes films and recorded music for people to read, borrow, or refer to","A building or room containing collections of books, periodicals, and sometimes films and recorded music for people to read, borrow, or refer to",ห้องสมุด,ห้องสมุด,CORRECT,ถูกต้องตามหลักไวยากรณ์และความหมาย
2002,ox_licence,licence,noun,noun,an official document giving permission to do something,an official document giving permission to do something,ใบอนุญาต,ใบอนุญาต,CORRECT,ถูกต้องตามหลักไวยากรณ์และความหมาย
2003,ox_license,license,noun,noun,"A permit from an authority to own or use something, do a particular thing, or carry on a trade (especially in alcoholic drinks)","A permit from an authority to own or use something, do a particular thing, or carry on a trade (especially in alcoholic drinks)",ใบอนุญาต,ใบอนุญาต,CORRECT,ถูกต้องตามหลักไวยากรณ์และความหมาย
2004,ox_lid,lid,noun,noun,a cover for the top of a container,a removable or hinged cover for the top of a container,ฝา,ฝาปิด (หม้อ/กล่อง/ภาชนะ),MODIFIED,"ขยายคำแปลไทยจาก ""ฝา"" ให้ชัดเจน"
2005,ox_lie_1,lie 1,noun,noun,a false statement made deliberately,a false statement made deliberately with intent to deceive,คำโกหก / เรื่องเท็จ,"คำโกหก, เรื่องเท็จ",MODIFIED,ตรวจสอบความถูกต้อง
2006,ox_lie_2,lie 2,verb,verb,"to say something that is not true; also, to be in a flat position",to speak falsely with intent to deceive,นอนลง / โกหก,"โกหก, พูดเท็จ",MODIFIED,แยกแยะกริยาพูดปดให้แม่นยำ
2007,ox_lie_around,lie around,verb,phrasal verb,a phrasal verb meaning to lie around,to spend time lounging lazily; to remain lying scattered in disorder,โกหก,"นอนเล่นเกียจคร้าน, วางเกะกะระเกะระกา",MODIFIED,"แก้ไขคำแปลไทยผิดพลาดร้ายแรงจาก ""โกหก"" เป็น ""นอนเล่นเกียจคร้าน, วางเกะกะระเกะระกา"""
2008,ox_lie_down,lie down,verb,phrasal verb,a phrasal verb meaning to lie down,"to recline one's body in a flat, resting position",นอนราบ,"เอนกายนอนลง, นอนราบพักผ่อน",MODIFIED,แทนที่คำนิยาม placeholder ภาษาอังกฤษ
2009,ox_life,life,noun,noun,The existence of an individual human being or animal,The existence of an individual human being or animal,ชีวิต,ชีวิต,CORRECT,ถูกต้องตามหลักไวยากรณ์และความหมาย
2010,ox_lift,lift,verb,verb,Raise to a higher position or level,Raise to a higher position or level,ยก,ยก,CORRECT,ถูกต้องตามหลักไวยากรณ์และความหมาย
2011,ox_light,light,noun,noun,The natural agent that stimulates sight and makes things visible,The natural agent that stimulates sight and makes things visible,แสงสว่าง,แสงสว่าง,CORRECT,ถูกต้องตามหลักไวยากรณ์และความหมาย
2012,ox_lightly,lightly,adverb,adverb,"With little weight, force, intensity, etc.","With little weight, force, intensity, etc.",เบา ๆ,เบา ๆ,CORRECT,ถูกต้องตามหลักไวยากรณ์และความหมาย
2013,ox_like,like,preposition,preposition,Having the same characteristics or qualities as; similar to,Having the same characteristics or qualities as; similar to,ชอบ,ชอบ,CORRECT,ถูกต้องตามหลักไวยากรณ์และความหมาย
2014,ox_likely,likely,adjective,adjective,Such as well might happen or be true; probable,Such as well might happen or be true; probable,มีแนวโน้ม,มีแนวโน้ม,CORRECT,ถูกต้องตามหลักไวยากรณ์และความหมาย
2015,ox_limit,limit,noun,noun,A point or level beyond which something does not or may not extend or pass,A point or level beyond which something does not or may not extend or pass,ขีด จำกัด,ขีด จำกัด,CORRECT,ถูกต้องตามหลักไวยากรณ์และความหมาย
2016,ox_limited,limited,adjective,adjective,"Restricted in size, amount, or extent; few, small, or short","Restricted in size, amount, or extent; few, small, or short",จำกัด,จำกัด,CORRECT,ถูกต้องตามหลักไวยากรณ์และความหมาย
2017,ox_limit_to,limit to,verb,phrasal verb,a phrasal verb meaning to limit to,"to restrict someone or something to a particular amount, area, or scope",จำกัด,"จำกัดขอบเขตไว้ที่, จำกัดจำนวน",MODIFIED,แทนที่คำนิยาม placeholder ภาษาอังกฤษ
2018,ox_line,line,noun,noun,"A long, narrow mark or band","A long, narrow mark or band",เส้น,เส้น,CORRECT,ถูกต้องตามหลักไวยากรณ์และความหมาย
2019,ox_link,link,noun,noun,"A relationship between two things or situations, especially where one thing affects the other","A relationship between two things or situations, especially where one thing affects the other",ลิงค์,ลิงค์,CORRECT,ถูกต้องตามหลักไวยากรณ์และความหมาย
2020,ox_lip,lip,noun,noun,Either of the two fleshy parts that form the upper and lower edges of the opening of the mouth,Either of the two fleshy parts that form the upper and lower edges of the opening of the mouth,ริมฝีปาก,ริมฝีปาก,CORRECT,ถูกต้องตามหลักไวยากรณ์และความหมาย
2021,ox_liquid,liquid,noun,noun,"A substance that flows freely but is of constant volume, having a consistency like that of water or oil","A substance that flows freely but is of constant volume, having a consistency like that of water or oil",ของเหลว,ของเหลว,CORRECT,ถูกต้องตามหลักไวยากรณ์และความหมาย
2022,ox_list,list,noun,noun,"A number of connected items or names written or printed consecutively, typically one below the other","A number of connected items or names written or printed consecutively, typically one below the other",รายการ,รายการ,CORRECT,ถูกต้องตามหลักไวยากรณ์และความหมาย
2023,ox_listen,listen,verb,verb,Give one's attention to a sound,Give one's attention to a sound,ฟัง,ฟัง,CORRECT,ถูกต้องตามหลักไวยากรณ์และความหมาย
2024,ox_literature,literature,noun,noun,"Written works, especially those considered of superior or lasting artistic merit","Written works, especially those considered of superior or lasting artistic merit",วรรณกรรม,วรรณกรรม,CORRECT,ถูกต้องตามหลักไวยากรณ์และความหมาย
2025,ox_litre,litre,noun,noun,"A metric unit of capacity, formerly defined as the volume of one kilogram of water under standard conditions, now equal to 1,000 cubic centimeters (approximately 1.75 pints)","A metric unit of capacity, formerly defined as the volume of one kilogram of water under standard conditions, now equal to 1,000 cubic centimeters (approximately 1.75 pints)",ลิตร,ลิตร,CORRECT,ถูกต้องตามหลักไวยากรณ์และความหมาย
2026,ox_little,little,adjective,adjective,"Small in size, amount, or degree","Small in size, amount, or degree",เล็กน้อย,เล็กน้อย,CORRECT,ถูกต้องตามหลักไวยากรณ์และความหมาย
2027,ox_live_1,live 1,verb,verb,to have a home in a particular place; to be alive,to remain alive; to have a home or reside in a specified location,อาศัยอยู่ / มีชีวิตอยู่,"อาศัยอยู่, มีชีวิตอยู่",MODIFIED,ตรวจสอบความถูกต้อง
2028,ox_live_2,live 2,adjective,adjective,"happening now, broadcast as it happens; not recorded",broadcast or performed at the actual time of occurrence; living and not dead,สด (ถ่ายทอดสด / แสดงสด),"สด (ถ่ายทอดสด/แสดงสด), มีชีวิตอยู่",MODIFIED,ตรวจสอบความถูกต้อง
2029,ox_lively,lively,verb,verb,Remain alive,Remain alive,มีชีวิตชีวา,มีชีวิตชีวา,CORRECT,ถูกต้องตามหลักไวยากรณ์และความหมาย
2030,ox_live_on,live on,verb,phrasal verb,a phrasal verb meaning to live on,to continue to survive; to subsist on a particular food or source of income,มีชีวิตอยู่ต่อไป,"ดำรงชีวิตอยู่ด้วย (เงิน/อาหาร), มีชีวิตยืนยาวต่อไป",MODIFIED,แทนที่คำนิยาม placeholder ภาษาอังกฤษ
2031,ox_live_through,live through,verb,phrasal verb,a phrasal verb meaning to live through,to experience and survive a difficult period or traumatic event,มีชีวิตอยู่ผ่าน,"ผ่านพ้นช่วงเวลายากลำบากมาได้, รอดชีวิตจาก",MODIFIED,"แก้ไขคำแปลไทยจาก ""มีชีวิตอยู่ผ่าน"" เป็น ""ผ่านพ้นช่วงเวลายากลำบากมาได้"""
2032,ox_live_together,live together,verb,phrasal verb,a phrasal verb meaning to live together,to share a home and live as a couple without being married,อยู่ด้วยกัน,"อาศัยอยู่ร่วมชายคาเดียวกัน, อยู่กินด้วยกันฉันคู่ครอง",MODIFIED,แทนที่คำนิยาม placeholder ภาษาอังกฤษ
2033,ox_living,living,noun,noun,An income sufficient to live on or the means of earning it,An income sufficient to live on or the means of earning it,การดำรงชีวิต / รายได้เลี้ยงชีพ,การดำรงชีวิต / รายได้เลี้ยงชีพ,CORRECT,ถูกต้องตามหลักไวยากรณ์และความหมาย
2034,ox_load,load,noun,noun,A heavy or bulky thing that is being carried or is about to be carried,A heavy or bulky thing that is being carried or is about to be carried,ภาระ / ของบรรทุก,ภาระ / ของบรรทุก,CORRECT,ถูกต้องตามหลักไวยากรณ์และความหมาย
2035,ox_loan,loan,noun,noun,"A thing that is borrowed, especially a sum of money that is expected to be paid back with interest","A thing that is borrowed, especially a sum of money that is expected to be paid back with interest",เงินกู้,เงินกู้,CORRECT,ถูกต้องตามหลักไวยากรณ์และความหมาย
2036,ox_local,local,adjective,adjective,Relating or restricted to a particular area or one's neighborhood,Relating or restricted to a particular area or one's neighborhood,ท้องถิ่น,ท้องถิ่น,CORRECT,ถูกต้องตามหลักไวยากรณ์และความหมาย
2037,ox_locally,locally,adjective,adjective,Relating or restricted to a particular area or one's neighborhood,Relating or restricted to a particular area or one's neighborhood,ในท้องถิ่น / ในพื้นที่,ในท้องถิ่น / ในพื้นที่,CORRECT,ถูกต้องตามหลักไวยากรณ์และความหมาย
2038,ox_locate,locate,verb,verb,Discover the exact place or position of,Discover the exact place or position of,ค้นหา,ค้นหา,CORRECT,ถูกต้องตามหลักไวยากรณ์และความหมาย
2039,ox_located,located,verb,verb,Discover the exact place or position of,Discover the exact place or position of,ตั้งอยู่,ตั้งอยู่,CORRECT,ถูกต้องตามหลักไวยากรณ์และความหมาย
2040,ox_location,location,noun,noun,A particular place or position,A particular place or position,ที่ตั้ง,ที่ตั้ง,CORRECT,ถูกต้องตามหลักไวยากรณ์และความหมาย
2041,ox_lock,lock,noun,noun,"A device for securing a door, gate, lid, or drawer in position when closed, typically operated by a key","A device for securing a door, gate, lid, or drawer in position when closed, typically operated by a key",ล็อค,ล็อค,CORRECT,ถูกต้องตามหลักไวยากรณ์และความหมาย
2042,ox_lock_up,lock up,verb,phrasal verb,a phrasal verb meaning to lock up,to lock all doors and windows securely; to imprison someone,ล็อคขึ้น,"ขังคุก, ปิดล็อคประตูหน้าต่างให้มิดชิด",MODIFIED,"แก้ไขคำแปลไทยจาก ""ล็อคขึ้น"" เป็น ""ขังคุก, ปิดล็อคประตูหน้าต่างให้มิดชิด"" และแทนที่คำนิยาม placeholder"
2043,ox_logic,logic,noun,noun,Reasoning conducted or assessed according to strict principles of validity,Reasoning conducted or assessed according to strict principles of validity,ตรรกะ,ตรรกะ,CORRECT,ถูกต้องตามหลักไวยากรณ์และความหมาย
2044,ox_logical,logical,adjective,adjective,Of or according to the rules of logic or formal argument,Of or according to the rules of logic or formal argument,ตรรกะ,ตรรกะ,CORRECT,ถูกต้องตามหลักไวยากรณ์และความหมาย
2045,ox_lonely,lonely,adjective,adjective,Sad because one has no friends or company,Sad because one has no friends or company,เหงา,เหงา,CORRECT,ถูกต้องตามหลักไวยากรณ์และความหมาย
2046,ox_long,long,adjective,adjective,Measuring a great distance from end to end,Measuring a great distance from end to end,ยาว,ยาว,CORRECT,ถูกต้องตามหลักไวยากรณ์และความหมาย
2047,ox_look,look,verb,verb,Direct one's gaze toward someone or something or in a specified direction,to direct one's gaze toward something; to seem or appear,ดู,"มองดู, จ้องมอง, ดูเหมือนว่า",MODIFIED,"ขยายคำแปลไทยจาก ""ดู"" ให้สมบูรณ์"
2048,ox_look_after,look after,verb,phrasal verb,a phrasal verb meaning to look after,to take care of or be responsible for someone or something,ดูแลเอาใจใส่ / คอยเทกแคร์,"ดูแลเอาใจใส่, คอยดูแลปกป้อง",MODIFIED,แทนที่คำนิยาม placeholder ภาษาอังกฤษ
2049,ox_look_at,look at,verb,phrasal verb,a phrasal verb meaning to look at,to direct one's eyes toward something; to examine or consider carefully,ดูสิ,"มองดู, พิจารณาไตร่ตรองอย่างละเอียด",MODIFIED,"แก้ไขคำแปลไทยจาก ""ดูสิ"" เป็น ""มองดู, พิจารณาไตร่ตรอง"" และแทนที่คำนิยาม placeholder"
2050,ox_look_down_on,look down on,verb,phrasal verb,a phrasal verb meaning to look down on,to think that someone is inferior or of low social worth,ดูถูก / มองข้ามหัว,"ดูถูกเหยียดหยาม, มองข้ามหัว",MODIFIED,แทนที่คำนิยาม placeholder ภาษาอังกฤษ
2051,ox_look_forward_to,look forward to,verb,phrasal verb,a phrasal verb meaning to look forward to,to anticipate something pleasant with eagerness and excitement,ตั้งตารอคอยด้วยความยินดี,ตั้งตารอคอยด้วยความยินดี,MODIFIED,แทนที่คำนิยาม placeholder ภาษาอังกฤษ
2052,ox_look_into,look into,verb,phrasal verb,a phrasal verb meaning to look into,"to investigate the facts of a problem, crime, or situation",ตรวจสอบข้อเท็จจริง / สืบสวน,"สืบสวนสอบสวน, ตรวจสอบข้อเท็จจริง",MODIFIED,แทนที่คำนิยาม placeholder ภาษาอังกฤษ
2053,ox_look_on,look on,verb,phrasal verb,a phrasal verb meaning to look on,to watch something happen without getting involved,ยืนดูเป็นไทยมุง / มองดูเหตุการณ์,"ยืนดูอยู่เฉยๆ, มองดูเหตุการณ์",MODIFIED,แทนที่คำนิยาม placeholder ภาษาอังกฤษ
2054,ox_look_on_with,look on with,verb,phrasal verb,a phrasal verb meaning to look on with,to watch or observe something with a particular emotion or attitude,ดูต่อด้วย,มองดูด้วยความ (รู้สึกบางอย่าง),MODIFIED,แทนที่คำนิยาม placeholder ภาษาอังกฤษ
2055,ox_look_out,look out,verb,phrasal verb,a phrasal verb meaning to look out,used to warn someone to be careful of immediate danger,ระวังตัวด้วย!,"ระวังตัวด้วย!, ระวังอันตราย!",MODIFIED,แทนที่คำนิยาม placeholder ภาษาอังกฤษ
2056,ox_look_out_for,look out for,verb,phrasal verb,a phrasal verb meaning to look out for,to be vigilant in order to notice or protect someone or something,ระวัง,"คอยสอดส่องระวัง, คอยดูแลเอาใจใส่",MODIFIED,แทนที่คำนิยาม placeholder ภาษาอังกฤษ
2057,ox_look_round,look round,verb,phrasal verb,a phrasal verb meaning to look round,to walk around inspecting a building or area,เดินสำรวจดูรอบๆ,"เดินสำรวจดูรอบๆ, เยี่ยมชมสถานที่",MODIFIED,แทนที่คำนิยาม placeholder ภาษาอังกฤษ
2058,ox_look_through,look through,verb,phrasal verb,a phrasal verb meaning to look through,to read or examine something quickly; to pretend not to see someone,มองผ่าน,"อ่านกวาดตาตรวจดูอย่างรวดเร็ว, มองทะลุ",MODIFIED,"แก้ไขคำแปลไทยจาก ""มองผ่าน"" เป็น ""อ่านกวาดตาตรวจดูอย่างรวดเร็ว, มองทะลุ"""
2059,ox_look_up,look up,verb,phrasal verb,a phrasal verb meaning to look up,to search for information in a book or online; to improve (of a situation),ค้นหาข้อมูล (ในพจนานุกรม) / สถานการณ์เริ่มดีขึ้น,"ค้นหาข้อมูล (ในพจนานุกรม/เน็ต), ส่อแววดีขึ้น",MODIFIED,แทนที่คำนิยาม placeholder ภาษาอังกฤษ
2060,ox_look_up_to,look up to,verb,phrasal verb,a phrasal verb meaning to look up to,to admire and respect someone greatly,เคารพยกย่อง / ถือเป็นแบบอย่าง,"เคารพยกย่อง, นับถือเป็นแบบอย่าง",MODIFIED,แทนที่คำนิยาม placeholder ภาษาอังกฤษ
2061,ox_loose,loose,adjective,adjective,Not firmly or tightly fixed in place; detached or able to be detached,Not firmly or tightly fixed in place; detached or able to be detached,หลวม,หลวม,CORRECT,ถูกต้องตามหลักไวยากรณ์และความหมาย
2062,ox_loosely,loosely,adjective,adjective,Not firmly or tightly fixed in place; detached or able to be detached,Not firmly or tightly fixed in place; detached or able to be detached,อย่างหลวมๆ,อย่างหลวมๆ,CORRECT,ถูกต้องตามหลักไวยากรณ์และความหมาย
2063,ox_lord,lord,noun,noun,"Someone or something having power, authority, or influence; a master or ruler","Someone or something having power, authority, or influence; a master or ruler",ท่านลอร์ด,ท่านลอร์ด,CORRECT,ถูกต้องตามหลักไวยากรณ์และความหมาย
2064,ox_lorry,lorry,noun,noun,a large vehicle for carrying goods (British English for truck),a large vehicle for carrying goods (British English for truck),รถบรรทุก,รถบรรทุก,CORRECT,ถูกต้องตามหลักไวยากรณ์และความหมาย
2065,ox_lose,lose,verb,verb,Be deprived of or cease to have or retain (something),Be deprived of or cease to have or retain (something),สูญเสีย,สูญเสีย,CORRECT,ถูกต้องตามหลักไวยากรณ์และความหมาย
2066,ox_loss,loss,noun,noun,The fact or process of losing something or someone,The fact or process of losing something or someone,การสูญเสีย,การสูญเสีย,CORRECT,ถูกต้องตามหลักไวยากรณ์และความหมาย
2067,ox_lost,lost,adjective,adjective,Unable to find one's way; not knowing one's whereabouts,Unable to find one's way; not knowing one's whereabouts,สูญหาย,สูญหาย,CORRECT,ถูกต้องตามหลักไวยากรณ์และความหมาย
2068,ox_lot,lot,noun,noun,"A particular group, collection, or set of people or things","A particular group, collection, or set of people or things",มาก,มาก,CORRECT,ถูกต้องตามหลักไวยากรณ์และความหมาย
2069,ox_loud,loud,adjective,adjective,Producing or capable of producing much noise,Producing or capable of producing much noise,ดัง,ดัง,CORRECT,ถูกต้องตามหลักไวยากรณ์และความหมาย
2070,ox_loudly,loudly,adverb,adverb,In a way that produces much noise,In a way that produces much noise,เสียงดัง / อย่างเอะอะ,เสียงดัง / อย่างเอะอะ,CORRECT,ถูกต้องตามหลักไวยากรณ์และความหมาย
2071,ox_love,love,noun,noun,An intense feeling of deep affection,An intense feeling of deep affection,รัก,รัก,CORRECT,ถูกต้องตามหลักไวยากรณ์และความหมาย
2072,ox_lovely,lovely,adjective,adjective,Exquisitely beautiful,Exquisitely beautiful,น่ารัก / สวยงาม,น่ารัก / สวยงาม,CORRECT,ถูกต้องตามหลักไวยากรณ์และความหมาย
2073,ox_lover,lover,noun,noun,A partner in a romantic or sexual relationship,A partner in a romantic or sexual relationship,คนรัก,คนรัก,CORRECT,ถูกต้องตามหลักไวยากรณ์และความหมาย
2074,ox_low,low,adjective,adjective,Of less than average height from top to bottom or to the top from the ground,Of less than average height from top to bottom or to the top from the ground,ต่ำ,ต่ำ,CORRECT,ถูกต้องตามหลักไวยากรณ์และความหมาย
2075,ox_loyal,loyal,adjective,adjective,faithful and supportive,faithful and supportive,ซื่อสัตย์,ซื่อสัตย์,CORRECT,ถูกต้องตามหลักไวยากรณ์และความหมาย
2076,ox_luck,luck,noun,noun,Success or failure apparently brought by chance rather than through one's own actions,Success or failure apparently brought by chance rather than through one's own actions,โชค,โชค,CORRECT,ถูกต้องตามหลักไวยากรณ์และความหมาย
2077,ox_lucky,lucky,adjective,adjective,"Having, bringing, or resulting from good luck","Having, bringing, or resulting from good luck",โชคดี,โชคดี,CORRECT,ถูกต้องตามหลักไวยากรณ์และความหมาย
2078,ox_luggage,luggage,noun,noun,Suitcases or other bags in which to pack personal belongings for traveling,Suitcases or other bags in which to pack personal belongings for traveling,กระเป๋าเดินทาง,กระเป๋าเดินทาง,CORRECT,ถูกต้องตามหลักไวยากรณ์และความหมาย
2079,ox_lump,lump,noun,noun,"A compact mass of a substance, especially one without a definite or regular shape","A compact mass of a substance, especially one without a definite or regular shape",ก้อน,ก้อน,CORRECT,ถูกต้องตามหลักไวยากรณ์และความหมาย
2080,ox_lunch,lunch,noun,noun,"A meal eaten in the middle of the day, typically one that is lighter or less formal than an evening meal","A meal eaten in the middle of the day, typically one that is lighter or less formal than an evening meal",อาหารกลางวัน,อาหารกลางวัน,CORRECT,ถูกต้องตามหลักไวยากรณ์และความหมาย
2081,ox_lung,lung,noun,noun,"Each of the pair of organs situated within the ribcage, responsible for breathing","Each of the pair of organs situated within the ribcage, responsible for breathing",ปอด,ปอด,CORRECT,ถูกต้องตามหลักไวยากรณ์และความหมาย
2082,ox_machine,machine,noun,noun,"An apparatus using or applying mechanical power and having several parts, each with a definite function and together performing a particular task","An apparatus using or applying mechanical power and having several parts, each with a definite function and together performing a particular task",เครื่องจักร,เครื่องจักร,CORRECT,ถูกต้องตามหลักไวยากรณ์และความหมาย
2083,ox_machinery,machinery,noun,noun,Machines collectively,Machines collectively,เครื่องจักร,เครื่องจักร,CORRECT,ถูกต้องตามหลักไวยากรณ์และความหมาย
2084,ox_mad,mad,adjective,adjective,Very angry,Very angry,โกรธ,โกรธ,CORRECT,ถูกต้องตามหลักไวยากรณ์และความหมาย
2085,ox_magazine,magazine,noun,noun,"A periodical publication containing articles and illustrations, typically covering a particular subject or area of interest","A periodical publication containing articles and illustrations, typically covering a particular subject or area of interest",นิตยสาร,นิตยสาร,CORRECT,ถูกต้องตามหลักไวยากรณ์และความหมาย
2086,ox_magic,magic,noun,noun,The power of apparently influencing events by using mysterious or supernatural forces,The power of apparently influencing events by using mysterious or supernatural forces,มายากล,มายากล,CORRECT,ถูกต้องตามหลักไวยากรณ์และความหมาย
2087,ox_mail,mail,noun,noun,Letters and packages conveyed by the postal system,Letters and packages conveyed by the postal system,จดหมาย,จดหมาย,CORRECT,ถูกต้องตามหลักไวยากรณ์และความหมาย
2088,ox_main,main,adjective,adjective,Chief in size or importance,Chief in size or importance,หลัก,หลัก,CORRECT,ถูกต้องตามหลักไวยากรณ์และความหมาย
2089,ox_mainly,mainly,adverb,adverb,For the most part; chiefly,For the most part; chiefly,ส่วนใหญ่,ส่วนใหญ่,CORRECT,ถูกต้องตามหลักไวยากรณ์และความหมาย
2090,ox_major,major,adjective,adjective,"Important, serious, or significant","Important, serious, or significant",วิชาเอก,วิชาเอก,CORRECT,ถูกต้องตามหลักไวยากรณ์และความหมาย
2091,ox_majority,majority,noun,noun,The greater number,The greater number,ส่วนใหญ่,ส่วนใหญ่,CORRECT,ถูกต้องตามหลักไวยากรณ์และความหมาย
2092,ox_make,make,verb,verb,Form (something) by putting parts together or combining substances; construct; create,Form (something) by putting parts together or combining substances; construct; create,ทำ,ทำ,CORRECT,ถูกต้องตามหลักไวยากรณ์และความหมาย
2093,ox_make_into,make into,verb,phrasal verb,a phrasal verb meaning to make into,to transform or convert something into a different thing,ทำให้เป็น,"แปรรูปให้เป็น, ดัดแปลงให้กลายเป็น",MODIFIED,"แก้ไขคำแปลไทยจาก ""ทำให้เป็น"" เป็น ""แปรรูปให้เป็น, ดัดแปลงให้กลายเป็น"""
2094,ox_make_up,make up,verb,phrasal verb,a phrasal verb meaning to make up,to invent a story or excuse; to reconcile after an argument; to apply cosmetics,คืนดีกัน / แต่งเรื่องโกหก / ชดเชย,"แต่งเรื่องโกหก/กุเรื่อง, คืนดีกัน, แต่งหน้า",MODIFIED,แทนที่คำนิยาม placeholder ภาษาอังกฤษ
2095,ox_make_up_1,make-up,noun,noun,"cosmetics such as lipstick and powder used to make someone look more attractive; also, the way something is composed","cosmetics such as lipstick and powder used to make someone look more attractive; also, the way something is composed",แต่งหน้า,แต่งหน้า,CORRECT,ถูกต้องตามหลักไวยากรณ์และความหมาย
2096,ox_make_up_for,make up for,verb,phrasal verb,a phrasal verb meaning to make up for,to compensate for something bad or missing,ชดเชยให้แก่ / ชดใช้,"ชดเชยให้, ชดใช้ความผิดพลาด",MODIFIED,แทนที่คำนิยาม placeholder ภาษาอังกฤษ
2097,ox_male,male,adjective,adjective,Relating to men or boys,Relating to men or boys,ชาย,ชาย,CORRECT,ถูกต้องตามหลักไวยากรณ์และความหมาย
2098,ox_mall,mall,noun,noun,A large enclosed shopping area from which traffic is excluded,A large enclosed shopping area from which traffic is excluded,ห้างสรรพสินค้า,ห้างสรรพสินค้า,CORRECT,ถูกต้องตามหลักไวยากรณ์และความหมาย
2099,ox_man,man,noun,noun,An adult human male,An adult human male,ผู้ชาย,ผู้ชาย,CORRECT,ถูกต้องตามหลักไวยากรณ์และความหมาย
2100,ox_manage,manage,verb,verb,"Be in charge of (a company, establishment, or undertaking); administer; run","Be in charge of (a company, establishment, or undertaking); administer; run",จัดการ,จัดการ,CORRECT,ถูกต้องตามหลักไวยากรณ์และความหมาย
2101,ox_management,management,noun,noun,The process of dealing with or controlling things or people,The process of dealing with or controlling things or people,การจัดการ,การจัดการ,CORRECT,ถูกต้องตามหลักไวยากรณ์และความหมาย
2102,ox_manager,manager,noun,noun,A person responsible for controlling or administering an organization or group of staff,A person responsible for controlling or administering an organization or group of staff,ผู้จัดการ,ผู้จัดการ,CORRECT,ถูกต้องตามหลักไวยากรณ์และความหมาย
2103,ox_manner,manner,noun,noun,A way in which a thing is done or happens,A way in which a thing is done or happens,มารยาท,มารยาท,CORRECT,ถูกต้องตามหลักไวยากรณ์และความหมาย
2104,ox_manufacture,manufacture,verb,verb,Make (something) on a large scale using machinery,Make (something) on a large scale using machinery,ผลิต,ผลิต,CORRECT,ถูกต้องตามหลักไวยากรณ์และความหมาย
2105,ox_manufacturer,manufacturer,noun,noun,A person or company that makes goods for sale,A person or company that makes goods for sale,ผู้ผลิต,ผู้ผลิต,CORRECT,ถูกต้องตามหลักไวยากรณ์และความหมาย
2106,ox_manufacturing,manufacturing,verb,noun,Make (something) on a large scale using machinery,the business or industry of producing goods in large quantities in factories,การผลิต,"อุตสาหกรรมการผลิต, การผลิตเชิงอุตสาหกรรม",MODIFIED,แก้ไขชนิดของคำ POS จาก verb เป็น noun
2107,ox_many,many,adjective,adjective,A large number of,A large number of,มากมาย,มากมาย,CORRECT,ถูกต้องตามหลักไวยากรณ์และความหมาย
2108,ox_map,map,noun,noun,"A diagrammatic representation of an area of land or sea showing physical features, cities, roads, etc.","A diagrammatic representation of an area of land or sea showing physical features, cities, roads, etc.",แผนที่,แผนที่,CORRECT,ถูกต้องตามหลักไวยากรณ์และความหมาย
2109,ox_march,march,noun,noun,"The third month of the year, in the northern hemisphere usually considered the first month of spring","The third month of the year, in the northern hemisphere usually considered the first month of spring",มีนาคม,มีนาคม,CORRECT,ถูกต้องตามหลักไวยากรณ์และความหมาย
2110,ox_March,March,noun,noun,"The third month of the year, in the northern hemisphere usually considered the first month of spring","The third month of the year, in the northern hemisphere usually considered the first month of spring",มีนาคม,มีนาคม,CORRECT,ถูกต้องตามหลักไวยากรณ์และความหมาย
2111,ox_mark,mark,noun,noun,Make a visible impression or stain on,Make a visible impression or stain on,เครื่องหมาย,เครื่องหมาย,CORRECT,ถูกต้องตามหลักไวยากรณ์และความหมาย
2112,ox_market,market,noun,noun,"A regular gathering of people for the purchase and sale of provisions, livestock, and other commodities","A regular gathering of people for the purchase and sale of provisions, livestock, and other commodities",ตลาด,ตลาด,CORRECT,ถูกต้องตามหลักไวยากรณ์และความหมาย
2113,ox_marketing,marketing,noun,noun,"The action or business of promoting and selling products or services, including market research and advertising","The action or business of promoting and selling products or services, including market research and advertising",การตลาด,การตลาด,CORRECT,ถูกต้องตามหลักไวยากรณ์และความหมาย
2114,ox_marriage,marriage,noun,noun,The legally or formally recognized union of two people as partners in a personal relationship,The legally or formally recognized union of two people as partners in a personal relationship,การแต่งงาน,การแต่งงาน,CORRECT,ถูกต้องตามหลักไวยากรณ์และความหมาย
2115,ox_married,married,adjective,adjective,Having a spouse,Having a spouse,แต่งงานแล้ว,แต่งงานแล้ว,CORRECT,ถูกต้องตามหลักไวยากรณ์และความหมาย
2116,ox_marry,marry,verb,verb,Join in marriage,Join in marriage,แต่งงาน,แต่งงาน,CORRECT,ถูกต้องตามหลักไวยากรณ์และความหมาย
2117,ox_mass,mass,noun,noun,A large body of matter with no definite shape,A large body of matter with no definite shape,มวล,มวล,CORRECT,ถูกต้องตามหลักไวยากรณ์และความหมาย
2118,ox_massive,massive,adjective,adjective,Large and heavy or solid,Large and heavy or solid,มโหฬาร,มโหฬาร,CORRECT,ถูกต้องตามหลักไวยากรณ์และความหมาย
2119,ox_master,master,noun,noun,Having or showing very great skill or proficiency,Having or showing very great skill or proficiency,ผู้เชี่ยวชาญ,ผู้เชี่ยวชาญ,CORRECT,ถูกต้องตามหลักไวยากรณ์และความหมาย
2120,ox_match,match,noun,noun,A person or thing that is equal to another in quality or strength,A person or thing that is equal to another in quality or strength,จับคู่,จับคู่,CORRECT,ถูกต้องตามหลักไวยากรณ์และความหมาย
2121,ox_matching,matching,adjective,adjective,"Corresponding in pattern, color, or design; complementary","corresponding in style, color, or design; harmonizing",การจับคู่,"ที่เข้าชุดกัน, ที่แมตช์กัน, ที่สอดคล้องกัน",MODIFIED,ปรับคำแปลไทยให้สอดคล้องกับชนิดของคำ adjective
2122,ox_match_up,match up,verb,phrasal verb,a phrasal verb meaning to match up,to find things that correspond or match correctly,จับคู่,"จับคู่ที่เข้ากัน, ตรวจสอบความสอดคล้อง",MODIFIED,แทนที่คำนิยาม placeholder ภาษาอังกฤษ
2123,ox_mate,mate,noun,noun,Each of a pair of birds or other animals that breed together,Each of a pair of birds or other animals that breed together,เพื่อน,เพื่อน,CORRECT,ถูกต้องตามหลักไวยากรณ์และความหมาย
2124,ox_material,material,noun,noun,The matter from which a thing is or can be made,The matter from which a thing is or can be made,วัสดุ,วัสดุ,CORRECT,ถูกต้องตามหลักไวยากรณ์และความหมาย
2125,ox_mathematics,mathematics,noun,noun,"The abstract science of number, quantity, and space","The abstract science of number, quantity, and space",คณิตศาสตร์,คณิตศาสตร์,CORRECT,ถูกต้องตามหลักไวยากรณ์และความหมาย
2126,ox_matter,matter,noun,noun,The substance or substances of which any physical object consists or is composed,The substance or substances of which any physical object consists or is composed,วัตถุ,วัตถุ,CORRECT,ถูกต้องตามหลักไวยากรณ์และความหมาย
2127,ox_maximum,maximum,noun,noun,"As great, high, or intense as possible or permitted","As great, high, or intense as possible or permitted",สูงสุด,สูงสุด,CORRECT,ถูกต้องตามหลักไวยากรณ์และความหมาย
2128,ox_may,may,verb,verb,Expressing possibility,Expressing possibility,อาจจะ / ขออนุญาต,อาจจะ / ขออนุญาต,CORRECT,ถูกต้องตามหลักไวยากรณ์และความหมาย
2129,ox_May,May,verb,verb,Expressing possibility,Expressing possibility,อาจ,อาจ,CORRECT,ถูกต้องตามหลักไวยากรณ์และความหมาย
2130,ox_maybe,maybe,adverb,adverb,Perhaps; possibly,Perhaps; possibly,อาจจะ,อาจจะ,CORRECT,ถูกต้องตามหลักไวยากรณ์และความหมาย
2131,ox_mayor,mayor,noun,noun,"The elected head of a city, town, or other municipality","The elected head of a city, town, or other municipality",นายกเทศมนตรี,นายกเทศมนตรี,CORRECT,ถูกต้องตามหลักไวยากรณ์และความหมาย
2132,ox_me,me,pronoun,pronoun,Used by a speaker to refer to himself or herself as the object of a verb or preposition,Used by a speaker to refer to himself or herself as the object of a verb or preposition,ฉัน,ฉัน,CORRECT,ถูกต้องตามหลักไวยากรณ์และความหมาย
2133,ox_meal,meal,noun,noun,"An occasion when food is eaten, or the food that is eaten on such an occasion","An occasion when food is eaten, or the food that is eaten on such an occasion",มื้อ,มื้อ,CORRECT,ถูกต้องตามหลักไวยากรณ์และความหมาย
2134,ox_mean,mean,verb,verb,"Intend to convey, indicate, or refer to (a particular thing or notion); signify","Intend to convey, indicate, or refer to (a particular thing or notion); signify",หมายถึง,หมายถึง,CORRECT,ถูกต้องตามหลักไวยากรณ์และความหมาย
2135,ox_meaning,meaning,noun,noun,"What is meant by a word, text, concept, or action","What is meant by a word, text, concept, or action",ความหมาย,ความหมาย,CORRECT,ถูกต้องตามหลักไวยากรณ์และความหมาย
2136,ox_means,means,noun,noun,An action or system by which a result is achieved; a method,An action or system by which a result is achieved; a method,วิธี,วิธี,CORRECT,ถูกต้องตามหลักไวยากรณ์และความหมาย
2137,ox_meanwhile,meanwhile,adverb,adverb,In the intervening period of time,In the intervening period of time,ในขณะเดียวกัน,ในขณะเดียวกัน,CORRECT,ถูกต้องตามหลักไวยากรณ์และความหมาย
2138,ox_measure,measure,verb,verb,"Ascertain the size, amount, or degree of (something) by using an instrument or device marked in standard units","Ascertain the size, amount, or degree of (something) by using an instrument or device marked in standard units",วัด,วัด,CORRECT,ถูกต้องตามหลักไวยากรณ์และความหมาย
2139,ox_measurement,measurement,noun,noun,The action of measuring something,The action of measuring something,การวัด,การวัด,CORRECT,ถูกต้องตามหลักไวยากรณ์และความหมาย
2140,ox_meat,meat,noun,noun,The flesh of an animal (especially a mammal) as food,The flesh of an animal (especially a mammal) as food,เนื้อ,เนื้อ,CORRECT,ถูกต้องตามหลักไวยากรณ์และความหมาย
2141,ox_media,media,noun,noun,"The main means of mass communication (broadcasting, publishing, and the internet) regarded collectively","The main means of mass communication (broadcasting, publishing, and the internet) regarded collectively",สื่อ,สื่อ,CORRECT,ถูกต้องตามหลักไวยากรณ์และความหมาย
2142,ox_medical,medical,adjective,adjective,"Relating to the science of medicine, or to the treatment of illness and injuries","Relating to the science of medicine, or to the treatment of illness and injuries",ทางการแพทย์,ทางการแพทย์,CORRECT,ถูกต้องตามหลักไวยากรณ์และความหมาย
2143,ox_medicine,medicine,noun,noun,"The science or practice of the diagnosis, treatment, and prevention of disease (in technical use often taken to exclude surgery)",a drug used to treat disease; the science and practice of treatment,ยา,"ยารักษาโรค, วิชาแพทยศาสตร์",MODIFIED,"ขยายคำแปลไทยจาก ""ยา"" เป็น ""ยารักษาโรค, วิชาแพทยศาสตร์"""
2144,ox_medium,medium,noun,noun,An agency or means of doing something,An agency or means of doing something,ปานกลาง,ปานกลาง,CORRECT,ถูกต้องตามหลักไวยากรณ์และความหมาย
2145,ox_meet,meet,verb,verb,Come into the presence or company of (someone) by chance or arrangement,Come into the presence or company of (someone) by chance or arrangement,พบปะ,พบปะ,CORRECT,ถูกต้องตามหลักไวยากรณ์และความหมาย
2146,ox_meeting,meeting,noun,noun,"An assembly of people for a particular purpose, especially for formal discussion","An assembly of people for a particular purpose, especially for formal discussion",การประชุม,การประชุม,CORRECT,ถูกต้องตามหลักไวยากรณ์และความหมาย
2147,ox_meet_up,meet up,verb,phrasal verb,a phrasal verb meaning to meet up,to gather together with someone by prearrangement,พบกัน,พบปะเจอกัน (ตามนัดหมาย),MODIFIED,แทนที่คำนิยาม placeholder ภาษาอังกฤษ
2148,ox_meet_with,meet with,verb,phrasal verb,a phrasal verb meaning to meet with,to have a formal meeting with someone; to experience a particular reaction,พบกับ,"พบปะหารือกับ, ประสบกับ (เหตุการณ์/ผลตอบรับ)",MODIFIED,แทนที่คำนิยาม placeholder ภาษาอังกฤษ
2149,ox_melt,melt,verb,verb,Make or become liquefied by heat,Make or become liquefied by heat,ละลาย,ละลาย,CORRECT,ถูกต้องตามหลักไวยากรณ์และความหมาย
2150,ox_member,member,noun,noun,An individual belonging to a group such as a society or team,An individual belonging to a group such as a society or team,สมาชิก,สมาชิก,CORRECT,ถูกต้องตามหลักไวยากรณ์และความหมาย
2151,ox_membership,membership,noun,noun,The state of being a member of a particular group,The state of being a member of a particular group,สมาชิกภาพ,สมาชิกภาพ,CORRECT,ถูกต้องตามหลักไวยากรณ์และความหมาย
2152,ox_memory,memory,noun,noun,The faculty by which the mind stores and remembers information,The faculty by which the mind stores and remembers information,หน่วยความจำ,หน่วยความจำ,CORRECT,ถูกต้องตามหลักไวยากรณ์และความหมาย
2153,ox_mental,mental,adjective,adjective,Relating to the mind,Relating to the mind,จิต,จิต,CORRECT,ถูกต้องตามหลักไวยากรณ์และความหมาย
2154,ox_mentally,mentally,adjective,adjective,Relating to the mind,Relating to the mind,ทางจิตใจ / ในทางความคิด,ทางจิตใจ / ในทางความคิด,CORRECT,ถูกต้องตามหลักไวยากรณ์และความหมาย
2155,ox_mention,mention,verb,verb,Refer to something briefly and without going into detail,Refer to something briefly and without going into detail,กล่าวถึง,กล่าวถึง,CORRECT,ถูกต้องตามหลักไวยากรณ์และความหมาย
2156,ox_menu,menu,noun,noun,A list of dishes available in a restaurant,A list of dishes available in a restaurant,เมนู,เมนู,CORRECT,ถูกต้องตามหลักไวยากรณ์และความหมาย
2157,ox_mere,mere,adjective,adjective,Used to emphasize how small or insignificant someone or something is,Used to emphasize how small or insignificant someone or something is,เพียง,เพียง,CORRECT,ถูกต้องตามหลักไวยากรณ์และความหมาย
2158,ox_merely,merely,adverb,adverb,Just; only,Just; only,เพียงแค่ / เท่านั้น,เพียงแค่ / เท่านั้น,CORRECT,ถูกต้องตามหลักไวยากรณ์และความหมาย
2159,ox_mess,mess,noun,noun,A dirty or untidy state of things or of a place,A dirty or untidy state of things or of a place,ความยุ่งเหยิง,ความยุ่งเหยิง,CORRECT,ถูกต้องตามหลักไวยากรณ์และความหมาย
2160,ox_message,message,noun,noun,"A verbal, written, or recorded communication sent to or left for a recipient who cannot be contacted directly","A verbal, written, or recorded communication sent to or left for a recipient who cannot be contacted directly",ข้อความ,ข้อความ,CORRECT,ถูกต้องตามหลักไวยากรณ์และความหมาย
2161,ox_metal,metal,noun,noun,"A solid material that is typically hard, shiny, malleable, fusible, and ductile, with good electrical and thermal conductivity","A solid material that is typically hard, shiny, malleable, fusible, and ductile, with good electrical and thermal conductivity",โลหะ,โลหะ,CORRECT,ถูกต้องตามหลักไวยากรณ์และความหมาย
2162,ox_method,method,noun,noun,"A particular form of procedure for accomplishing or approaching something, especially a systematic or established one","A particular form of procedure for accomplishing or approaching something, especially a systematic or established one",วิธี,วิธี,CORRECT,ถูกต้องตามหลักไวยากรณ์และความหมาย
2163,ox_metre,metre,noun,noun,"The fundamental unit of length in the metric system, equal to 100 centimeters or approximately 39.37 inches","The fundamental unit of length in the metric system, equal to 100 centimeters or approximately 39.37 inches",เมตร,เมตร,CORRECT,ถูกต้องตามหลักไวยากรณ์และความหมาย
2164,ox_mid_,mid-,noun,noun,Prefix meaning middle,Prefix meaning middle,กลาง-,กลาง-,CORRECT,ถูกต้องตามหลักไวยากรณ์และความหมาย
2165,ox_midday,midday,noun,noun,twelve o’clock in the middle of the day,twelve o’clock in the middle of the day,เที่ยงวัน,เที่ยงวัน,CORRECT,ถูกต้องตามหลักไวยากรณ์และความหมาย
2166,ox_middle,middle,noun,noun,"The point or position at an equal distance from the sides, edges, or ends of something","The point or position at an equal distance from the sides, edges, or ends of something",กลาง,กลาง,CORRECT,ถูกต้องตามหลักไวยากรณ์และความหมาย
2167,ox_midnight,midnight,noun,noun,Twelve o'clock at night,Twelve o'clock at night,เที่ยงคืน,เที่ยงคืน,CORRECT,ถูกต้องตามหลักไวยากรณ์และความหมาย
2168,ox_might,might,verb,verb,Past tense of may; used to express possibility or make a suggestion,Past tense of may; used to express possibility or make a suggestion,อาจ,อาจ,CORRECT,ถูกต้องตามหลักไวยากรณ์และความหมาย
2169,ox_mild,mild,adjective,adjective,"Not severe, serious, or harsh","Not severe, serious, or harsh",อ่อน,อ่อน,CORRECT,ถูกต้องตามหลักไวยากรณ์และความหมาย
2170,ox_mile,mile,noun,noun,"A unit of linear measure equal to 1,760 yards (approximately 1.609 kilometers)","A unit of linear measure equal to 1,760 yards (approximately 1.609 kilometers)",ไมล์,ไมล์,CORRECT,ถูกต้องตามหลักไวยากรณ์และความหมาย
2171,ox_military,military,adjective,adjective,Relating to or characteristic of soldiers or armed forces,Relating to or characteristic of soldiers or armed forces,ทหาร,ทหาร,CORRECT,ถูกต้องตามหลักไวยากรณ์และความหมาย
2172,ox_milk,milk,noun,noun,"An opaque white fluid rich in fat and protein, secreted by female mammals for the nourishment of their young","An opaque white fluid rich in fat and protein, secreted by female mammals for the nourishment of their young",น้ำนม,น้ำนม,CORRECT,ถูกต้องตามหลักไวยากรณ์และความหมาย
2173,ox_milligram,milligram,noun,noun,A unit of mass equal to one thousandth of a gram,A unit of mass equal to one thousandth of a gram,มิลลิกรัม,มิลลิกรัม,CORRECT,ถูกต้องตามหลักไวยากรณ์และความหมาย
2174,ox_millimetre,millimetre,noun,noun,A unit of length equal to one thousandth of a meter,A unit of length equal to one thousandth of a meter,มิลลิเมตร,มิลลิเมตร,CORRECT,ถูกต้องตามหลักไวยากรณ์และความหมาย
2175,ox_million,million,noun,noun,"The number equivalent to the product of a thousand and a thousand; 1,000,000","The number equivalent to the product of a thousand and a thousand; 1,000,000",ล้าน,ล้าน,CORRECT,ถูกต้องตามหลักไวยากรณ์และความหมาย
2176,ox_millionth,millionth,number,number,"coming after the 999,999th in a series; 1,000,000th","coming after the 999,999th in a series; 1,000,000th",ล้าน,ล้าน,CORRECT,ถูกต้องตามหลักไวยากรณ์และความหมาย
2177,ox_mind,mind,noun,noun,"The element of a person that enables them to be aware of the world and their experiences, to think, and to feel; the faculty of consciousness and thought","The element of a person that enables them to be aware of the world and their experiences, to think, and to feel; the faculty of consciousness and thought",จิตใจ,จิตใจ,CORRECT,ถูกต้องตามหลักไวยากรณ์และความหมาย
2178,ox_mine,mine,pronoun,pronoun,Belonging to or associated with the speaker,Belonging to or associated with the speaker,ของฉัน,ของฉัน,CORRECT,ถูกต้องตามหลักไวยากรณ์และความหมาย
2179,ox_mineral,mineral,noun,noun,"A solid, naturally occurring inorganic substance","A solid, naturally occurring inorganic substance",แร่,แร่,CORRECT,ถูกต้องตามหลักไวยากรณ์และความหมาย
2180,ox_minimum,minimum,noun,noun,"The least or smallest amount or quantity possible, attainable, or required","The least or smallest amount or quantity possible, attainable, or required",ขั้นต่ำ,ขั้นต่ำ,CORRECT,ถูกต้องตามหลักไวยากรณ์และความหมาย
2181,ox_minister,minister,noun,noun,"A member of the clergy, especially in Protestant churches","A member of the clergy, especially in Protestant churches",รัฐมนตรี,รัฐมนตรี,CORRECT,ถูกต้องตามหลักไวยากรณ์และความหมาย
2182,ox_ministry,ministry,noun,noun,a government department,a government department,กระทรวง,กระทรวง,CORRECT,ถูกต้องตามหลักไวยากรณ์และความหมาย
2183,ox_minor,minor,adjective,adjective,"Lesser in importance, seriousness, or significance","Lesser in importance, seriousness, or significance",ส่วนน้อย,ส่วนน้อย,CORRECT,ถูกต้องตามหลักไวยากรณ์และความหมาย
2184,ox_minority,minority,noun,noun,a smaller part of a group; a group different from the majority,a smaller part of a group; a group different from the majority,ชนกลุ่มน้อย,ชนกลุ่มน้อย,CORRECT,ถูกต้องตามหลักไวยากรณ์และความหมาย
2185,ox_minute_1,minute 1,noun,noun,a unit of time equal to sixty seconds,a period of time equal to 60 seconds; a very short time,นาที (หน่วยเวลา),"นาที (หน่วยเวลา), ครู่เดียว",MODIFIED,ปรับคำแปลไทยให้สมบูรณ์
2186,ox_mirror,mirror,noun,noun,"A reflective surface, now typically of glass coated with a metal amalgam, that reflects a clear image","A reflective surface, now typically of glass coated with a metal amalgam, that reflects a clear image",กระจกเงา,กระจกเงา,CORRECT,ถูกต้องตามหลักไวยากรณ์และความหมาย
2187,ox_miss,miss,verb,verb,"Fail to hit, reach, or come into contact with (something aimed at)","Fail to hit, reach, or come into contact with (something aimed at)",นางสาว,นางสาว,CORRECT,ถูกต้องตามหลักไวยากรณ์และความหมาย
2188,ox_missing,missing,adjective,adjective,Not able to be found; absent,Not able to be found; absent,หายไป,หายไป,CORRECT,ถูกต้องตามหลักไวยากรณ์และความหมาย
2189,ox_miss_out,miss out,verb,phrasal verb,to fail to have or do something enjoyable or useful,to lose an opportunity to enjoy or benefit from something,พลาดโอกาส,"พลาดโอกาสดีๆ, ตกข่าว/พลาดความสนุก",MODIFIED,แก้ไขชนิดของคำ POS ให้เป็น phrasal verb
2190,ox_mistake,mistake,noun,noun,An action or judgment that is misguided or wrong,An action or judgment that is misguided or wrong,ความผิดพลาด,ความผิดพลาด,CORRECT,ถูกต้องตามหลักไวยากรณ์และความหมาย
2191,ox_mistake_for,mistake for,verb,phrasal verb,a phrasal verb meaning to mistake for,to confuse someone or something with another person or thing,ผิดพลาดสำหรับ,"เข้าใจผิดคิดว่าเป็น, จำสับสนกับ",MODIFIED,"แก้ไขคำแปลไทยจาก ""ผิดพลาดสำหรับ"" เป็น ""เข้าใจผิดคิดว่าเป็น"""
2192,ox_mistaken,mistaken,adjective,adjective,wrong in opinion or judgment,wrong in opinion or judgment,ผิด,ผิด,CORRECT,ถูกต้องตามหลักไวยากรณ์และความหมาย
2193,ox_mix,mix,verb,verb,Combine or put together to form one substance or mass,Combine or put together to form one substance or mass,ผสม,ผสม,CORRECT,ถูกต้องตามหลักไวยากรณ์และความหมาย
2194,ox_mixed,mixed,adjective,adjective,Consisting of different qualities or elements,Consisting of different qualities or elements,ผสม,ผสม,CORRECT,ถูกต้องตามหลักไวยากรณ์และความหมาย
2195,ox_mixture,mixture,noun,noun,A substance made by mixing other substances together,A substance made by mixing other substances together,ส่วนผสม,ส่วนผสม,CORRECT,ถูกต้องตามหลักไวยากรณ์และความหมาย
2196,ox_mix_up,mix up,verb,phrasal verb,a phrasal verb meaning to mix up,to confuse two or more things or people in one's mind,ผสมขึ้น,"จำสับสนปนเปกัน, ปะปนกันมั่ว",MODIFIED,"แก้ไขคำแปลไทยจาก ""ผสมขึ้น"" เป็น ""จำสับสนปนเปกัน, ปะปนกันมั่ว"""
2197,ox_mobile,mobile,adjective,adjective,Able to move or be moved freely or easily,Able to move or be moved freely or easily,มือถือ,มือถือ,CORRECT,ถูกต้องตามหลักไวยากรณ์และความหมาย
2198,ox_mobile_phone,mobile phone,noun,noun,A portable telephone that uses wireless technology to send and receive phone signals,a portable cellular telephone,โทรศัพท์มือถือ,โทรศัพท์มือถือ,MODIFIED,ตรวจสอบความถูกต้อง
2199,ox_model,model,noun,noun,"A three-dimensional representation of a person or thing or of a proposed structure, typically on a smaller scale than the original","A three-dimensional representation of a person or thing or of a proposed structure, typically on a smaller scale than the original",แบบอย่าง,แบบอย่าง,CORRECT,ถูกต้องตามหลักไวยากรณ์และความหมาย
2200,ox_modern,modern,adjective,adjective,Relating to the present or recent times as opposed to the remote past,Relating to the present or recent times as opposed to the remote past,ทันสมัย,ทันสมัย,CORRECT,ถูกต้องตามหลักไวยากรณ์และความหมาย
2201,ox_mom,mom,noun,noun,Mother,Mother,แม่,แม่,CORRECT,ถูกต้องตามหลักไวยากรณ์และความหมาย
2202,ox_moment,moment,noun,noun,A very brief period of time,A very brief period of time,ช่วงเวลา,ช่วงเวลา,CORRECT,ถูกต้องตามหลักไวยากรณ์และความหมาย
2203,ox_Monday,Monday,noun,noun,The day of the week before Tuesday and following Sunday,The day of the week before Tuesday and following Sunday,วันจันทร์,วันจันทร์,CORRECT,ถูกต้องตามหลักไวยากรณ์และความหมาย
2204,ox_money,money,noun,noun,A current medium of exchange in the form of coins and banknotes; coins and banknotes collectively,A current medium of exchange in the form of coins and banknotes; coins and banknotes collectively,เงิน,เงิน,CORRECT,ถูกต้องตามหลักไวยากรณ์และความหมาย
2205,ox_monitor,monitor,noun,noun,"An instrument or device used for observing, checking, or keeping a continuous record of a process or quantity","An instrument or device used for observing, checking, or keeping a continuous record of a process or quantity",เฝ้าสังเกต,เฝ้าสังเกต,CORRECT,ถูกต้องตามหลักไวยากรณ์และความหมาย
2206,ox_month,month,noun,noun,Each of the twelve named periods into which a year is divided,Each of the twelve named periods into which a year is divided,เดือน,เดือน,CORRECT,ถูกต้องตามหลักไวยากรณ์และความหมาย
2207,ox_mood,mood,noun,noun,A temporary state of mind or feeling,A temporary state of mind or feeling,อารมณ์,อารมณ์,CORRECT,ถูกต้องตามหลักไวยากรณ์และความหมาย
2208,ox_moon,moon,noun,noun,"The natural satellite of the earth, visible (chiefly at night) by reflected light from the sun","The natural satellite of the earth, visible (chiefly at night) by reflected light from the sun",ดวงจันทร์,ดวงจันทร์,CORRECT,ถูกต้องตามหลักไวยากรณ์และความหมาย
2209,ox_moral,moral,adjective,adjective,Concerned with the principles of right and wrong behavior,Concerned with the principles of right and wrong behavior,ศีลธรรม,ศีลธรรม,CORRECT,ถูกต้องตามหลักไวยากรณ์และความหมาย
2210,ox_morally,morally,adjective,adjective,Concerned with the principles of right and wrong behavior,Concerned with the principles of right and wrong behavior,ในทางศีลธรรม,ในทางศีลธรรม,CORRECT,ถูกต้องตามหลักไวยากรณ์และความหมาย
2211,ox_more,more,adjective,adjective,A greater or additional amount or degree,A greater or additional amount or degree,มากกว่า,มากกว่า,CORRECT,ถูกต้องตามหลักไวยากรณ์และความหมาย
2212,ox_moreover,moreover,adverb,adverb,Besides; in addition to what has been said,Besides; in addition to what has been said,นอกจากนี้,นอกจากนี้,CORRECT,ถูกต้องตามหลักไวยากรณ์และความหมาย
2213,ox_morning,morning,noun,noun,"The period of time between midnight and noon, especially from sunrise to noon","The period of time between midnight and noon, especially from sunrise to noon",เช้า,เช้า,CORRECT,ถูกต้องตามหลักไวยากรณ์และความหมาย
2214,ox_most,most,adjective,adjective,"Greatest in amount, quantity, or degree","Greatest in amount, quantity, or degree",ที่สุด,ที่สุด,CORRECT,ถูกต้องตามหลักไวยากรณ์และความหมาย
2215,ox_mostly,mostly,adverb,adverb,Mainly; for the most part,Mainly; for the most part,โดยส่วนใหญ่,โดยส่วนใหญ่,CORRECT,ถูกต้องตามหลักไวยากรณ์และความหมาย
2216,ox_mother,mother,noun,noun,A woman in relation to her child or children,A woman in relation to her child or children,แม่,แม่,CORRECT,ถูกต้องตามหลักไวยากรณ์และความหมาย
2217,ox_motion,motion,noun,noun,The action or process of moving or being moved,The action or process of moving or being moved,การเคลื่อนไหว,การเคลื่อนไหว,CORRECT,ถูกต้องตามหลักไวยากรณ์และความหมาย
2218,ox_motor,motor,noun,noun,"A machine, especially one powered by electricity or internal combustion, that supplies motive power for a vehicle or for another device with moving parts","A machine, especially one powered by electricity or internal combustion, that supplies motive power for a vehicle or for another device with moving parts",มอเตอร์,มอเตอร์,CORRECT,ถูกต้องตามหลักไวยากรณ์และความหมาย
2219,ox_motorbike,motorbike,noun,noun,a two-wheeled vehicle powered by an engine,a two-wheeled vehicle powered by an engine,รถมอเตอร์ไซค์,รถมอเตอร์ไซค์,CORRECT,ถูกต้องตามหลักไวยากรณ์และความหมาย
2220,ox_motorcycle,motorcycle,noun,noun,a two-wheeled vehicle powered by an engine,a two-wheeled vehicle powered by an engine,รถจักรยานยนต์,รถจักรยานยนต์,CORRECT,ถูกต้องตามหลักไวยากรณ์และความหมาย
2221,ox_mount,mount,verb,verb,"Climb up (stairs, a hill, or other rising surface)","Climb up (stairs, a hill, or other rising surface)",เมานต์,เมานต์,CORRECT,ถูกต้องตามหลักไวยากรณ์และความหมาย
2222,ox_mountain,mountain,noun,noun,A large natural elevation of the earth's surface rising abruptly from the surrounding level; a large steep hill,A large natural elevation of the earth's surface rising abruptly from the surrounding level; a large steep hill,ภูเขา,ภูเขา,CORRECT,ถูกต้องตามหลักไวยากรณ์และความหมาย
2223,ox_mouse,mouse,noun,noun,"A small rodent that typically has a pointed snout, relatively large ears and eyes, and a long tail","A small rodent that typically has a pointed snout, relatively large ears and eyes, and a long tail",หนู,หนู,CORRECT,ถูกต้องตามหลักไวยากรณ์และความหมาย
2224,ox_mouth,mouth,noun,noun,"The opening and cavity in the lower part of the human face, surrounded by the lips, through which food is taken in and vocal sounds are emitted","The opening and cavity in the lower part of the human face, surrounded by the lips, through which food is taken in and vocal sounds are emitted",ปาก,ปาก,CORRECT,ถูกต้องตามหลักไวยากรณ์และความหมาย
2225,ox_move,move,verb,verb,Go in a specified direction or manner; change position,Go in a specified direction or manner; change position,เคลื่อนไหว,เคลื่อนไหว,CORRECT,ถูกต้องตามหลักไวยากรณ์และความหมาย
2226,ox_move_in,move in,verb,phrasal verb,a phrasal verb meaning to move in,to start living in a new house or apartment,ย้ายเข้าบ้านใหม่,"ย้ายเข้าบ้านใหม่, ย้ายเข้าพักอาศัย",MODIFIED,แทนที่คำนิยาม placeholder ภาษาอังกฤษ
2227,ox_movement,movement,noun,noun,An act of changing physical location or position or of having this changed,An act of changing physical location or position or of having this changed,ความเคลื่อนไหว,ความเคลื่อนไหว,CORRECT,ถูกต้องตามหลักไวยากรณ์และความหมาย
2228,ox_move_out,move out,verb,phrasal verb,a phrasal verb meaning to move out,to permanently leave a house or apartment where you lived,ย้ายออกจากบ้าน,ย้ายออกจากบ้านเดิม,MODIFIED,แทนที่คำนิยาม placeholder ภาษาอังกฤษ
2229,ox_move_over,move over,verb,phrasal verb,a phrasal verb meaning to move over,to adjust position to make room for another person,ย้ายไป,"ขยับที่ให้, ขยับหลีกทางให้",MODIFIED,"แก้ไขคำแปลไทยจาก ""ย้ายไป"" เป็น ""ขยับที่ให้, ขยับหลีกทางให้"""
2230,ox_movie,movie,noun,noun,A story or event recorded by a camera as a set of moving images and shown in a theater or on television; a motion picture,A story or event recorded by a camera as a set of moving images and shown in a theater or on television; a motion picture,ภาพยนตร์,ภาพยนตร์,CORRECT,ถูกต้องตามหลักไวยากรณ์และความหมาย
2231,ox_movie_theater,movie theater,noun,noun,a building where films are shown (American English),a building where films are screened for entertainment,โรงภาพยนตร์,"โรงภาพยนตร์, โรงหนัง",MODIFIED,ตรวจสอบความถูกต้อง
2232,ox_moving,moving,verb,adjective,Go in a specified direction or manner; change position,producing strong feelings of emotion or sympathy; touching,การย้าย,"ที่ซาบซึ้งกินใจ, ชวนให้สะเทือนอารมณ์",MODIFIED,แก้ไขชนิดของคำ POS จาก verb เป็น adjective
2233,ox_Mr,Mr,noun,noun,a title used before a man’s name,a title used before a man’s name,นาย,นาย,CORRECT,ถูกต้องตามหลักไวยากรณ์และความหมาย
2234,ox_Mrs,Mrs,noun,noun,A title used before the surname or full name of a married woman,A title used before the surname or full name of a married woman,นาง,นาง,CORRECT,ถูกต้องตามหลักไวยากรณ์และความหมาย
2235,ox_Ms,Ms,noun,noun,A title used before the surname or full name of any woman regardless of her marital status,A title used before the surname or full name of any woman regardless of her marital status,นางสาว,นางสาว,CORRECT,ถูกต้องตามหลักไวยากรณ์และความหมาย
2236,ox_much,much,adjective,adjective,A large amount,A large amount,มาก,มาก,CORRECT,ถูกต้องตามหลักไวยากรณ์และความหมาย
2237,ox_mud,mud,noun,noun,"Soft, sticky matter resulting from the mixing of earth and water","Soft, sticky matter resulting from the mixing of earth and water",โคลน,โคลน,CORRECT,ถูกต้องตามหลักไวยากรณ์และความหมาย
2238,ox_multiply,multiply,verb,verb,Obtain from (a number) another that contains the first number a specified number of times,Obtain from (a number) another that contains the first number a specified number of times,คูณ / เพิ่มจำนวน,คูณ / เพิ่มจำนวน,CORRECT,ถูกต้องตามหลักไวยากรณ์และความหมาย
2239,ox_mum,mum,noun,noun,Mother,Mother,แม่,แม่,CORRECT,ถูกต้องตามหลักไวยากรณ์และความหมาย
2240,ox_murder,murder,noun,noun,The unlawful premeditated killing of one human being by another,The unlawful premeditated killing of one human being by another,ฆาตกรรม,ฆาตกรรม,CORRECT,ถูกต้องตามหลักไวยากรณ์และความหมาย
2241,ox_muscle,muscle,noun,noun,"A band or bundle of fibrous tissue in a human or animal body that has the ability to contract, producing movement in or maintaining the position of parts of the body","A band or bundle of fibrous tissue in a human or animal body that has the ability to contract, producing movement in or maintaining the position of parts of the body",กล้ามเนื้อ,กล้ามเนื้อ,CORRECT,ถูกต้องตามหลักไวยากรณ์และความหมาย
2242,ox_museum,museum,noun,noun,"A building in which objects of historical, scientific, artistic, or cultural interest are stored and exhibited","A building in which objects of historical, scientific, artistic, or cultural interest are stored and exhibited",พิพิธภัณฑ์,พิพิธภัณฑ์,CORRECT,ถูกต้องตามหลักไวยากรณ์และความหมาย
2243,ox_music,music,noun,noun,"Vocal or instrumental sounds (or both) combined in such a way as to produce beauty of form, harmony, and expression of emotion","Vocal or instrumental sounds (or both) combined in such a way as to produce beauty of form, harmony, and expression of emotion",ดนตรี,ดนตรี,CORRECT,ถูกต้องตามหลักไวยากรณ์และความหมาย
2244,ox_musical,musical,adjective,adjective,Relating to music; having the qualities of music,Relating to music; having the qualities of music,ดนตรี,ดนตรี,CORRECT,ถูกต้องตามหลักไวยากรณ์และความหมาย
2245,ox_musician,musician,noun,noun,"A person who plays a musical instrument, especially as a profession, or is musically talented","A person who plays a musical instrument, especially as a profession, or is musically talented",นักดนตรี,นักดนตรี,CORRECT,ถูกต้องตามหลักไวยากรณ์และความหมาย
2246,ox_must,must,verb,verb,Be obliged to; should (expressing necessity),Be obliged to; should (expressing necessity),ต้อง,ต้อง,CORRECT,ถูกต้องตามหลักไวยากรณ์และความหมาย
2247,ox_my,my,pronoun,pronoun,Belonging to or associated with the speaker,Belonging to or associated with the speaker,ของฉัน,ของฉัน,CORRECT,ถูกต้องตามหลักไวยากรณ์และความหมาย
2248,ox_myself,myself,pronoun,pronoun,Used by a speaker to refer to himself or herself as the object of a verb or preposition,Used by a speaker to refer to himself or herself as the object of a verb or preposition,ตัวฉันเอง,ตัวฉันเอง,CORRECT,ถูกต้องตามหลักไวยากรณ์และความหมาย
2249,ox_mysterious,mysterious,adjective,adjective,"Difficult or impossible to understand, explain, or identify","Difficult or impossible to understand, explain, or identify",ลึกลับ,ลึกลับ,CORRECT,ถูกต้องตามหลักไวยากรณ์และความหมาย
2250,ox_mystery,mystery,noun,noun,Something that is difficult or impossible to understand or explain,Something that is difficult or impossible to understand or explain,ความลึกลับ,ความลึกลับ,CORRECT,ถูกต้องตามหลักไวยากรณ์และความหมาย
2251,ox_nail,nail,noun,noun,"A small metal spike with a broadened flat head, driven into wood to join things together or to serve as a hook","A small metal spike with a broadened flat head, driven into wood to join things together or to serve as a hook",เล็บ,เล็บ,CORRECT,ถูกต้องตามหลักไวยากรณ์และความหมาย
2252,ox_naked,naked,adjective,adjective,Without clothes,Without clothes,เปลือยเปล่า,เปลือยเปล่า,CORRECT,ถูกต้องตามหลักไวยากรณ์และความหมาย
2253,ox_name,name,noun,noun,"A word or set of words by which a person or thing is known, addressed, or referred to","A word or set of words by which a person or thing is known, addressed, or referred to",ชื่อ,ชื่อ,CORRECT,ถูกต้องตามหลักไวยากรณ์และความหมาย
2254,ox_narrow,narrow,adjective,adjective,Of small width in relation to length,Of small width in relation to length,แคบ,แคบ,CORRECT,ถูกต้องตามหลักไวยากรณ์และความหมาย
2255,ox_nation,nation,noun,noun,"A large body of people united by common descent, history, culture, or language, inhabiting a particular state or territory","A large body of people united by common descent, history, culture, or language, inhabiting a particular state or territory",ชาติ,ชาติ,CORRECT,ถูกต้องตามหลักไวยากรณ์และความหมาย
2256,ox_national,national,adjective,adjective,Relating to or characteristic of a nation; common to a whole nation,Relating to or characteristic of a nation; common to a whole nation,ระดับชาติ,ระดับชาติ,CORRECT,ถูกต้องตามหลักไวยากรณ์และความหมาย
2257,ox_natural,natural,adjective,adjective,Existing in or derived from nature; not made or caused by humankind,Existing in or derived from nature; not made or caused by humankind,เป็นธรรมชาติ,เป็นธรรมชาติ,CORRECT,ถูกต้องตามหลักไวยากรณ์และความหมาย
2258,ox_naturally,naturally,adverb,adverb,In a natural manner; by nature,In a natural manner; by nature,ตามธรรมชาติ / แน่นอนอยู่แล้ว,ตามธรรมชาติ / แน่นอนอยู่แล้ว,CORRECT,ถูกต้องตามหลักไวยากรณ์และความหมาย
2259,ox_nature,nature,noun,noun,"The phenomena of the physical world collectively, including plants, animals, the landscape, and other features and products of the earth, as opposed to humans or human creations","The phenomena of the physical world collectively, including plants, animals, the landscape, and other features and products of the earth, as opposed to humans or human creations",ธรรมชาติ,ธรรมชาติ,CORRECT,ถูกต้องตามหลักไวยากรณ์และความหมาย
2260,ox_navy,navy,noun,noun,The branch of a nation's armed services that conducts military operations at sea,The branch of a nation's armed services that conducts military operations at sea,กองทัพเรือ,กองทัพเรือ,CORRECT,ถูกต้องตามหลักไวยากรณ์และความหมาย
2261,ox_near,near,adverb,adverb,At or to a short distance away; close to,At or to a short distance away; close to,ใกล้,ใกล้,CORRECT,ถูกต้องตามหลักไวยากรณ์และความหมาย
2262,ox_nearby,nearby,adjective,adjective,Not far away; close by,Not far away; close by,ใกล้เคียง,ใกล้เคียง,CORRECT,ถูกต้องตามหลักไวยากรณ์และความหมาย
2263,ox_nearly,nearly,adverb,adverb,Very close to; almost,Very close to; almost,เกือบจะ / เกือบ,เกือบจะ / เกือบ,CORRECT,ถูกต้องตามหลักไวยากรณ์และความหมาย
2264,ox_neat,neat,adjective,adjective,"Arranged in an orderly, tidy way","Arranged in an orderly, tidy way",ประณีต,ประณีต,CORRECT,ถูกต้องตามหลักไวยากรณ์และความหมาย
2265,ox_neatly,neatly,adverb,adverb,In a neat way,In a neat way,อย่างเรียบร้อย,อย่างเรียบร้อย,CORRECT,ถูกต้องตามหลักไวยากรณ์และความหมาย
2266,ox_necessarily,necessarily,adverb,adverb,as a necessary result; used to say something must be true,as a necessary result; used to say something must be true,อย่างหลีกเลี่ยงไม่ได้ / จำเป็นต้อง,อย่างหลีกเลี่ยงไม่ได้ / จำเป็นต้อง,CORRECT,ถูกต้องตามหลักไวยากรณ์และความหมาย
2267,ox_necessary,necessary,adjective,adjective,"Required to be done, achieved, or present; needed; essential","Required to be done, achieved, or present; needed; essential",จำเป็น,จำเป็น,CORRECT,ถูกต้องตามหลักไวยากรณ์และความหมาย
2268,ox_neck,neck,noun,noun,The part of a person's or animal's body connecting the head to the rest of the body,The part of a person's or animal's body connecting the head to the rest of the body,คอ,คอ,CORRECT,ถูกต้องตามหลักไวยากรณ์และความหมาย
2269,ox_need,need,verb,verb,Require (something) because it is essential or very important,to require something because it is essential or important,ความต้องการ,"ต้องการ, จำเป็นต้องมี",MODIFIED,"แก้ไขคำแปลไทยจากคำนาม (ความต้องการ) ให้เป็นคำกริยา (ต้องการ, จำเป็นต้องมี)"
2270,ox_needle,needle,noun,noun,"A very fine, slender piece of metal with a point at one end and a hole (or eye) for thread at the other, used in sewing","A very fine, slender piece of metal with a point at one end and a hole (or eye) for thread at the other, used in sewing",เข็ม,เข็ม,CORRECT,ถูกต้องตามหลักไวยากรณ์และความหมาย
2271,ox_negative,negative,adjective,adjective,Consisting in or characterized by the absence rather than the presence of distinguishing features,Consisting in or characterized by the absence rather than the presence of distinguishing features,เชิงลบ,เชิงลบ,CORRECT,ถูกต้องตามหลักไวยากรณ์และความหมาย
2272,ox_neighbour,neighbour,noun,noun,A person living near or next door to the speaker or person referred to,A person living near or next door to the speaker or person referred to,เพื่อนบ้าน,เพื่อนบ้าน,CORRECT,ถูกต้องตามหลักไวยากรณ์และความหมาย
2273,ox_neighbourhood,neighbourhood,noun,noun,a district within a town or city,a district within a town or city,ละแวกบ้าน,ละแวกบ้าน,CORRECT,ถูกต้องตามหลักไวยากรณ์และความหมาย
2274,ox_neither,neither,conjunction,conjunction,Not the one nor the other of two people or things; not either,Not the one nor the other of two people or things; not either,ไม่ใช่ทั้งสองอย่าง,ไม่ใช่ทั้งสองอย่าง,CORRECT,ถูกต้องตามหลักไวยากรณ์และความหมาย
2275,ox_nephew,nephew,noun,noun,the son of one’s brother or sister,the son of one’s brother or sister,หลานชาย,หลานชาย,CORRECT,ถูกต้องตามหลักไวยากรณ์และความหมาย
2276,ox_nerve,nerve,noun,noun,"A whitish fiber or bundle of fibers in the body that transmits impulses of sensation to the brain or spinal cord, and impulses from these to the muscles and organs","A whitish fiber or bundle of fibers in the body that transmits impulses of sensation to the brain or spinal cord, and impulses from these to the muscles and organs",เส้นประสาท,เส้นประสาท,CORRECT,ถูกต้องตามหลักไวยากรณ์และความหมาย
2277,ox_nervous,nervous,adjective,adjective,Easily agitated or alarmed,Easily agitated or alarmed,ประหม่า,ประหม่า,CORRECT,ถูกต้องตามหลักไวยากรณ์และความหมาย
2278,ox_nervously,nervously,adverb,adverb,In an anxious or apprehensive manner,In an anxious or apprehensive manner,อย่างประหม่า,อย่างประหม่า,CORRECT,ถูกต้องตามหลักไวยากรณ์และความหมาย
2279,ox_nest,nest,noun,noun,A structure or place made or chosen by a bird for laying eggs and sheltering its young,A structure or place made or chosen by a bird for laying eggs and sheltering its young,รัง,รัง,CORRECT,ถูกต้องตามหลักไวยากรณ์และความหมาย
2280,ox_net,net,noun,noun,"A piece of open-meshed material made of twine, cord, or something similar, used typically for catching fish or other animals","A piece of open-meshed material made of twine, cord, or something similar, used typically for catching fish or other animals",ตาข่าย / แห,ตาข่าย / แห,CORRECT,ถูกต้องตามหลักไวยากรณ์และความหมาย
2281,ox_network,network,noun,noun,A group or system of interconnected people or things,A group or system of interconnected people or things,เครือข่าย,เครือข่าย,CORRECT,ถูกต้องตามหลักไวยากรณ์และความหมาย
2282,ox_never,never,adverb,adverb,At no time in the past or future; not ever,At no time in the past or future; not ever,ไม่เคย,ไม่เคย,CORRECT,ถูกต้องตามหลักไวยากรณ์และความหมาย
2283,ox_nevertheless,nevertheless,adverb,adverb,in spite of that; even so,in spite of that; even so,แต่ถึงอย่างไร,แต่ถึงอย่างไร,CORRECT,ถูกต้องตามหลักไวยากรณ์และความหมาย
2284,ox_new,new,adjective,adjective,"Not existing before; made, introduced, or discovered recently or now for the first time","Not existing before; made, introduced, or discovered recently or now for the first time",ใหม่,ใหม่,CORRECT,ถูกต้องตามหลักไวยากรณ์และความหมาย
2285,ox_newly,newly,adverb,adverb,Very recently,Very recently,เมื่อเร็วๆ นี้ / ใหม่ๆ,เมื่อเร็วๆ นี้ / ใหม่ๆ,CORRECT,ถูกต้องตามหลักไวยากรณ์และความหมาย
2286,ox_news,news,noun,noun,"Newly received or noteworthy information, especially about recent events","Newly received or noteworthy information, especially about recent events",ข่าว,ข่าว,CORRECT,ถูกต้องตามหลักไวยากรณ์และความหมาย
2287,ox_newspaper,newspaper,noun,noun,"A printed publication (usually issued daily or weekly) consisting of folded unstapled sheets and containing news, articles, advertisements, and correspondence","A printed publication (usually issued daily or weekly) consisting of folded unstapled sheets and containing news, articles, advertisements, and correspondence",หนังสือพิมพ์,หนังสือพิมพ์,CORRECT,ถูกต้องตามหลักไวยากรณ์และความหมาย
2288,ox_next,next,adjective,adjective,"Coming immediately after the present one in order, rank, or space","Coming immediately after the present one in order, rank, or space",ต่อไป,ต่อไป,CORRECT,ถูกต้องตามหลักไวยากรณ์และความหมาย
2289,ox_next_to,next to,preposition,preposition,in a position immediately beside something,immediately beside or adjoining something,ถัดจาก,"ข้างๆ, ถัดจาก, ติดกับ",MODIFIED,ปรับคำแปลไทยให้สมบูรณ์
2290,ox_nice,nice,adjective,adjective,Pleasant; agreeable; satisfactory,"pleasant, enjoyable, or attractive; kind and friendly",ดี,"ดี, น่ารื่นรมย์, นิสัยดีมีน้ำใจ",MODIFIED,"ขยายคำแปลไทยจาก ""ดี"" ให้สื่อความหมายตรงตัว"
2291,ox_nicely,nicely,adverb,adverb,In a pleasant manner,In a pleasant manner,อย่างดี,อย่างดี,CORRECT,ถูกต้องตามหลักไวยากรณ์และความหมาย
2292,ox_niece,niece,noun,noun,the daughter of one’s brother or sister,the daughter of one’s brother or sister,หลานสาว,หลานสาว,CORRECT,ถูกต้องตามหลักไวยากรณ์และความหมาย
2293,ox_night,night,noun,noun,The period of darkness in each twenty-four hours; the time from sunset to sunrise,The period of darkness in each twenty-four hours; the time from sunset to sunrise,กลางคืน,กลางคืน,CORRECT,ถูกต้องตามหลักไวยากรณ์และความหมาย
2294,ox_nine,nine,noun,noun,"Equivalent to the product of three and three; one more than eight, or one less than ten; 9","Equivalent to the product of three and three; one more than eight, or one less than ten; 9",เก้า,เก้า,CORRECT,ถูกต้องตามหลักไวยากรณ์และความหมาย
2295,ox_nineteen,nineteen,noun,noun,"Equivalent to the product of nine and ten; one more than eighteen, or one less than twenty; 19","Equivalent to the product of nine and ten; one more than eighteen, or one less than twenty; 19",สิบเก้า,สิบเก้า,CORRECT,ถูกต้องตามหลักไวยากรณ์และความหมาย
2296,ox_nineteenth,nineteenth,number,number,coming after the eighteenth in a series; 19th,coming after the eighteenth in a series; 19th,ที่สิบเก้า,ที่สิบเก้า,CORRECT,ถูกต้องตามหลักไวยากรณ์และความหมาย
2297,ox_ninetieth,ninetieth,number,number,coming after the eighty-ninth in a series; 90th,coming after the eighty-ninth in a series; 90th,เก้าสิบ,เก้าสิบ,CORRECT,ถูกต้องตามหลักไวยากรณ์และความหมาย
2298,ox_ninety,ninety,noun,noun,"The number equivalent to the product of nine and ten; one more than eighty-nine, or ten less than one hundred; 90","The number equivalent to the product of nine and ten; one more than eighty-nine, or ten less than one hundred; 90",เก้าสิบ,เก้าสิบ,CORRECT,ถูกต้องตามหลักไวยากรณ์และความหมาย
2299,ox_ninth,ninth,adjective,adjective,Constituting number nine in a sequence; 9th,Constituting number nine in a sequence; 9th,เก้า,เก้า,CORRECT,ถูกต้องตามหลักไวยากรณ์และความหมาย
2300,ox_no,no,adverb,adverb,Not any,Not any,เลขที่,เลขที่,CORRECT,ถูกต้องตามหลักไวยากรณ์และความหมาย
2301,ox_nobody,nobody,pronoun,pronoun,No person; no one,No person; no one,ไม่มีใคร,ไม่มีใคร,CORRECT,ถูกต้องตามหลักไวยากรณ์และความหมาย
2302,ox_noise,noise,noun,noun,"A sound, especially one that is loud or unpleasant or that causes disturbance","A sound, especially one that is loud or unpleasant or that causes disturbance",เสียงรบกวน,เสียงรบกวน,CORRECT,ถูกต้องตามหลักไวยากรณ์และความหมาย
2303,ox_noisily,noisily,adverb,adverb,"in a loud, noisy way","in a loud, noisy way",อย่างส่งเสียงดัง,อย่างส่งเสียงดัง,CORRECT,ถูกต้องตามหลักไวยากรณ์และความหมาย
2304,ox_noisy,noisy,adjective,adjective,Making or given to making a lot of noise,Making or given to making a lot of noise,เสียงดัง,เสียงดัง,CORRECT,ถูกต้องตามหลักไวยากรณ์และความหมาย
2305,ox_non_,non-,other,other,"a prefix meaning ""not"", as in non-smoker","a prefix meaning ""not"", as in non-smoker",ไม่ใช่-,ไม่ใช่-,CORRECT,ถูกต้องตามหลักไวยากรณ์และความหมาย
2306,ox_none,none,pronoun,pronoun,Not any,Not any,ไม่มี,ไม่มี,CORRECT,ถูกต้องตามหลักไวยากรณ์และความหมาย
2307,ox_nonsense,nonsense,noun,noun,Spoken or written words that have no meaning or make no sense,Spoken or written words that have no meaning or make no sense,เรื่องไร้สาระ,เรื่องไร้สาระ,CORRECT,ถูกต้องตามหลักไวยากรณ์และความหมาย
2308,ox_no_one,no one,pronoun,pronoun,not a single person; nobody,not a single person; nobody,ไม่มีใคร,ไม่มีใครเลยสักคน,MODIFIED,ปรับคำแปลไทยให้เป็นธรรมชาติ
2309,ox_nor,nor,conjunction,conjunction,Used to introduce a further negative statement,Used to introduce a further negative statement,ก็ไม่เช่นกัน,ก็ไม่เช่นกัน,CORRECT,ถูกต้องตามหลักไวยากรณ์และความหมาย
2310,ox_normal,normal,adjective,adjective,"Conforming to a standard; usual, typical, or expected","Conforming to a standard; usual, typical, or expected",ปกติ,ปกติ,CORRECT,ถูกต้องตามหลักไวยากรณ์และความหมาย
2311,ox_normally,normally,adverb,adverb,Under normal or usual conditions,Under normal or usual conditions,โดยทั่วไป,โดยทั่วไป,CORRECT,ถูกต้องตามหลักไวยากรณ์และความหมาย
2312,ox_north,north,noun,noun,"The direction in which a compass needle normally points, toward the horizon on the left-hand side of a person facing the rising sun","The direction in which a compass needle normally points, toward the horizon on the left-hand side of a person facing the rising sun",ทิศเหนือ,ทิศเหนือ,CORRECT,ถูกต้องตามหลักไวยากรณ์และความหมาย
2313,ox_northern,northern,adjective,adjective,"Situated in the north, or directed toward or facing the north","Situated in the north, or directed toward or facing the north",ภาคเหนือ,ภาคเหนือ,CORRECT,ถูกต้องตามหลักไวยากรณ์และความหมาย
2314,ox_nose,nose,noun,noun,"The part projecting above the mouth on the face of a person or animal, containing the nostrils and used for breathing and smelling","The part projecting above the mouth on the face of a person or animal, containing the nostrils and used for breathing and smelling",จมูก,จมูก,CORRECT,ถูกต้องตามหลักไวยากรณ์และความหมาย
2315,ox_not,not,adverb,adverb,Used with an auxiliary verb or “be” to form the negative,Used with an auxiliary verb or “be” to form the negative,ไม่,ไม่,CORRECT,ถูกต้องตามหลักไวยากรณ์และความหมาย
2316,ox_note,note,noun,noun,"A brief record of facts, topics, or thoughts, written down as an aid to memory","A brief record of facts, topics, or thoughts, written down as an aid to memory",บันทึก,บันทึก,CORRECT,ถูกต้องตามหลักไวยากรณ์และความหมาย
2317,ox_note_down,note down,verb,phrasal verb,a phrasal verb meaning to note down,to write something down quickly so you do not forget it,จดบันทึก,"จดบันทึกย่อไว้, โน้ตย่อไว้",MODIFIED,แทนที่คำนิยาม placeholder ภาษาอังกฤษ
2318,ox_nothing,nothing,pronoun,pronoun,Not anything; no single thing,Not anything; no single thing,ไม่มีอะไร,ไม่มีอะไร,CORRECT,ถูกต้องตามหลักไวยากรณ์และความหมาย
2319,ox_notice,notice,verb,verb,The fact of observing or paying attention to something,The fact of observing or paying attention to something,สังเกต,สังเกต,CORRECT,ถูกต้องตามหลักไวยากรณ์และความหมาย
2320,ox_noticeable,noticeable,adjective,adjective,Easily seen or noticed; clear or apparent,Easily seen or noticed; clear or apparent,เห็นได้ชัดเจน,เห็นได้ชัดเจน,CORRECT,ถูกต้องตามหลักไวยากรณ์และความหมาย
2321,ox_novel,novel,noun,noun,"A fictitious prose narrative of book length, typically representing character and action with some degree of realism","A fictitious prose narrative of book length, typically representing character and action with some degree of realism",นิยาย,นิยาย,CORRECT,ถูกต้องตามหลักไวยากรณ์และความหมาย
2322,ox_November,November,noun,noun,"The eleventh month of the year, in the northern hemisphere usually considered the last month of autumn","The eleventh month of the year, in the northern hemisphere usually considered the last month of autumn",พฤศจิกายน,พฤศจิกายน,CORRECT,ถูกต้องตามหลักไวยากรณ์และความหมาย
2323,ox_now,now,adverb,adverb,At the present moment,At the present moment,ตอนนี้,ตอนนี้,CORRECT,ถูกต้องตามหลักไวยากรณ์และความหมาย
2324,ox_nowhere,nowhere,adverb,adverb,Not in or to any place; not anywhere,Not in or to any place; not anywhere,ไม่มีที่ไหนเลย,ไม่มีที่ไหนเลย,CORRECT,ถูกต้องตามหลักไวยากรณ์และความหมาย
2325,ox_nuclear,nuclear,adjective,adjective,Relating to the nucleus of an atom,Relating to the nucleus of an atom,นิวเคลียร์,นิวเคลียร์,CORRECT,ถูกต้องตามหลักไวยากรณ์และความหมาย
2326,ox_number,number,noun,noun,"An arithmetical value, expressed by a word, symbol, or figure, representing a particular quantity and used in counting and making calculations","An arithmetical value, expressed by a word, symbol, or figure, representing a particular quantity and used in counting and making calculations",ตัวเลข,ตัวเลข,CORRECT,ถูกต้องตามหลักไวยากรณ์และความหมาย
2327,ox_nurse,nurse,noun,noun,"A person trained to care for the sick or infirm, especially in a hospital","A person trained to care for the sick or infirm, especially in a hospital",พยาบาล,พยาบาล,CORRECT,ถูกต้องตามหลักไวยากรณ์และความหมาย
2328,ox_nut,nut,noun,noun,A hard-shelled fruit of some plants,A hard-shelled fruit of some plants,ถั่ว,ถั่ว,CORRECT,ถูกต้องตามหลักไวยากรณ์และความหมาย
2329,ox_obey,obey,verb,verb,"Comply with the command, direction, or request of (a person or a law); submit to the authority of","Comply with the command, direction, or request of (a person or a law); submit to the authority of",เชื่อฟัง,เชื่อฟัง,CORRECT,ถูกต้องตามหลักไวยากรณ์และความหมาย
2330,ox_object,object,noun,noun,A material thing that can be seen and touched,A material thing that can be seen and touched,วัตถุ,วัตถุ,CORRECT,ถูกต้องตามหลักไวยากรณ์และความหมาย
2331,ox_observation,observation,noun,noun,The action or process of observing something or someone carefully or in order to gain information,The action or process of observing something or someone carefully or in order to gain information,การสังเกต,การสังเกต,CORRECT,ถูกต้องตามหลักไวยากรณ์และความหมาย
2332,ox_observe,observe,verb,verb,Notice or perceive (something) and register it as being significant,Notice or perceive (something) and register it as being significant,สังเกต,สังเกต,CORRECT,ถูกต้องตามหลักไวยากรณ์และความหมาย
2333,ox_obvious,obvious,adjective,adjective,"Easily perceived or understood; clear, self-evident, or apparent","Easily perceived or understood; clear, self-evident, or apparent",ชัดเจน,ชัดเจน,CORRECT,ถูกต้องตามหลักไวยากรณ์และความหมาย
2334,ox_obviously,obviously,adverb,adverb,In a way that is easily perceived or understood; clearly,In a way that is easily perceived or understood; clearly,อย่างชัดเจน / เห็นได้ชัด,อย่างชัดเจน / เห็นได้ชัด,CORRECT,ถูกต้องตามหลักไวยากรณ์และความหมาย
2335,ox_occasion,occasion,noun,noun,A particular time or instance of an event,A particular time or instance of an event,โอกาส,โอกาส,CORRECT,ถูกต้องตามหลักไวยากรณ์และความหมาย
2336,ox_occasionally,occasionally,adverb,adverb,At infrequent or irregular intervals; now and then,At infrequent or irregular intervals; now and then,เป็นครั้งคราว,เป็นครั้งคราว,CORRECT,ถูกต้องตามหลักไวยากรณ์และความหมาย
2337,ox_occupied,occupied,adjective,adjective,"currently in use, or filled by someone","currently in use, or filled by someone",ไม่ว่าง,ไม่ว่าง,CORRECT,ถูกต้องตามหลักไวยากรณ์และความหมาย
2338,ox_occupy,occupy,verb,verb,Reside or have one's place of business in (a building),Reside or have one's place of business in (a building),ครอบครอง,ครอบครอง,CORRECT,ถูกต้องตามหลักไวยากรณ์และความหมาย
2339,ox_occur,occur,verb,verb,Happen; take place,Happen; take place,เกิดขึ้น,เกิดขึ้น,CORRECT,ถูกต้องตามหลักไวยากรณ์และความหมาย
2340,ox_occur_to,occur to,verb,phrasal verb,a phrasal verb meaning to occur to,to come into someone's mind or thoughts suddenly,เกิดขึ้นเพื่อ,"(ความคิด) ผุดขึ้นมาในหัว, ฉุกคิดขึ้นมาได้",MODIFIED,"แก้ไขคำแปลไทยจาก ""เกิดขึ้นเพื่อ"" เป็น ""(ความคิด) ผุดขึ้นมาในหัว, ฉุกคิดขึ้นมาได้"""
2341,ox_ocean,ocean,noun,noun,"A very large expanse of sea, in particular each of the main areas into which the sea is divided geographically","A very large expanse of sea, in particular each of the main areas into which the sea is divided geographically",มหาสมุทร,มหาสมุทร,CORRECT,ถูกต้องตามหลักไวยากรณ์และความหมาย
2342,ox_o’clock,o’clock,noun,noun,Used to specify the hour in telling time,Used to specify the hour in telling time,โมง,โมง,CORRECT,ถูกต้องตามหลักไวยากรณ์และความหมาย
2343,ox_October,October,noun,noun,"The tenth month of the year, in the northern hemisphere usually considered the second month of autumn","The tenth month of the year, in the northern hemisphere usually considered the second month of autumn",ตุลาคม,ตุลาคม,CORRECT,ถูกต้องตามหลักไวยากรณ์และความหมาย
2344,ox_odd,odd,adjective,adjective,Different from what is usual or expected; strange,Different from what is usual or expected; strange,แปลก,แปลก,CORRECT,ถูกต้องตามหลักไวยากรณ์และความหมาย
2345,ox_oddly,oddly,adverb,adverb,In a way that is different from what is usual or expected; strangely,In a way that is different from what is usual or expected; strangely,อย่างแปลกประหลาด,อย่างแปลกประหลาด,CORRECT,ถูกต้องตามหลักไวยากรณ์และความหมาย
2346,ox_of,of,preposition,preposition,Expressing the relationship between a part and a whole,Expressing the relationship between a part and a whole,ของ,ของ,CORRECT,ถูกต้องตามหลักไวยากรณ์และความหมาย
2347,ox_off,off,adverb,adverb,Away from the place in question; to or at a distance,Away from the place in question; to or at a distance,ปิด,ปิด,CORRECT,ถูกต้องตามหลักไวยากรณ์และความหมาย
2348,ox_offence,offence,noun,noun,A breach of a law or rule; an illegal act,A breach of a law or rule; an illegal act,การกระทำผิดกฎหมาย / ความผิด,การกระทำผิดกฎหมาย / ความผิด,CORRECT,ถูกต้องตามหลักไวยากรณ์และความหมาย
2349,ox_offend,offend,verb,verb,"Cause to feel upset, annoyed, or resentful","Cause to feel upset, annoyed, or resentful",รุกราน,รุกราน,CORRECT,ถูกต้องตามหลักไวยากรณ์และความหมาย
2350,ox_offense,offense,noun,noun,A breach of a law or rule; an illegal act,A breach of a law or rule; an illegal act,ความผิด,ความผิด,CORRECT,ถูกต้องตามหลักไวยากรณ์และความหมาย
2351,ox_offensive,offensive,adjective,adjective,"Causing someone to feel deeply hurt, upset, or angry","Causing someone to feel deeply hurt, upset, or angry",ก้าวร้าว,ก้าวร้าว,CORRECT,ถูกต้องตามหลักไวยากรณ์และความหมาย
2352,ox_offer,offer,verb,verb,Present or proffer (something) for (someone) to accept or reject as so desired,Present or proffer (something) for (someone) to accept or reject as so desired,เสนอ,เสนอ,CORRECT,ถูกต้องตามหลักไวยากรณ์และความหมาย
2353,ox_office,office,noun,noun,"A room, set of rooms, or building used as a place for commercial, professional, or bureaucratic work","A room, set of rooms, or building used as a place for commercial, professional, or bureaucratic work",สำนักงาน,สำนักงาน,CORRECT,ถูกต้องตามหลักไวยากรณ์และความหมาย
2354,ox_officer,officer,noun,noun,"A person holding a position of command or authority in the armed services, in the police, or in a public office","A person holding a position of command or authority in the armed services, in the police, or in a public office",เจ้าหน้าที่,เจ้าหน้าที่,CORRECT,ถูกต้องตามหลักไวยากรณ์และความหมาย
2355,ox_official,official,adjective,adjective,"Relating to an authority or public body and its duties, actions, and responsibilities","Relating to an authority or public body and its duties, actions, and responsibilities",เป็นทางการ,เป็นทางการ,CORRECT,ถูกต้องตามหลักไวยากรณ์และความหมาย
2356,ox_officially,officially,adverb,adverb,In a formal and public way,In a formal and public way,อย่างเป็นทางการ,อย่างเป็นทางการ,CORRECT,ถูกต้องตามหลักไวยากรณ์และความหมาย
2357,ox_often,often,adverb,adverb,Frequently; many times,Frequently; many times,บ่อยครั้ง,บ่อยครั้ง,CORRECT,ถูกต้องตามหลักไวยากรณ์และความหมาย
2358,ox_oh,oh,interjection,interjection,"Used to express a range of emotions including surprise, excitement, and sadness","Used to express a range of emotions including surprise, excitement, and sadness",โอ้,โอ้,CORRECT,ถูกต้องตามหลักไวยากรณ์และความหมาย
2359,ox_oil,oil,noun,noun,"A viscous liquid derived from petroleum, especially for use as a fuel or lubricant","A viscous liquid derived from petroleum, especially for use as a fuel or lubricant",น้ำมัน,น้ำมัน,CORRECT,ถูกต้องตามหลักไวยากรณ์และความหมาย
2360,ox_OK,OK,adjective,adjective,all right; acceptable,all right; acceptable,ตกลง,ตกลง,CORRECT,ถูกต้องตามหลักไวยากรณ์และความหมาย
2361,ox_old,old,adjective,adjective,Having lived for a long time; no longer young,Having lived for a long time; no longer young,เก่า,เก่า,CORRECT,ถูกต้องตามหลักไวยากรณ์และความหมาย
2362,ox_old_fashioned,old-fashioned,adjective,adjective,no longer modern; typical of the past,no longer modern; typical of the past,ล้าสมัย,ล้าสมัย,CORRECT,ถูกต้องตามหลักไวยากรณ์และความหมาย
2363,ox_on,on,preposition,preposition,Physically in contact with and supported by (a surface),Physically in contact with and supported by (a surface),บน,บน,CORRECT,ถูกต้องตามหลักไวยากรณ์และความหมาย
2364,ox_once,once,adverb,adverb,On one occasion or for one time only,On one occasion or for one time only,ครั้งหนึ่ง,ครั้งหนึ่ง,CORRECT,ถูกต้องตามหลักไวยากรณ์และความหมาย
2365,ox_one,one,noun,noun,The lowest cardinal number; half of two; 1,The lowest cardinal number; half of two; 1,หนึ่ง,หนึ่ง,CORRECT,ถูกต้องตามหลักไวยากรณ์และความหมาย
2366,ox_one_another,one another,pronoun,pronoun,used to show that each member of a group does something to the others,used to describe mutual action among members of a group,กันและกัน,ซึ่งกันและกัน (ในกลุ่มหลายคน),MODIFIED,ปรับคำแปลไทยให้ชัดเจนตามหลักไวยากรณ์
2367,ox_onion,onion,noun,noun,"A swollen edible bulb used as a vegetable, having a pungent taste and smell and composed of several concentric layers","A swollen edible bulb used as a vegetable, having a pungent taste and smell and composed of several concentric layers",หัวหอม,หัวหอม,CORRECT,ถูกต้องตามหลักไวยากรณ์และความหมาย
2368,ox_online,online,adjective,adjective,Controlled by or connected to a computer,Controlled by or connected to a computer,ออนไลน์,ออนไลน์,CORRECT,ถูกต้องตามหลักไวยากรณ์และความหมาย
2369,ox_only,only,adverb,adverb,And no one or nothing more besides; solely,And no one or nothing more besides; solely,เท่านั้น,เท่านั้น,CORRECT,ถูกต้องตามหลักไวยากรณ์และความหมาย
2370,ox_onto,onto,preposition,preposition,To a position on the surface of,To a position on the surface of,เข้าสู่,เข้าสู่,CORRECT,ถูกต้องตามหลักไวยากรณ์และความหมาย
2371,ox_open,open,adjective,adjective,"Allowing access, passage, or a view through an empty space; not closed or blocked","Allowing access, passage, or a view through an empty space; not closed or blocked",เปิด,เปิด,CORRECT,ถูกต้องตามหลักไวยากรณ์และความหมาย
2372,ox_opening,opening,adjective,adjective,"Allowing access, passage, or a view through an empty space; not closed or blocked","Allowing access, passage, or a view through an empty space; not closed or blocked",เปิด,เปิด,CORRECT,ถูกต้องตามหลักไวยากรณ์และความหมาย
2373,ox_openly,openly,adjective,adjective,"Allowing access, passage, or a view through an empty space; not closed or blocked","Allowing access, passage, or a view through an empty space; not closed or blocked",อย่างเปิดเผย / อย่างตรงไปตรงมา,อย่างเปิดเผย / อย่างตรงไปตรงมา,CORRECT,ถูกต้องตามหลักไวยากรณ์และความหมาย
2374,ox_open_up,open up,verb,phrasal verb,a phrasal verb meaning to open up,to begin talking honestly about feelings; to start business for the day,เปิดขึ้น,"เปิดใจพูดอย่างตรงไปตรงมา, เปิดทำการ/เปิดบริการ",MODIFIED,"แก้ไขคำแปลไทยจาก ""เปิดขึ้น"" เป็น ""เปิดใจพูด, เปิดทำการ"""
2375,ox_operate,operate,verb,verb,"(of a machine, process, or system) function in a specified manner","(of a machine, process, or system) function in a specified manner",ดำเนินงาน,ดำเนินงาน,CORRECT,ถูกต้องตามหลักไวยากรณ์และความหมาย
2376,ox_operation,operation,noun,noun,The fact or condition of functioning or being active,The fact or condition of functioning or being active,การดำเนินการ,การดำเนินการ,CORRECT,ถูกต้องตามหลักไวยากรณ์และความหมาย
2377,ox_opinion,opinion,noun,noun,"A view or judgment formed about something, not necessarily based on fact or knowledge","A view or judgment formed about something, not necessarily based on fact or knowledge",ความคิดเห็น,ความคิดเห็น,CORRECT,ถูกต้องตามหลักไวยากรณ์และความหมาย
2378,ox_opponent,opponent,noun,noun,a person who competes against another,a person who competes against another,คู่ต่อสู้,คู่ต่อสู้,CORRECT,ถูกต้องตามหลักไวยากรณ์และความหมาย
2379,ox_opportunity,opportunity,noun,noun,A set of circumstances that makes it possible to do something,A set of circumstances that makes it possible to do something,โอกาส,โอกาส,CORRECT,ถูกต้องตามหลักไวยากรณ์และความหมาย
2380,ox_oppose,oppose,verb,verb,"Disagree with and attempt to prevent, especially by argument","Disagree with and attempt to prevent, especially by argument",ต่อต้าน,ต่อต้าน,CORRECT,ถูกต้องตามหลักไวยากรณ์และความหมาย
2381,ox_opposed,opposed,verb,verb,"Disagree with and attempt to prevent, especially by argument","Disagree with and attempt to prevent, especially by argument",ต่อต้าน,ต่อต้าน,CORRECT,ถูกต้องตามหลักไวยากรณ์และความหมาย
2382,ox_opposing,opposing,verb,adjective,"Disagree with and attempt to prevent, especially by argument",competing or fighting against each other; opposite,ฝ่ายตรงข้าม,"ฝ่ายตรงข้าม, ปรปักษ์, ที่ขัดแย้งกัน",MODIFIED,แก้ไขชนิดของคำ POS จาก verb เป็น adjective
2383,ox_opposite,opposite,adjective,adjective,"Having a position on the other or further side of something; facing something, especially something of the same type","Having a position on the other or further side of something; facing something, especially something of the same type",ตรงข้าม,ตรงข้าม,CORRECT,ถูกต้องตามหลักไวยากรณ์และความหมาย
2384,ox_opposition,opposition,noun,noun,"Resistance or dissent, expressed in action or argument","Resistance or dissent, expressed in action or argument",ฝ่ายค้าน,ฝ่ายค้าน,CORRECT,ถูกต้องตามหลักไวยากรณ์และความหมาย
2385,ox_option,option,noun,noun,A thing that is or may be chosen,A thing that is or may be chosen,ตัวเลือก,ตัวเลือก,CORRECT,ถูกต้องตามหลักไวยากรณ์และความหมาย
2386,ox_or,or,conjunction,conjunction,Used to link alternatives,Used to link alternatives,หรือ,หรือ,CORRECT,ถูกต้องตามหลักไวยากรณ์และความหมาย
2387,ox_orange,orange,noun,noun,A round juicy citrus fruit with a tough bright reddish-yellow rind,A round juicy citrus fruit with a tough bright reddish-yellow rind,ส้ม,ส้ม,CORRECT,ถูกต้องตามหลักไวยากรณ์และความหมาย
2388,ox_order,order,verb,verb,Give an authoritative direction or instruction to do something,Give an authoritative direction or instruction to do something,คำสั่ง,คำสั่ง,CORRECT,ถูกต้องตามหลักไวยากรณ์และความหมาย
2389,ox_ordinary,ordinary,adjective,adjective,With no special or distinctive features; normal,With no special or distinctive features; normal,สามัญ,สามัญ,CORRECT,ถูกต้องตามหลักไวยากรณ์และความหมาย
2390,ox_organ,organ,noun,noun,a part of the body that has a particular function,a part of the body that has a particular function,อวัยวะ,อวัยวะ,CORRECT,ถูกต้องตามหลักไวยากรณ์และความหมาย
2391,ox_organization,organization,noun,noun,"An organized body of people with a particular purpose, especially a business, society, association, etc.","An organized body of people with a particular purpose, especially a business, society, association, etc.",องค์กร,องค์กร,CORRECT,ถูกต้องตามหลักไวยากรณ์และความหมาย
2392,ox_organize,organize,verb,verb,Arrange into a structured whole; order,Arrange into a structured whole; order,จัดระเบียบ,จัดระเบียบ,CORRECT,ถูกต้องตามหลักไวยากรณ์และความหมาย
2393,ox_organized,organized,adjective,adjective,Arranged or structured in a systematic way,Arranged or structured in a systematic way,เป็นระเบียบ,เป็นระเบียบ,CORRECT,ถูกต้องตามหลักไวยากรณ์และความหมาย
2394,ox_origin,origin,noun,noun,"The point or place where something begins, arises, or is derived","The point or place where something begins, arises, or is derived",ต้นทาง,ต้นทาง,CORRECT,ถูกต้องตามหลักไวยากรณ์และความหมาย
2395,ox_original,original,adjective,adjective,Present or existing from the beginning; first or earliest,Present or existing from the beginning; first or earliest,ต้นฉบับ,ต้นฉบับ,CORRECT,ถูกต้องตามหลักไวยากรณ์และความหมาย
2396,ox_originally,originally,adverb,adverb,From or in the beginning; at first,From or in the beginning; at first,ดั้งเดิม / แต่แรกเริ่ม,ดั้งเดิม / แต่แรกเริ่ม,CORRECT,ถูกต้องตามหลักไวยากรณ์และความหมาย
2397,ox_other,other,adjective,adjective,Used to refer to a person or thing that is different or distinct from one already mentioned or known,Used to refer to a person or thing that is different or distinct from one already mentioned or known,อื่น,อื่น,CORRECT,ถูกต้องตามหลักไวยากรณ์และความหมาย
2398,ox_otherwise,otherwise,adverb,adverb,In circumstances different from those present or considered; or else,In circumstances different from those present or considered; or else,มิฉะนั้น,มิฉะนั้น,CORRECT,ถูกต้องตามหลักไวยากรณ์และความหมาย
2399,ox_ought_to,ought to,noun,modal verb,"Used to indicate duty or correctness, typically when criticizing someone's actions","used to indicate duty, recommendation, or advisability",ควรจะ,"ควรจะ, พึงกระทำ",MODIFIED,แก้ไขชนิดของคำ POS จาก noun เป็น modal verb
2400,ox_our,our,pronoun,pronoun,Belonging to or associated with the speaker and one or more other people previously mentioned or easily identified,Belonging to or associated with the speaker and one or more other people previously mentioned or easily identified,ของเรา,ของเรา,CORRECT,ถูกต้องตามหลักไวยากรณ์และความหมาย
2401,ox_ours,ours,pronoun,pronoun,Belonging to or associated with the speaker and one or more other people,Belonging to or associated with the speaker and one or more other people,ของพวกเรา,ของพวกเรา,CORRECT,ถูกต้องตามหลักไวยากรณ์และความหมาย
2402,ox_ourselves,ourselves,pronoun,pronoun,Used by a speaker to refer to himself or herself and one or more other people as the object of a verb or preposition when they are also the subject of the clause,Used by a speaker to refer to himself or herself and one or more other people as the object of a verb or preposition when they are also the subject of the clause,ตัวเราเอง,ตัวเราเอง,CORRECT,ถูกต้องตามหลักไวยากรณ์และความหมาย
2403,ox_out,out,adverb,adverb,"Moving or appearing to move away from a particular place, especially one that is enclosed or hidden","Moving or appearing to move away from a particular place, especially one that is enclosed or hidden",ออก,ออก,CORRECT,ถูกต้องตามหลักไวยากรณ์และความหมาย
2404,ox_outdoor,outdoor,adjective,adjective,"Situated, occurring, or done outside, rather than in a building","Situated, occurring, or done outside, rather than in a building",กลางแจ้ง,กลางแจ้ง,CORRECT,ถูกต้องตามหลักไวยากรณ์และความหมาย
2405,ox_outdoors,outdoors,adverb,adverb,"In, into, or toward the open air","In, into, or toward the open air",กลางแจ้ง,กลางแจ้ง,CORRECT,ถูกต้องตามหลักไวยากรณ์และความหมาย
2406,ox_outer,outer,adjective,adjective,Situated on or toward the outside,Situated on or toward the outside,ด้านนอก,ด้านนอก,CORRECT,ถูกต้องตามหลักไวยากรณ์และความหมาย
2407,ox_outline,outline,noun,noun,A general description or plan giving the essential features of something but not the detail,A general description or plan giving the essential features of something but not the detail,โครงร่าง,โครงร่าง,CORRECT,ถูกต้องตามหลักไวยากรณ์และความหมาย
2408,ox_output,output,noun,noun,"the amount produced by a person, machine, or system","the amount produced by a person, machine, or system",เอาท์พุท,เอาท์พุท,CORRECT,ถูกต้องตามหลักไวยากรณ์และความหมาย
2409,ox_outside,outside,adjective,adjective,The external side or surface of something,The external side or surface of something,ข้างนอก,ข้างนอก,CORRECT,ถูกต้องตามหลักไวยากรณ์และความหมาย
2410,ox_outstanding,outstanding,adjective,adjective,extremely good; excellent,extremely good; excellent,โดดเด่น,โดดเด่น,CORRECT,ถูกต้องตามหลักไวยากรณ์และความหมาย
2411,ox_oven,oven,noun,noun,an enclosed space used for cooking or baking food,an enclosed space used for cooking or baking food,เตาอบ,เตาอบ,CORRECT,ถูกต้องตามหลักไวยากรณ์และความหมาย
2412,ox_over,over,preposition,preposition,Extending directly upward from,Extending directly upward from,เกิน,เกิน,CORRECT,ถูกต้องตามหลักไวยากรณ์และความหมาย
2413,ox_overall,overall,adjective,adjective,Taking everything into account,Taking everything into account,โดยรวม,โดยรวม,CORRECT,ถูกต้องตามหลักไวยากรณ์และความหมาย
2414,ox_overcome,overcome,verb,verb,Succeed in dealing with (a problem or difficulty),Succeed in dealing with (a problem or difficulty),เอาชนะ,เอาชนะ,CORRECT,ถูกต้องตามหลักไวยากรณ์และความหมาย
2415,ox_owe,owe,verb,verb,"Have an obligation to pay or repay (something, especially money) in return for something received","Have an obligation to pay or repay (something, especially money) in return for something received",เป็นหนี้,เป็นหนี้,CORRECT,ถูกต้องตามหลักไวยากรณ์และความหมาย
2416,ox_own,own,adjective,adjective,Belonging to oneself or itself,Belonging to oneself or itself,เป็นเจ้าของ,เป็นเจ้าของ,CORRECT,ถูกต้องตามหลักไวยากรณ์และความหมาย
2417,ox_owner,owner,noun,noun,A person who owns something,A person who owns something,เจ้าของ,เจ้าของ,CORRECT,ถูกต้องตามหลักไวยากรณ์และความหมาย
2418,ox_own_up,own up,verb,phrasal verb,a phrasal verb meaning to own up,to admit or confess to having done something wrong,เป็นเจ้าของ,ยอมรับสารภาพผิด,MODIFIED,"แก้ไขคำแปลไทยผิดพลาดร้ายแรงจาก ""เป็นเจ้าของ"" เป็น ""ยอมรับสารภาพผิด"""
2419,ox_pace_1,pace 1,noun,noun,"the speed at which someone walks, runs, or moves","the speed at which someone walks, runs, or something develops",ก้าว / อัตราความเร็วในการก้าว,"จังหวะก้าวเดิน, อัตราความเร็วในการก้าว",MODIFIED,ปรับคำแปลไทยให้สมบูรณ์
2420,ox_pack,pack,verb,verb,"Fill (a suitcase or bag), especially with clothes and other items needed when away from home","Fill (a suitcase or bag), especially with clothes and other items needed when away from home",หีบห่อ,หีบห่อ,CORRECT,ถูกต้องตามหลักไวยากรณ์และความหมาย
2421,ox_package,package,noun,noun,An object or group of objects wrapped in paper or packed in a box,An object or group of objects wrapped in paper or packed in a box,บรรจุุภัณฑ์,บรรจุุภัณฑ์,CORRECT,ถูกต้องตามหลักไวยากรณ์และความหมาย
2422,ox_packaging,packaging,noun,noun,An object or group of objects wrapped in paper or packed in a box,An object or group of objects wrapped in paper or packed in a box,บรรจุภัณฑ์,บรรจุภัณฑ์,CORRECT,ถูกต้องตามหลักไวยากรณ์และความหมาย
2423,ox_packet,packet,noun,noun,a small container or package,a small container or package,แพ็กเก็ต,แพ็กเก็ต,CORRECT,ถูกต้องตามหลักไวยากรณ์และความหมาย
2424,ox_pack_up,pack up,verb,phrasal verb,a phrasal verb meaning to pack up,to put belongings into bags or boxes; to finish work for the day,แพ็คขึ้น,"เก็บข้าวของสัมภาระ, เลิกงานหยุดกิจกรรม",MODIFIED,"แก้ไขคำแปลไทยจาก ""แพ็คขึ้น"" เป็น ""เก็บข้าวของสัมภาระ, เลิกงาน"""
2425,ox_page,page,noun,noun,"One or both sides of a sheet of paper in a book, magazine, newspaper, or other collection of bound sheets","One or both sides of a sheet of paper in a book, magazine, newspaper, or other collection of bound sheets",หน้าหนังสือ,หน้าหนังสือ,CORRECT,ถูกต้องตามหลักไวยากรณ์และความหมาย
2426,ox_pain,pain,noun,noun,Physical suffering or discomfort caused by illness or injury,Physical suffering or discomfort caused by illness or injury,ความเจ็บปวด,ความเจ็บปวด,CORRECT,ถูกต้องตามหลักไวยากรณ์และความหมาย
2427,ox_painful,painful,adjective,adjective,Causing physical pain,Causing physical pain,เจ็บปวด,เจ็บปวด,CORRECT,ถูกต้องตามหลักไวยากรณ์และความหมาย
2428,ox_paint,paint,noun,noun,A colored substance that is spread over a surface and dries to leave a thin decorative or protective coating,a colored substance spread on a surface to leave a decorative coating,สี,"สีทา, สีวาดรูป",MODIFIED,"ขยายคำแปลไทยคำนามจาก ""สี"" เป็น ""สีทา, สีวาดรูป"""
2429,ox_painter,painter,noun,noun,"A person who paints, especially as a job or hobby","A person who paints, especially as a job or hobby",จิตรกร,จิตรกร,CORRECT,ถูกต้องตามหลักไวยากรณ์และความหมาย
2430,ox_painting,painting,noun,noun,"The process or art of using paint, in a picture, as a protective coating, or as decoration","The process or art of using paint, in a picture, as a protective coating, or as decoration",จิตรกรรม,จิตรกรรม,CORRECT,ถูกต้องตามหลักไวยากรณ์และความหมาย
2431,ox_pair,pair,noun,noun,A set of two things used together or regarded as a unit,A set of two things used together or regarded as a unit,คู่,คู่,CORRECT,ถูกต้องตามหลักไวยากรณ์และความหมาย
2432,ox_palace,palace,noun,noun,"a large, grand house, especially for a king or queen","a large, grand house, especially for a king or queen",พระราชวัง,พระราชวัง,CORRECT,ถูกต้องตามหลักไวยากรณ์และความหมาย
2433,ox_pale,pale,adjective,adjective,Light in color or having little color,Light in color or having little color,ซีด,ซีด,CORRECT,ถูกต้องตามหลักไวยากรณ์และความหมาย
2434,ox_pan_1,pan 1,noun,noun,a metal container used for cooking food,a flat-bottomed metal container used for cooking food,กระทะก้นแบน,กระทะก้นแบน,MODIFIED,ตรวจสอบความถูกต้อง
2435,ox_panel,panel,noun,noun,"a flat piece forming part of a surface, or a group of experts","a flat piece forming part of a surface, or a group of experts",แผงหน้าปัด,แผงหน้าปัด,CORRECT,ถูกต้องตามหลักไวยากรณ์และความหมาย
2436,ox_pants,pants,noun,noun,Trousers,Trousers,กางเกง,กางเกง,CORRECT,ถูกต้องตามหลักไวยากรณ์และความหมาย
2437,ox_paper,paper,noun,noun,"Material manufactured in thin sheets from the pulp of wood or other fibrous substances, used for writing, drawing, or printing on, or as wrapping material","Material manufactured in thin sheets from the pulp of wood or other fibrous substances, used for writing, drawing, or printing on, or as wrapping material",กระดาษ,กระดาษ,CORRECT,ถูกต้องตามหลักไวยากรณ์และความหมาย
2438,ox_parallel,parallel,adjective,adjective,having the same distance apart at every point; never meeting,having the same distance apart at every point; never meeting,ขนาน,ขนาน,CORRECT,ถูกต้องตามหลักไวยากรณ์และความหมาย
2439,ox_parent,parent,noun,noun,A father or mother,A father or mother,พ่อแม่,พ่อแม่,CORRECT,ถูกต้องตามหลักไวยากรณ์และความหมาย
2440,ox_park,park,noun,noun,"A large public green area in a town, used for recreation","A large public green area in a town, used for recreation",สวน,สวน,CORRECT,ถูกต้องตามหลักไวยากรณ์และความหมาย
2441,ox_parliament,parliament,noun,noun,the group that makes a country’s laws,the group that makes a country’s laws,รัฐสภา,รัฐสภา,CORRECT,ถูกต้องตามหลักไวยากรณ์และความหมาย
2442,ox_part,part,noun,noun,A piece or segment of something,A piece or segment of something,ส่วนหนึ่ง,ส่วนหนึ่ง,CORRECT,ถูกต้องตามหลักไวยากรณ์และความหมาย
2443,ox_particular,particular,adjective,adjective,Used to single out an individual member of a specified group or class,Used to single out an individual member of a specified group or class,โดยเฉพาะ,โดยเฉพาะ,CORRECT,ถูกต้องตามหลักไวยากรณ์และความหมาย
2444,ox_particularly,particularly,adverb,adverb,To a higher degree than is usual or average,To a higher degree than is usual or average,โดยเฉพาะอย่างยิ่ง,โดยเฉพาะอย่างยิ่ง,CORRECT,ถูกต้องตามหลักไวยากรณ์และความหมาย
2445,ox_partly,partly,adverb,adverb,To some extent; not completely,To some extent; not completely,บางส่วน / ส่วนหนึ่ง,บางส่วน / ส่วนหนึ่ง,CORRECT,ถูกต้องตามหลักไวยากรณ์และความหมาย
2446,ox_partner,partner,noun,noun,Either of a pair of people engaged together in the same activity,Either of a pair of people engaged together in the same activity,พันธมิตร,พันธมิตร,CORRECT,ถูกต้องตามหลักไวยากรณ์และความหมาย
2447,ox_partnership,partnership,noun,noun,a relationship in which people or groups work together,a relationship in which people or groups work together,ห้างหุ้นส่วน,ห้างหุ้นส่วน,CORRECT,ถูกต้องตามหลักไวยากรณ์และความหมาย
2448,ox_party,party,noun,noun,"A social gathering of invited guests, typically involving eating, drinking, and entertainment","A social gathering of invited guests, typically involving eating, drinking, and entertainment",งานสังสรรค์,งานสังสรรค์,CORRECT,ถูกต้องตามหลักไวยากรณ์และความหมาย
2449,ox_pass,pass,verb,verb,Move or cause to move in a specified direction,Move or cause to move in a specified direction,ผ่าน,ผ่าน,CORRECT,ถูกต้องตามหลักไวยากรณ์และความหมาย
2450,ox_passage,passage,noun,noun,"The act or process of moving through, under, over, or past something on the way from one place to another","The act or process of moving through, under, over, or past something on the way from one place to another",ทางเดิน,ทางเดิน,CORRECT,ถูกต้องตามหลักไวยากรณ์และความหมาย
2451,ox_pass_away,pass away,verb,phrasal verb,a phrasal verb meaning to pass away,a polite euphemism for to die,จากไปอย่างสงบ / เสียชีวิต,"ถึงแก่กรรม, เสียชีวิตอย่างสงบ",MODIFIED,แทนที่คำนิยาม placeholder ภาษาอังกฤษ
2452,ox_pass_by,pass by,verb,phrasal verb,a phrasal verb meaning to pass by,to walk or drive past a place; to elapse (of time),ผ่านไป,"เดิน/ขับรถผ่านไป, ล่วงเลยผ่านไป",MODIFIED,แทนที่คำนิยาม placeholder ภาษาอังกฤษ
2453,ox_passenger,passenger,noun,noun,"A traveler on a public or private conveyance other than the driver, pilot, or crew","A traveler on a public or private conveyance other than the driver, pilot, or crew",ผู้โดยสาร,ผู้โดยสาร,CORRECT,ถูกต้องตามหลักไวยากรณ์และความหมาย
2454,ox_passing,passing,verb,adjective,Going past,lasting only for a short time; brief or transient,ผ่าน,"ที่ผ่านไปชั่วคราว, ชั่วครู่ชั่วยาม",MODIFIED,แก้ไขชนิดของคำ POS จาก verb เป็น adjective
2455,ox_pass_on,pass on,verb,phrasal verb,a phrasal verb meaning to pass on,to transmit information or items to someone else,ส่งต่อข้อความ / ส่งต่อสิ่งของ,"ส่งต่อ (ข้อความ/สิ่งของ), ถ่ายทอดความรู้",MODIFIED,แทนที่คำนิยาม placeholder ภาษาอังกฤษ
2456,ox_pass_out,pass out,verb,phrasal verb,a phrasal verb meaning to pass out,to become unconscious suddenly; to distribute documents to people,เป็นลมหมดสติ / แจกเอกสาร,"เป็นลมหมดสติ, แจกจ่ายเอกสาร",MODIFIED,แทนที่คำนิยาม placeholder ภาษาอังกฤษ
2457,ox_passport,passport,noun,noun,an official document used for travelling to other countries,an official document used for travelling to other countries,หนังสือเดินทาง,หนังสือเดินทาง,CORRECT,ถูกต้องตามหลักไวยากรณ์และความหมาย
2458,ox_pass_round,pass round,verb,phrasal verb,"to give something to each person in a group, one after another",to distribute or pass something from one person to another in a group,ส่งต่อวนรอบวง,ส่งต่อเวียนรอบวง/รอบโต๊ะ,MODIFIED,ปรับคำนิยามภาษาอังกฤษและแก้ไขชนิดของคำ POS ให้เป็น phrasal verb
2459,ox_pass_through,pass through,verb,phrasal verb,a phrasal verb meaning to pass through,to travel through a town or area without stopping long,ผ่าน,เดินทางสัญจรผ่าน (เมือง/จุดหมายชั่วคราว),MODIFIED,"แก้ไขคำแปลไทยจาก ""ผ่าน"" ให้ชัดเจน"
2460,ox_past,past,noun,noun,Gone by in time and no longer existing,Gone by in time and no longer existing,อดีต,อดีต,CORRECT,ถูกต้องตามหลักไวยากรณ์และความหมาย
2461,ox_path,path,noun,noun,A way or track laid down for walking or made by continual treading,A way or track laid down for walking or made by continual treading,เส้นทาง,เส้นทาง,CORRECT,ถูกต้องตามหลักไวยากรณ์และความหมาย
2462,ox_patience,patience,noun,noun,the ability to stay calm while waiting or facing difficulty,the ability to stay calm while waiting or facing difficulty,ความอดทน,ความอดทน,CORRECT,ถูกต้องตามหลักไวยากรณ์และความหมาย
2463,ox_patient,patient,adjective,adjective,"Able to accept or tolerate delays, problems, or suffering without becoming annoyed or anxious","Able to accept or tolerate delays, problems, or suffering without becoming annoyed or anxious",อดทน,อดทน,CORRECT,ถูกต้องตามหลักไวยากรณ์และความหมาย
2464,ox_pattern,pattern,noun,noun,A repeated decorative design,A repeated decorative design,ลวดลาย,ลวดลาย,CORRECT,ถูกต้องตามหลักไวยากรณ์และความหมาย
2465,ox_pause,pause,noun,noun,A temporary stop in action or speech,A temporary stop in action or speech,หยุดชั่วคราว,หยุดชั่วคราว,CORRECT,ถูกต้องตามหลักไวยากรณ์และความหมาย
2466,ox_pay,pay,verb,verb,"Give (someone) money that is due for work done, goods received, or a debt incurred","Give (someone) money that is due for work done, goods received, or a debt incurred",จ่าย,จ่าย,CORRECT,ถูกต้องตามหลักไวยากรณ์และความหมาย
2467,ox_pay_back,pay back,verb,phrasal verb,a phrasal verb meaning to pay back,to return borrowed money to someone; to get revenge on someone,ใช้หนี้คืน / เอาคืนล้างแค้น,"ชำระหนี้คืน, เอาคืน/แก้แค้น",MODIFIED,แทนที่คำนิยาม placeholder ภาษาอังกฤษ
2468,ox_payment,payment,noun,noun,"The action or process of paying someone or something, or of being paid","The action or process of paying someone or something, or of being paid",การชำระเงิน,การชำระเงิน,CORRECT,ถูกต้องตามหลักไวยากรณ์และความหมาย
2469,ox_pay_out,pay out,verb,phrasal verb,a phrasal verb meaning to pay out,"to pay a large sum of money, such as insurance or dividends",จ่ายเงิน,จ่ายเงินก้อนโต (ค่าสินไหม/เงินปันผล),MODIFIED,แทนที่คำนิยาม placeholder ภาษาอังกฤษ และปรับคำแปลไทย
2470,ox_pay_up,pay up,verb,phrasal verb,a phrasal verb meaning to pay up,"to pay an entire debt, especially when overdue or unwillingly",ยอมจ่ายเงิน (หนี้ที่ติดค้าง),ยอมจ่ายเงินที่ค้างชำระไว้,MODIFIED,แทนที่คำนิยาม placeholder ภาษาอังกฤษ
2471,ox_peace,peace,noun,noun,Freedom from disturbance; tranquility,Freedom from disturbance; tranquility,ความสงบ,ความสงบ,CORRECT,ถูกต้องตามหลักไวยากรณ์และความหมาย
2472,ox_peaceful,peaceful,adjective,adjective,Free from disturbance; tranquil,Free from disturbance; tranquil,สงบ,สงบ,CORRECT,ถูกต้องตามหลักไวยากรณ์และความหมาย
2473,ox_peak,peak,noun,noun,The pointed top of a mountain,The pointed top of a mountain,จุดสูงสุด,จุดสูงสุด,CORRECT,ถูกต้องตามหลักไวยากรณ์และความหมาย
2474,ox_pen,pen,noun,noun,An instrument for writing or drawing with ink,An instrument for writing or drawing with ink,ปากกา,ปากกา,CORRECT,ถูกต้องตามหลักไวยากรณ์และความหมาย
2475,ox_pencil,pencil,noun,noun,"An instrument for writing or drawing, typically consisting of a thin stick of graphite or a similar substance enclosed in a long thin piece of wood or fixed in a metal or plastic case","An instrument for writing or drawing, typically consisting of a thin stick of graphite or a similar substance enclosed in a long thin piece of wood or fixed in a metal or plastic case",ดินสอ,ดินสอ,CORRECT,ถูกต้องตามหลักไวยากรณ์และความหมาย
2476,ox_penny,penny,noun,noun,a small unit of money,a small unit of money,เงิน,เงิน,CORRECT,ถูกต้องตามหลักไวยากรณ์และความหมาย
2477,ox_pension_1,pension 1,noun,noun,a regular payment made to someone after they retire,a regular sum paid during retirement by a company or government,เงินบำนาญ / เงินยังชีพผู้สูงอายุ,"เงินบำนาญ, เงินยังชีพผู้สูงอายุ",MODIFIED,ตรวจสอบความถูกต้อง
2478,ox_people,people,noun,noun,Human beings in general or considered collectively,Human beings in general or considered collectively,ประชากร,ประชากร,CORRECT,ถูกต้องตามหลักไวยากรณ์และความหมาย
2479,ox_pepper,pepper,noun,noun,"A pungent hot-tasting powder prepared from dried and ground peppercorns, used as a spice or condiment to flavor food","A pungent hot-tasting powder prepared from dried and ground peppercorns, used as a spice or condiment to flavor food",พริกไทย,พริกไทย,CORRECT,ถูกต้องตามหลักไวยากรณ์และความหมาย
2480,ox_per,per,preposition,preposition,For each (used with units to express a rate),For each (used with units to express a rate),ต่อ,ต่อ,CORRECT,ถูกต้องตามหลักไวยากรณ์และความหมาย
2481,ox_per_cent,per cent,noun,noun,one part in every hundred,one part in every hundred; percent,เปอร์เซ็นต์,"ร้อยละ, เปอร์เซ็นต์",MODIFIED,ตรวจสอบความถูกต้อง
2482,ox_perfect,perfect,adjective,adjective,"Having all the required or desirable elements, qualities, or characteristics; as good as it is possible to be","Having all the required or desirable elements, qualities, or characteristics; as good as it is possible to be",สมบูรณ์แบบ,สมบูรณ์แบบ,CORRECT,ถูกต้องตามหลักไวยากรณ์และความหมาย
2483,ox_perfectly,perfectly,adverb,adverb,In a perfect manner,In a perfect manner,อย่างสมบูรณ์แบบ,อย่างสมบูรณ์แบบ,CORRECT,ถูกต้องตามหลักไวยากรณ์และความหมาย
2484,ox_perform,perform,verb,verb,"Carry out, accomplish, or fulfill (an action, task, or function)","Carry out, accomplish, or fulfill (an action, task, or function)",ดำเนินการ,ดำเนินการ,CORRECT,ถูกต้องตามหลักไวยากรณ์และความหมาย
2485,ox_performance,performance,noun,noun,"An act of staging or presenting a play, concert, or other form of entertainment","An act of staging or presenting a play, concert, or other form of entertainment",ผลงาน,ผลงาน,CORRECT,ถูกต้องตามหลักไวยากรณ์และความหมาย
2486,ox_performer,performer,noun,noun,A person who entertains an audience,A person who entertains an audience,นักแสดง / ผู้แสดง,นักแสดง / ผู้แสดง,CORRECT,ถูกต้องตามหลักไวยากรณ์และความหมาย
2487,ox_perhaps,perhaps,adverb,adverb,Used to express uncertainty or possibility,Used to express uncertainty or possibility,บางที,บางที,CORRECT,ถูกต้องตามหลักไวยากรณ์และความหมาย
2488,ox_period,period,noun,noun,A length or portion of time,A length or portion of time,ระยะเวลา,ระยะเวลา,CORRECT,ถูกต้องตามหลักไวยากรณ์และความหมาย
2489,ox_permanent,permanent,adjective,adjective,Lasting or intended to last or remain unchanged indefinitely,Lasting or intended to last or remain unchanged indefinitely,ถาวร,ถาวร,CORRECT,ถูกต้องตามหลักไวยากรณ์และความหมาย
2490,ox_permanently,permanently,adjective,adjective,Lasting or intended to last or remain unchanged indefinitely,Lasting or intended to last or remain unchanged indefinitely,อย่างถาวร,อย่างถาวร,CORRECT,ถูกต้องตามหลักไวยากรณ์และความหมาย
2491,ox_permission,permission,noun,noun,Consent; authorization,Consent; authorization,การอนุญาต,การอนุญาต,CORRECT,ถูกต้องตามหลักไวยากรณ์และความหมาย
2492,ox_permit,permit,verb,verb,Officially allow (someone) to do something,Officially allow (someone) to do something,อนุญาต,อนุญาต,CORRECT,ถูกต้องตามหลักไวยากรณ์และความหมาย
2493,ox_person,person,noun,noun,A human being regarded as an individual,A human being regarded as an individual,บุคคล,บุคคล,CORRECT,ถูกต้องตามหลักไวยากรณ์และความหมาย
2494,ox_personal,personal,adjective,adjective,Belonging to or affecting a particular person rather than anyone else,Belonging to or affecting a particular person rather than anyone else,ส่วนตัว,ส่วนตัว,CORRECT,ถูกต้องตามหลักไวยากรณ์และความหมาย
2495,ox_personality,personality,noun,noun,The combination of characteristics or qualities that form an individual's distinctive character,The combination of characteristics or qualities that form an individual's distinctive character,บุคลิกภาพ,บุคลิกภาพ,CORRECT,ถูกต้องตามหลักไวยากรณ์และความหมาย
2496,ox_personally,personally,adverb,adverb,With the personal presence or action of the individual specified,With the personal presence or action of the individual specified,โดยส่วนตัว,โดยส่วนตัว,CORRECT,ถูกต้องตามหลักไวยากรณ์และความหมาย
2497,ox_persuade,persuade,verb,verb,Cause (someone) to do something through reasoning or argument,Cause (someone) to do something through reasoning or argument,โน้มน้าว,โน้มน้าว,CORRECT,ถูกต้องตามหลักไวยากรณ์และความหมาย
2498,ox_pet,pet,noun,noun,an animal kept at home for companionship,an animal kept at home for companionship,สัตว์เลี้ยง,สัตว์เลี้ยง,CORRECT,ถูกต้องตามหลักไวยากรณ์และความหมาย
2499,ox_petrol,petrol,noun,noun,fuel used in car engines (British English),fuel used in car engines (British English),น้ำมันเบนซิน,น้ำมันเบนซิน,CORRECT,ถูกต้องตามหลักไวยากรณ์และความหมาย
2500,ox_phase,phase,noun,noun,A distinct period or stage in a process of change or forming part of something's development,A distinct period or stage in a process of change or forming part of something's development,เฟส,เฟส,CORRECT,ถูกต้องตามหลักไวยากรณ์และความหมาย
2501,ox_philosophy,philosophy,noun,noun,"The study of the fundamental nature of knowledge, reality, and existence, especially when considered as an academic discipline","The study of the fundamental nature of knowledge, reality, and existence, especially when considered as an academic discipline",ปรัชญา,ปรัชญา,CORRECT,ถูกต้องตามหลักไวยากรณ์และความหมาย
2502,ox_phone,phone,noun,noun,A telephone,A telephone,โทรศัพท์,โทรศัพท์,CORRECT,ถูกต้องตามหลักไวยากรณ์และความหมาย
2503,ox_photo,photo,noun,noun,A photograph,A photograph,รูปถ่าย,รูปถ่าย,CORRECT,ถูกต้องตามหลักไวยากรณ์และความหมาย
2504,ox_photocopy,photocopy,noun,noun,A paper copy of a document or picture that is made with a photocopier,A paper copy of a document or picture that is made with a photocopier,ถ่ายเอกสาร,ถ่ายเอกสาร,CORRECT,ถูกต้องตามหลักไวยากรณ์และความหมาย
2505,ox_photograph,photograph,noun,noun,A picture made using a camera,A picture made using a camera,รูปถ่าย,รูปถ่าย,CORRECT,ถูกต้องตามหลักไวยากรณ์และความหมาย
2506,ox_photographer,photographer,noun,noun,"A person who takes photographs, especially as a job","A person who takes photographs, especially as a job",ช่างภาพ,ช่างภาพ,CORRECT,ถูกต้องตามหลักไวยากรณ์และความหมาย
2507,ox_photography,photography,noun,noun,The art or practice of taking and processing photographs,The art or practice of taking and processing photographs,การถ่ายภาพ,การถ่ายภาพ,CORRECT,ถูกต้องตามหลักไวยากรณ์และความหมาย
2508,ox_phrase,phrase,noun,noun,"A small group of words standing together as a conceptual unit, typically forming a component of a clause","A small group of words standing together as a conceptual unit, typically forming a component of a clause",วลี,วลี,CORRECT,ถูกต้องตามหลักไวยากรณ์และความหมาย
2509,ox_physical,physical,adjective,adjective,Relating to the body as opposed to the mind,Relating to the body as opposed to the mind,ทางกายภาพ,ทางกายภาพ,CORRECT,ถูกต้องตามหลักไวยากรณ์และความหมาย
2510,ox_physically,physically,adverb,adverb,In a manner relating to the body as opposed to the mind,In a manner relating to the body as opposed to the mind,ทางร่างกาย,ทางร่างกาย,CORRECT,ถูกต้องตามหลักไวยากรณ์และความหมาย
2511,ox_physics,physics,noun,noun,The branch of science concerned with the nature and properties of matter and energy,The branch of science concerned with the nature and properties of matter and energy,ฟิสิกส์,ฟิสิกส์,CORRECT,ถูกต้องตามหลักไวยากรณ์และความหมาย
2512,ox_piano,piano,noun,noun,"A large keyboard musical instrument with a wooden case enclosing a soundboard and metal strings, which are struck by hammers when the keys are pressed","A large keyboard musical instrument with a wooden case enclosing a soundboard and metal strings, which are struck by hammers when the keys are pressed",เปียโน,เปียโน,CORRECT,ถูกต้องตามหลักไวยากรณ์และความหมาย
2513,ox_pick,pick,verb,verb,Choose (someone or something) from a number of alternatives,Choose (someone or something) from a number of alternatives,เลือก,เลือก,CORRECT,ถูกต้องตามหลักไวยากรณ์และความหมาย
2514,ox_pick_up,pick up,verb,phrasal verb,a phrasal verb meaning to pick up,to lift something; to collect someone in a vehicle; to learn a skill informally,ไปรับ (คน) / หยิบขึ้นมา / เรียนรู้ทักษะ,"หยิบขึ้นมา, ขับรถไปรับ (คน), เรียนรู้ทักษะใหม่",MODIFIED,แทนที่คำนิยาม placeholder ภาษาอังกฤษ
2515,ox_picture,picture,noun,noun,A painting or drawing,A painting or drawing,รูปภาพ,รูปภาพ,CORRECT,ถูกต้องตามหลักไวยากรณ์และความหมาย
2516,ox_piece,piece,noun,noun,"A portion of an object or of material, produced by cutting, tearing, or breaking the whole","A portion of an object or of material, produced by cutting, tearing, or breaking the whole",ชิ้นส่วน,ชิ้นส่วน,CORRECT,ถูกต้องตามหลักไวยากรณ์และความหมาย
2517,ox_pig,pig,noun,noun,A domesticated hoofed mammal with sparse bristly hair and a flat snout for rooting in the soil,A domesticated hoofed mammal with sparse bristly hair and a flat snout for rooting in the soil,หมู,หมู,CORRECT,ถูกต้องตามหลักไวยากรณ์และความหมาย
2518,ox_pile,pile,noun,noun,A heap of things laid or lying one on top of another,A heap of things laid or lying one on top of another,กอง,กอง,CORRECT,ถูกต้องตามหลักไวยากรณ์และความหมาย
2519,ox_pile_up,pile up,verb,phrasal verb,a phrasal verb meaning to pile up,to accumulate into a large mound; to increase rapidly (debts/work),กองพะเนินเทินทึก,"กองพะเนินเทินทึก, สุมทับทวีคูณ",MODIFIED,แทนที่คำนิยาม placeholder ภาษาอังกฤษ
2520,ox_pill,pill,noun,noun,A small round mass of solid medicine for swallowing whole,a small round or oval solid mass of medicine swallowed whole,ยา,ยาเม็ด,MODIFIED,"ขยายคำแปลไทยจาก ""ยา"" เป็น ""ยาเม็ด"""
2521,ox_pilot,pilot,noun,noun,A person who operates the flying controls of an aircraft,A person who operates the flying controls of an aircraft,นักบิน,นักบิน,CORRECT,ถูกต้องตามหลักไวยากรณ์และความหมาย
2522,ox_pin,pin,noun,noun,"A small, slender, pointed piece of metal, wood, etc., used to fasten, support, or attach things","A small, slender, pointed piece of metal, wood, etc., used to fasten, support, or attach things",เข็มหมุด,เข็มหมุด,CORRECT,ถูกต้องตามหลักไวยากรณ์และความหมาย
2523,ox_pink,pink,adjective,adjective,A color intermediate between red and white,A color intermediate between red and white,สีชมพู,สีชมพู,CORRECT,ถูกต้องตามหลักไวยากรณ์และความหมาย
2524,ox_pint,pint,noun,noun,A unit of liquid or dry capacity equal to one half of a quart,A unit of liquid or dry capacity equal to one half of a quart,ไพน์,ไพน์,CORRECT,ถูกต้องตามหลักไวยากรณ์และความหมาย
2525,ox_pipe,pipe,noun,noun,A tube through which liquids and gases can flow,A tube through which liquids and gases can flow,ท่อ,ท่อ,CORRECT,ถูกต้องตามหลักไวยากรณ์และความหมาย
2526,ox_pitch,pitch,noun,noun,The quality of a sound governed by the rate of vibrations producing it; the degree of highness or lowness of a tone,The quality of a sound governed by the rate of vibrations producing it; the degree of highness or lowness of a tone,ขว้าง,ขว้าง,CORRECT,ถูกต้องตามหลักไวยากรณ์และความหมาย
2527,ox_pity,pity,noun,noun,The feeling of sorrow and compassion caused by the suffering and misfortunes of others,The feeling of sorrow and compassion caused by the suffering and misfortunes of others,สงสาร,สงสาร,CORRECT,ถูกต้องตามหลักไวยากรณ์และความหมาย
2528,ox_place,place,noun,noun,A particular position or point in space,A particular position or point in space,สถานที่,สถานที่,CORRECT,ถูกต้องตามหลักไวยากรณ์และความหมาย
2529,ox_plain,plain,adjective,adjective,Not decorated or elaborate; simple or basic in character,Not decorated or elaborate; simple or basic in character,ธรรมดา,ธรรมดา,CORRECT,ถูกต้องตามหลักไวยากรณ์และความหมาย
2530,ox_plan,plan,noun,noun,A detailed proposal for doing or achieving something,A detailed proposal for doing or achieving something,วางแผน,วางแผน,CORRECT,ถูกต้องตามหลักไวยากรณ์และความหมาย
2531,ox_plane,plane,noun,noun,A flat surface on which a straight line joining any two points on it would wholly lie,A flat surface on which a straight line joining any two points on it would wholly lie,เครื่องบิน,เครื่องบิน,CORRECT,ถูกต้องตามหลักไวยากรณ์และความหมาย
2532,ox_planet,planet,noun,noun,A celestial body moving in an elliptical orbit around a star,A celestial body moving in an elliptical orbit around a star,ดาวเคราะห์,ดาวเคราะห์,CORRECT,ถูกต้องตามหลักไวยากรณ์และความหมาย
2533,ox_planning,planning,noun,noun,The process of making plans for something,The process of making plans for something,การวางแผน,การวางแผน,CORRECT,ถูกต้องตามหลักไวยากรณ์และความหมาย
2534,ox_plant,plant,noun,noun,"A living organism of the kind exemplified by trees, shrubs, herbs, grasses, ferns, and mosses, typically growing in a permanent site, absorbing water and inorganic substances through its roots, and synthesizing nutrients in its leaves by photosynthesis","A living organism of the kind exemplified by trees, shrubs, herbs, grasses, ferns, and mosses, typically growing in a permanent site, absorbing water and inorganic substances through its roots, and synthesizing nutrients in its leaves by photosynthesis",ปลูก,ปลูก,CORRECT,ถูกต้องตามหลักไวยากรณ์และความหมาย
2535,ox_plastic,plastic,noun,noun,A synthetic material made from a wide range of organic polymers that can be molded into shape while soft and then set into a rigid or slightly elastic form,A synthetic material made from a wide range of organic polymers that can be molded into shape while soft and then set into a rigid or slightly elastic form,พลาสติก,พลาสติก,CORRECT,ถูกต้องตามหลักไวยากรณ์และความหมาย
2536,ox_plate,plate,noun,noun,"A flat, typically round dish from which food is eaten or served","A flat, typically round dish from which food is eaten or served",จาน,จาน,CORRECT,ถูกต้องตามหลักไวยากรณ์และความหมาย
2537,ox_platform,platform,noun,noun,A raised level surface on which people or things can stand,A raised level surface on which people or things can stand,แพลตฟอร์ม,แพลตฟอร์ม,CORRECT,ถูกต้องตามหลักไวยากรณ์และความหมาย
2538,ox_play,play,verb,verb,Engage in activity for enjoyment and recreation rather than a serious or practical purpose,Engage in activity for enjoyment and recreation rather than a serious or practical purpose,เล่น,เล่น,CORRECT,ถูกต้องตามหลักไวยากรณ์และความหมาย
2539,ox_play_about,play about,verb,phrasal verb,a phrasal verb meaning to play about,to behave in a silly or careless way instead of being serious,เล่นเกี่ยวกับ,"เล่นซุกซนเหลวไหล, ล้อเล่นสนุก",MODIFIED,"แก้ไขคำแปลไทยจาก ""เล่นเกี่ยวกับ"" เป็น ""เล่นซุกซนเหลวไหล, ล้อเล่นสนุก"""
2540,ox_player,player,noun,noun,A person who takes part in a game or sport,A person who takes part in a game or sport,ผู้เล่น,ผู้เล่น,CORRECT,ถูกต้องตามหลักไวยากรณ์และความหมาย
2541,ox_play_with,play with,verb,phrasal verb,a phrasal verb meaning to play with,to spend time having fun with toys or games; to fiddle with something,เล่นกับ,"เล่นสนุกกับ, นั่งหมุนเล่น/แตะต้องเล่น",MODIFIED,แทนที่คำนิยาม placeholder ภาษาอังกฤษ
2542,ox_pleasant,pleasant,adjective,adjective,Giving a sense of happy satisfaction or enjoyment,Giving a sense of happy satisfaction or enjoyment,เพลิดเพลิน,เพลิดเพลิน,CORRECT,ถูกต้องตามหลักไวยากรณ์และความหมาย
2543,ox_pleasantly,pleasantly,adjective,adjective,Giving a sense of happy satisfaction or enjoyment,Giving a sense of happy satisfaction or enjoyment,อย่างน่ารื่นรมย์ / อย่างเป็นกันเอง,อย่างน่ารื่นรมย์ / อย่างเป็นกันเอง,CORRECT,ถูกต้องตามหลักไวยากรณ์และความหมาย
2544,ox_please,please,verb,verb,Cause to feel happy and satisfied,Cause to feel happy and satisfied,โปรด,โปรด,CORRECT,ถูกต้องตามหลักไวยากรณ์และความหมาย
2545,ox_pleased,pleased,verb,verb,Cause to feel happy and satisfied,Cause to feel happy and satisfied,พึงพอใจ,พึงพอใจ,CORRECT,ถูกต้องตามหลักไวยากรณ์และความหมาย
2546,ox_pleasing,pleasing,verb,adjective,Cause to feel happy and satisfied,"giving pleasure, satisfaction, or enjoyment",น่ายินดี,"ที่น่าพึงพอใจ, สบอารมณ์, น่ารื่นรมย์",MODIFIED,แก้ไขชนิดของคำ POS จาก verb เป็น adjective
2547,ox_pleasure,pleasure,noun,noun,A feeling of happy satisfaction and enjoyment,A feeling of happy satisfaction and enjoyment,ความพึงพอใจ,ความพึงพอใจ,CORRECT,ถูกต้องตามหลักไวยากรณ์และความหมาย
2548,ox_plenty,plenty,noun,noun,A large or sufficient amount or quantity; more than enough,A large or sufficient amount or quantity; more than enough,มากมาย,มากมาย,CORRECT,ถูกต้องตามหลักไวยากรณ์และความหมาย
2549,ox_plot,plot,noun,noun,A plan made in secret by a group of people to do something illegal or harmful,A plan made in secret by a group of people to do something illegal or harmful,พล็อต,พล็อต,CORRECT,ถูกต้องตามหลักไวยากรณ์และความหมาย
2550,ox_plug,plug,noun,noun,A piece of solid material fitting tightly into a hole and blocking it up,A piece of solid material fitting tightly into a hole and blocking it up,ปลั๊ก,ปลั๊ก,CORRECT,ถูกต้องตามหลักไวยากรณ์และความหมาย
2551,ox_plug_in,plug in,verb,phrasal verb,a phrasal verb meaning to plug in,to connect an electrical appliance to an electric outlet,เสียบปลั๊ก,เสียบปลั๊กไฟ,MODIFIED,แทนที่คำนิยาม placeholder ภาษาอังกฤษ
2552,ox_plus_1,plus 1,preposition,preposition,used to show that one number or amount is added to another,with the addition of; together with,บวก / รวมทั้ง / เครื่องหมายบวก,"บวกด้วย, รวมทั้ง, เพิ่มด้วย",MODIFIED,ปรับคำแปลไทยให้สมบูรณ์
2553,ox_p.m.,p.m.,other,other,"an abbreviation meaning ""after noon"", used for time","an abbreviation meaning ""after noon"", used for time",บ่าย,บ่าย,CORRECT,ถูกต้องตามหลักไวยากรณ์และความหมาย
2554,ox_pocket,pocket,noun,noun,"A small bag sewn into or on clothing so as to form part of it, used for carrying small articles","A small bag sewn into or on clothing so as to form part of it, used for carrying small articles",กระเป๋า,กระเป๋า,CORRECT,ถูกต้องตามหลักไวยากรณ์และความหมาย
2555,ox_poem,poem,noun,noun,"A piece of writing that partakes of the nature of both speech and song that is nearly always rhythmical, usually metaphorical, and often exhibits such formal elements as meter, rhyme, and stanzaic structure","A piece of writing that partakes of the nature of both speech and song that is nearly always rhythmical, usually metaphorical, and often exhibits such formal elements as meter, rhyme, and stanzaic structure",บทกวี,บทกวี,CORRECT,ถูกต้องตามหลักไวยากรณ์และความหมาย
2556,ox_poetry,poetry,noun,noun,Literary work in which special intensity is given to the expression of feelings and ideas by the use of distinctive style and rhythm,Literary work in which special intensity is given to the expression of feelings and ideas by the use of distinctive style and rhythm,บทกวี,บทกวี,CORRECT,ถูกต้องตามหลักไวยากรณ์และความหมาย
2557,ox_point,point,noun,noun,"The tapered, sharp end of a tool, weapon, or other object","The tapered, sharp end of a tool, weapon, or other object",จุด,จุด,CORRECT,ถูกต้องตามหลักไวยากรณ์และความหมาย
2558,ox_pointed,pointed,adjective,adjective,Having a sharpened or tapered tip or end,Having a sharpened or tapered tip or end,ชี้,ชี้,CORRECT,ถูกต้องตามหลักไวยากรณ์และความหมาย
2559,ox_point_out,point out,verb,phrasal verb,a phrasal verb meaning to point out,to draw someone's attention to a fact or information,ชี้ให้เห็น / ชี้แนะประเด็น,"ชี้ให้เห็น, เน้นย้ำประเด็นสำคัญ",MODIFIED,แทนที่คำนิยาม placeholder ภาษาอังกฤษ
2560,ox_poison,poison,noun,noun,A substance that is capable of causing the illness or death of a living organism when introduced or absorbed,A substance that is capable of causing the illness or death of a living organism when introduced or absorbed,พิษ,พิษ,CORRECT,ถูกต้องตามหลักไวยากรณ์และความหมาย
2561,ox_poisonous,poisonous,adjective,adjective,Capable of causing death or illness if taken into the body,Capable of causing death or illness if taken into the body,เป็นพิษ,เป็นพิษ,CORRECT,ถูกต้องตามหลักไวยากรณ์และความหมาย
2562,ox_pole,pole,noun,noun,"A long, slender, rounded piece of wood or metal, typically used with one end placed in the ground as a support for something","A long, slender, rounded piece of wood or metal, typically used with one end placed in the ground as a support for something",เสา,เสา,CORRECT,ถูกต้องตามหลักไวยากรณ์และความหมาย
2563,ox_police,police,noun,noun,"The civil force of a national or local government, responsible for the prevention and detection of crime and the maintenance of public order","The civil force of a national or local government, responsible for the prevention and detection of crime and the maintenance of public order",ตำรวจ,ตำรวจ,CORRECT,ถูกต้องตามหลักไวยากรณ์และความหมาย
2564,ox_policy,policy,noun,noun,A course or principle of action adopted or proposed by an organization or individual,A course or principle of action adopted or proposed by an organization or individual,นโยบาย,นโยบาย,CORRECT,ถูกต้องตามหลักไวยากรณ์และความหมาย
2565,ox_polish,polish,noun,noun,A substance used to give something a smooth and shiny surface when rubbed in,A substance used to give something a smooth and shiny surface when rubbed in,ขัด,ขัด,CORRECT,ถูกต้องตามหลักไวยากรณ์และความหมาย
2566,ox_polite,polite,adjective,adjective,Having or showing behavior that is respectful and considerate of other people,Having or showing behavior that is respectful and considerate of other people,สุภาพ,สุภาพ,CORRECT,ถูกต้องตามหลักไวยากรณ์และความหมาย
2567,ox_politely,politely,adverb,adverb,In a respectful and considerate manner,In a respectful and considerate manner,อย่างสุภาพ,อย่างสุภาพ,CORRECT,ถูกต้องตามหลักไวยากรณ์และความหมาย
2568,ox_political,political,adjective,adjective,Relating to the government or the public affairs of a country,Relating to the government or the public affairs of a country,ทางการเมือง,ทางการเมือง,CORRECT,ถูกต้องตามหลักไวยากรณ์และความหมาย
2569,ox_politically,politically,adjective,adjective,Relating to the government or the public affairs of a country,Relating to the government or the public affairs of a country,ในทางการเมือง,ในทางการเมือง,CORRECT,ถูกต้องตามหลักไวยากรณ์และความหมาย
2570,ox_politician,politician,noun,noun,"A person who is professionally involved in politics, especially as a holder of an elected office","A person who is professionally involved in politics, especially as a holder of an elected office",นักการเมือง,นักการเมือง,CORRECT,ถูกต้องตามหลักไวยากรณ์และความหมาย
2571,ox_politics,politics,noun,noun,"The activities associated with the governance of a country or other area, especially the debate between parties having power","The activities associated with the governance of a country or other area, especially the debate between parties having power",การเมือง,การเมือง,CORRECT,ถูกต้องตามหลักไวยากรณ์และความหมาย
2572,ox_pollution,pollution,noun,noun,The presence in or introduction into the environment of a substance or thing that has harmful or poisonous effects,The presence in or introduction into the environment of a substance or thing that has harmful or poisonous effects,มลพิษ,มลพิษ,CORRECT,ถูกต้องตามหลักไวยากรณ์และความหมาย
2573,ox_pool,pool,noun,noun,"A small body of still water, typically one formed naturally","A small body of still water, typically one formed naturally",สระน้ำ,สระน้ำ,CORRECT,ถูกต้องตามหลักไวยากรณ์และความหมาย
2574,ox_poor,poor,adjective,adjective,Lacking sufficient money to live at a standard considered comfortable or normal in a society,Lacking sufficient money to live at a standard considered comfortable or normal in a society,ยากจน,ยากจน,CORRECT,ถูกต้องตามหลักไวยากรณ์และความหมาย
2575,ox_pop,pop,verb,verb,Make a light explosive sound,Make a light explosive sound,โผล่,โผล่,CORRECT,ถูกต้องตามหลักไวยากรณ์และความหมาย
2576,ox_popular,popular,adjective,adjective,Liked or admired by many people or by a particular person or group,Liked or admired by many people or by a particular person or group,เป็นที่นิยม,เป็นที่นิยม,CORRECT,ถูกต้องตามหลักไวยากรณ์และความหมาย
2577,ox_population,population,noun,noun,"All the inhabitants of a particular town, area, or country","All the inhabitants of a particular town, area, or country",ประชากร,ประชากร,CORRECT,ถูกต้องตามหลักไวยากรณ์และความหมาย
2578,ox_port,port,noun,noun,"A town or city with a harbor where ships load or unload, especially one where customs officers are stationed","A town or city with a harbor where ships load or unload, especially one where customs officers are stationed",ท่าเรือ,ท่าเรือ,CORRECT,ถูกต้องตามหลักไวยากรณ์และความหมาย
2579,ox_pose,pose,verb,verb,to present a problem or question; or to position oneself for a photo,to present a problem or question; or to position oneself for a photo,ท่าทาง,ท่าทาง,CORRECT,ถูกต้องตามหลักไวยากรณ์และความหมาย
2580,ox_position,position,noun,noun,A place where someone or something is located or has been put,A place where someone or something is located or has been put,ตำแหน่ง,ตำแหน่ง,CORRECT,ถูกต้องตามหลักไวยากรณ์และความหมาย
2581,ox_positive,positive,adjective,adjective,Consisting in or characterized by the presence or possession of features or qualities rather than their absence,Consisting in or characterized by the presence or possession of features or qualities rather than their absence,เชิงบวก,เชิงบวก,CORRECT,ถูกต้องตามหลักไวยากรณ์และความหมาย
2582,ox_possess,possess,verb,verb,Have as belonging to one; own,Have as belonging to one; own,ครอบครอง / เป็นเจ้าของ,ครอบครอง / เป็นเจ้าของ,CORRECT,ถูกต้องตามหลักไวยากรณ์และความหมาย
2583,ox_possession,possession,noun,noun,"The state of having, owning, or controlling something","The state of having, owning, or controlling something",การครอบครอง,การครอบครอง,CORRECT,ถูกต้องตามหลักไวยากรณ์และความหมาย
2584,ox_possibility,possibility,noun,noun,A thing that may happen or be the case,A thing that may happen or be the case,ความเป็นไปได้,ความเป็นไปได้,CORRECT,ถูกต้องตามหลักไวยากรณ์และความหมาย
2585,ox_possible,possible,adjective,adjective,Able to be done or achieved,Able to be done or achieved,เป็นไปได้,เป็นไปได้,CORRECT,ถูกต้องตามหลักไวยากรณ์และความหมาย
2586,ox_possibly,possibly,adverb,adverb,Perhaps; maybe,Perhaps; maybe,อาจจะ / เป็นไปได้,อาจจะ / เป็นไปได้,CORRECT,ถูกต้องตามหลักไวยากรณ์และความหมาย
2587,ox_post,post,noun,noun,"A long, sturdy piece of timber or metal set upright in the ground and used as a support or marker","A long, sturdy piece of timber or metal set upright in the ground and used as a support or marker",โพสต์,โพสต์,CORRECT,ถูกต้องตามหลักไวยากรณ์และความหมาย
2588,ox_post_office,post office,noun,noun,a place where stamps are sold and mail is sent,a branch facility of the postal system that handles mail and parcels,ที่ทำการไปรษณีย์,ที่ทำการไปรษณีย์,MODIFIED,ตรวจสอบความถูกต้อง
2589,ox_pot,pot,noun,noun,"A container, typically rounded or cylindrical and of ceramic ware or metal, used for storage or cooking","A container, typically rounded or cylindrical and of ceramic ware or metal, used for storage or cooking",หม้อ,หม้อ,CORRECT,ถูกต้องตามหลักไวยากรณ์และความหมาย
2590,ox_potato,potato,noun,noun,"A starchy plant tuber that is one of the most important food crops, cooked and eaten as a vegetable","A starchy plant tuber that is one of the most important food crops, cooked and eaten as a vegetable",มันฝรั่ง,มันฝรั่ง,CORRECT,ถูกต้องตามหลักไวยากรณ์และความหมาย
2591,ox_potential,potential,adjective,adjective,Having or showing the capacity to develop into something in the future,Having or showing the capacity to develop into something in the future,ศักยภาพ,ศักยภาพ,CORRECT,ถูกต้องตามหลักไวยากรณ์และความหมาย
2592,ox_potentially,potentially,adverb,adverb,With a possibility of becoming actual; possibly,With a possibility of becoming actual; possibly,อาจ,อาจ,CORRECT,ถูกต้องตามหลักไวยากรณ์และความหมาย
2593,ox_pound,pound,noun,noun,A unit of weight in general use equal to 16 oz. avoirdupois (0.4536 kg),A unit of weight in general use equal to 16 oz. avoirdupois (0.4536 kg),ปอนด์,ปอนด์,CORRECT,ถูกต้องตามหลักไวยากรณ์และความหมาย
2594,ox_pour,pour,verb,verb,Flow rapidly in a steady stream,to cause a liquid to flow steadily out of a container; to rain heavily,เท,"เท, ริน, (ฝน) เทกระหน่ำ",MODIFIED,"ขยายคำแปลไทยจาก ""เท"" เป็น ""เท, ริน, ฝนตกกระหน่ำ"""
2595,ox_powder,powder,noun,noun,"Fine, dry particles produced by the grinding, crushing, or disintegration of a solid substance",fine dry particles produced by grinding solid substances,ผง,"ผง, แป้งผง",MODIFIED,"ขยายคำแปลไทยจาก ""ผง"" เป็น ""ผง, แป้งผง"""
2596,ox_power,power,noun,noun,The ability or capacity to do something or act in a particular way,The ability or capacity to do something or act in a particular way,พลัง,พลัง,CORRECT,ถูกต้องตามหลักไวยากรณ์และความหมาย
2597,ox_powerful,powerful,adjective,adjective,Having great power or strength,Having great power or strength,ทรงพลัง,ทรงพลัง,CORRECT,ถูกต้องตามหลักไวยากรณ์และความหมาย
2598,ox_practical,practical,adjective,adjective,Of or concerned with the actual doing or use of something rather than with theory and ideas,Of or concerned with the actual doing or use of something rather than with theory and ideas,ใช้ได้จริง,ใช้ได้จริง,CORRECT,ถูกต้องตามหลักไวยากรณ์และความหมาย
2599,ox_practically,practically,adjective,adjective,Of or concerned with the actual doing or use of something rather than with theory and ideas,Of or concerned with the actual doing or use of something rather than with theory and ideas,ในทางปฏิบัติ / เกือบจะ,ในทางปฏิบัติ / เกือบจะ,CORRECT,ถูกต้องตามหลักไวยากรณ์และความหมาย
2600,ox_practice,practice,noun,noun,"The actual application or use of an idea, belief, or method, as opposed to theories relating to it","The actual application or use of an idea, belief, or method, as opposed to theories relating to it",ฝึกฝน,ฝึกฝน,CORRECT,ถูกต้องตามหลักไวยากรณ์และความหมาย
2601,ox_practise,practise,verb,verb,to do something repeatedly to improve a skill,to do something repeatedly to improve a skill,ฝึกฝน,ฝึกฝน,CORRECT,ถูกต้องตามหลักไวยากรณ์และความหมาย
2602,ox_praise,praise,verb,verb,to express approval or admiration for someone or something,to express approval or admiration for someone or something,ชื่นชม,ชื่นชม,CORRECT,ถูกต้องตามหลักไวยากรณ์และความหมาย
2603,ox_pray,pray,verb,verb,to speak to God or a god,to speak to God or a god,อธิษฐาน,อธิษฐาน,CORRECT,ถูกต้องตามหลักไวยากรณ์และความหมาย
2604,ox_prayer,prayer,noun,noun,words spoken to God or a god,words spoken to God or a god,คำอธิษฐาน,คำอธิษฐาน,CORRECT,ถูกต้องตามหลักไวยากรณ์และความหมาย
2605,ox_precise,precise,adjective,adjective,Marked by exactness and accuracy of expression or detail,Marked by exactness and accuracy of expression or detail,แม่นยำ,แม่นยำ,CORRECT,ถูกต้องตามหลักไวยากรณ์และความหมาย
2606,ox_precisely,precisely,adjective,adjective,Marked by exactness and accuracy of expression or detail,Marked by exactness and accuracy of expression or detail,อย่างแม่นยำ / ถูกเผง,อย่างแม่นยำ / ถูกเผง,CORRECT,ถูกต้องตามหลักไวยากรณ์และความหมาย
2607,ox_prefer,prefer,verb,verb,Like (one thing or person) better than another or others; tend to choose,Like (one thing or person) better than another or others; tend to choose,ชอบมากกว่า,ชอบมากกว่า,CORRECT,ถูกต้องตามหลักไวยากรณ์และความหมาย
2608,ox_preference,preference,noun,noun,A greater liking for one alternative over another or others,A greater liking for one alternative over another or others,ความพึงใจ,ความพึงใจ,CORRECT,ถูกต้องตามหลักไวยากรณ์และความหมาย
2609,ox_pregnant,pregnant,adjective,adjective,Having a child or young developing in the uterus,Having a child or young developing in the uterus,ตั้งครรภ์,ตั้งครรภ์,CORRECT,ถูกต้องตามหลักไวยากรณ์และความหมาย
2610,ox_premises,premises,noun,noun,the land and buildings belonging to an organization,the land and buildings belonging to an organization,สถานที่,สถานที่,CORRECT,ถูกต้องตามหลักไวยากรณ์และความหมาย
2611,ox_preparation,preparation,noun,noun,The action or process of making ready or being made ready for use or consideration,The action or process of making ready or being made ready for use or consideration,การตระเตรียม,การตระเตรียม,CORRECT,ถูกต้องตามหลักไวยากรณ์และความหมาย
2612,ox_prepare,prepare,verb,verb,Make (something) ready for use or consideration,Make (something) ready for use or consideration,เตรียมตัว,เตรียมตัว,CORRECT,ถูกต้องตามหลักไวยากรณ์และความหมาย
2613,ox_prepared,prepared,verb,verb,Make (something) ready for use or consideration,Make (something) ready for use or consideration,เตรียมไว้,เตรียมไว้,CORRECT,ถูกต้องตามหลักไวยากรณ์และความหมาย
2614,ox_presence,presence,noun,noun,"The state or fact of existing, occurring, or being present in a place or thing","The state or fact of existing, occurring, or being present in a place or thing",การมีอยู่,การมีอยู่,CORRECT,ถูกต้องตามหลักไวยากรณ์และความหมาย
2615,ox_present,present,adjective,adjective,Existing or occurring now,Existing or occurring now,ปัจจุบัน,ปัจจุบัน,CORRECT,ถูกต้องตามหลักไวยากรณ์และความหมาย
2616,ox_presentation,presentation,noun,noun,"The proffering or giving of something to someone, especially as part of a formal ceremony","The proffering or giving of something to someone, especially as part of a formal ceremony",การนำเสนอ,การนำเสนอ,CORRECT,ถูกต้องตามหลักไวยากรณ์และความหมาย
2617,ox_preserve,preserve,verb,verb,Maintain (something) in its original or existing state,Maintain (something) in its original or existing state,อนุรักษ์,อนุรักษ์,CORRECT,ถูกต้องตามหลักไวยากรณ์และความหมาย
2618,ox_president,president,noun,noun,The elected head of a republican state,The elected head of a republican state,ประธาน,ประธาน,CORRECT,ถูกต้องตามหลักไวยากรณ์และความหมาย
2619,ox_press,press,verb,verb,Move or cause to move into a position of contact with something by exerting continuous physical force,to push firmly against something; to exert physical force upon,กด,"กด, บีบ, รีด (ผ้า), ผลักดัน",MODIFIED,"ขยายคำแปลไทยจาก ""กด"" ให้ครอบคลุมการใช้งานจริง"
2620,ox_pressure,pressure,noun,noun,The continuous physical force exerted on or against an object by something in contact with it,The continuous physical force exerted on or against an object by something in contact with it,ความดัน,ความดัน,CORRECT,ถูกต้องตามหลักไวยากรณ์และความหมาย
2621,ox_presumably,presumably,adverb,adverb,Used to convey that what is asserted is very likely though not known for certain,Used to convey that what is asserted is very likely though not known for certain,สันนิษฐานว่า / น่าจะ,สันนิษฐานว่า / น่าจะ,CORRECT,ถูกต้องตามหลักไวยากรณ์และความหมาย
2622,ox_pretend,pretend,verb,verb,Speak and act so as to make it appear that something is the case when in fact it is not,Speak and act so as to make it appear that something is the case when in fact it is not,แกล้งทำ,แกล้งทำ,CORRECT,ถูกต้องตามหลักไวยากรณ์และความหมาย
2623,ox_pretty,pretty,adjective,adjective,Attractive in a delicate way without being truly beautiful or handsome,Attractive in a delicate way without being truly beautiful or handsome,สวย,สวย,CORRECT,ถูกต้องตามหลักไวยากรณ์และความหมาย
2624,ox_prevent,prevent,verb,verb,Keep (something) from happening or arising,Keep (something) from happening or arising,ป้องกัน,ป้องกัน,CORRECT,ถูกต้องตามหลักไวยากรณ์และความหมาย
2625,ox_previous,previous,adjective,adjective,Existing or occurring before in time or order,Existing or occurring before in time or order,ก่อนหน้า,ก่อนหน้า,CORRECT,ถูกต้องตามหลักไวยากรณ์และความหมาย
2626,ox_previously,previously,adverb,adverb,At a previous or earlier time; before,At a previous or earlier time; before,ก่อนหน้านี้,ก่อนหน้านี้,CORRECT,ถูกต้องตามหลักไวยากรณ์และความหมาย
2627,ox_price,price,noun,noun,"The amount of money expected, required, or given in payment for something","The amount of money expected, required, or given in payment for something",ราคา,ราคา,CORRECT,ถูกต้องตามหลักไวยากรณ์และความหมาย
2628,ox_pride,pride,noun,noun,A feeling or deep pleasure or satisfaction derived from one's own achievements,A feeling or deep pleasure or satisfaction derived from one's own achievements,ความภาคภูมิใจ,ความภาคภูมิใจ,CORRECT,ถูกต้องตามหลักไวยากรณ์และความหมาย
2629,ox_priest,priest,noun,noun,a person trained to perform religious ceremonies,a person trained to perform religious ceremonies,นักบวช,นักบวช,CORRECT,ถูกต้องตามหลักไวยากรณ์และความหมาย
2630,ox_primarily,primarily,adverb,adverb,mainly; for the most part,mainly; for the most part,เป็นหลัก,เป็นหลัก,CORRECT,ถูกต้องตามหลักไวยากรณ์และความหมาย
2631,ox_primary,primary,adjective,adjective,Of chief importance; principal,Of chief importance; principal,หลัก,หลัก,CORRECT,ถูกต้องตามหลักไวยากรณ์และความหมาย
2632,ox_prime_minister,prime minister,noun,noun,the leader of the government in some countries,the principal minister and head of government in a parliamentary system,นายกรัฐมนตรี,นายกรัฐมนตรี,MODIFIED,ตรวจสอบความถูกต้อง
2633,ox_prince,prince,noun,noun,the son of a king or queen,the son of a king or queen,เจ้าชาย,เจ้าชาย,CORRECT,ถูกต้องตามหลักไวยากรณ์และความหมาย
2634,ox_princess,princess,noun,noun,the daughter of a king or queen,the daughter of a king or queen,เจ้าหญิง,เจ้าหญิง,CORRECT,ถูกต้องตามหลักไวยากรณ์และความหมาย
2635,ox_principle,principle,noun,noun,A fundamental truth or proposition that serves as the foundation for a system of belief or behavior or for a chain of reasoning,A fundamental truth or proposition that serves as the foundation for a system of belief or behavior or for a chain of reasoning,หลักการ,หลักการ,CORRECT,ถูกต้องตามหลักไวยากรณ์และความหมาย
2636,ox_print,print,verb,verb,"Produce (books, newspapers, magazines, etc.), especially in large quantities, by a mechanical process involving the transfer of text, images, or designs to paper","Produce (books, newspapers, magazines, etc.), especially in large quantities, by a mechanical process involving the transfer of text, images, or designs to paper",พิมพ์,พิมพ์,CORRECT,ถูกต้องตามหลักไวยากรณ์และความหมาย
2637,ox_printer,printer,noun,noun,"A machine for printing text or pictures onto paper, especially one linked to a computer","A machine for printing text or pictures onto paper, especially one linked to a computer",เครื่องพิมพ์,เครื่องพิมพ์,CORRECT,ถูกต้องตามหลักไวยากรณ์และความหมาย
2638,ox_printing,printing,verb,noun,"Produce (books, newspapers, magazines, etc.), especially in large quantities, by a mechanical process involving the transfer of text, images, or designs to paper","the production of books, newspapers, or documents using ink on paper",การพิมพ์,"การพิมพ์, สิ่งพิมพ์, เทคนิคการพิมพ์",MODIFIED,แก้ไขชนิดของคำ POS จาก verb เป็น noun
2639,ox_print_off,print off,verb,phrasal verb,a phrasal verb meaning to print off,to produce a printed paper copy of an electronic document,พิมพ์ออก,"สั่งพิมพ์ออกมาบนกระดาษ, พริ้นต์เอกสารออกมา",MODIFIED,"แก้ไขคำแปลไทยจาก ""พิมพ์ออก"" เป็น ""สั่งพิมพ์ออกมาบนกระดาษ"""
2640,ox_prior,prior,adjective,adjective,"Existing or coming before in time, order, or importance","Existing or coming before in time, order, or importance",ก่อน,ก่อน,CORRECT,ถูกต้องตามหลักไวยากรณ์และความหมาย
2641,ox_priority,priority,noun,noun,The fact or condition of being regarded or treated as more important than others,The fact or condition of being regarded or treated as more important than others,ลำดับความสำคัญ,ลำดับความสำคัญ,CORRECT,ถูกต้องตามหลักไวยากรณ์และความหมาย
2642,ox_prison,prison,noun,noun,A building in which people are legally held as a punishment for a crime they have committed or while awaiting trial,A building in which people are legally held as a punishment for a crime they have committed or while awaiting trial,คุก,คุก,CORRECT,ถูกต้องตามหลักไวยากรณ์และความหมาย
2643,ox_prisoner,prisoner,noun,noun,A person legally held in prison as a punishment for crimes they have committed or while awaiting trial,A person legally held in prison as a punishment for crimes they have committed or while awaiting trial,นักโทษ,นักโทษ,CORRECT,ถูกต้องตามหลักไวยากรณ์และความหมาย
2644,ox_private,private,adjective,adjective,Belonging to or for the use of one particular person or group of people only,Belonging to or for the use of one particular person or group of people only,ส่วนตัว,ส่วนตัว,CORRECT,ถูกต้องตามหลักไวยากรณ์และความหมาย
2645,ox_privately,privately,adjective,adjective,Belonging to or for the use of one particular person or group of people only,Belonging to or for the use of one particular person or group of people only,เป็นการส่วนตัว,เป็นการส่วนตัว,CORRECT,ถูกต้องตามหลักไวยากรณ์และความหมาย
2646,ox_prize,prize,noun,noun,something given to the winner of a contest,something given to the winner of a contest,รางวัล,รางวัล,CORRECT,ถูกต้องตามหลักไวยากรณ์และความหมาย
2647,ox_probable,probable,adjective,adjective,likely to happen or be true,likely to happen or be true,น่าจะเป็น,น่าจะเป็น,CORRECT,ถูกต้องตามหลักไวยากรณ์และความหมาย
2648,ox_probably,probably,adverb,adverb,Almost certainly; as far as one knows or can tell,Almost certainly; as far as one knows or can tell,อาจจะ,อาจจะ,CORRECT,ถูกต้องตามหลักไวยากรณ์และความหมาย
2649,ox_problem,problem,noun,noun,A matter or situation regarded as unwelcome or harmful and needing to be dealt with and overcome,A matter or situation regarded as unwelcome or harmful and needing to be dealt with and overcome,ปัญหา,ปัญหา,CORRECT,ถูกต้องตามหลักไวยากรณ์และความหมาย
2650,ox_procedure,procedure,noun,noun,An established or official way of doing something,An established or official way of doing something,ขั้นตอน,ขั้นตอน,CORRECT,ถูกต้องตามหลักไวยากรณ์และความหมาย
2651,ox_proceed,proceed,verb,verb,Begin or continue a course of action,Begin or continue a course of action,ดำเนินการ,ดำเนินการ,CORRECT,ถูกต้องตามหลักไวยากรณ์และความหมาย
2652,ox_process_1,process 1,noun,noun,a series of actions taken to achieve a particular result,a series of progressive actions taken to achieve a particular result,กระบวนการ / ขั้นตอนการทำงาน,"กระบวนการ, ขั้นตอนดำเนินงาน",MODIFIED,ตรวจสอบความถูกต้อง
2653,ox_produce,produce,verb,verb,Make or manufacture from components or raw materials,Make or manufacture from components or raw materials,ผลิต,ผลิต,CORRECT,ถูกต้องตามหลักไวยากรณ์และความหมาย
2654,ox_producer,producer,noun,noun,"A person, company, or country that makes, grows, or supplies goods or commodities for sale","A person, company, or country that makes, grows, or supplies goods or commodities for sale",ผู้ผลิต,ผู้ผลิต,CORRECT,ถูกต้องตามหลักไวยากรณ์และความหมาย
2655,ox_product,product,noun,noun,An article or substance that is manufactured or refined for sale,An article or substance that is manufactured or refined for sale,ผลิตภัณฑ์,ผลิตภัณฑ์,CORRECT,ถูกต้องตามหลักไวยากรณ์และความหมาย
2656,ox_production,production,noun,noun,The action of making or manufacturing from components or raw materials,The action of making or manufacturing from components or raw materials,การผลิต,การผลิต,CORRECT,ถูกต้องตามหลักไวยากรณ์และความหมาย
2657,ox_profession,profession,noun,noun,"A paid occupation, especially one that involves prolonged training and a formal qualification","A paid occupation, especially one that involves prolonged training and a formal qualification",วิชาชีพ,วิชาชีพ,CORRECT,ถูกต้องตามหลักไวยากรณ์และความหมาย
2658,ox_professional,professional,adjective,adjective,Relating to or connected with a profession,Relating to or connected with a profession,มืออาชีพ,มืออาชีพ,CORRECT,ถูกต้องตามหลักไวยากรณ์และความหมาย
2659,ox_professor,professor,noun,noun,A teacher of the highest rank in a college or university,A teacher of the highest rank in a college or university,ศาสตราจารย์,ศาสตราจารย์,CORRECT,ถูกต้องตามหลักไวยากรณ์และความหมาย
2660,ox_profit,profit,noun,noun,"A financial gain, especially the difference between the amount earned and the amount spent in buying, operating, or producing something","A financial gain, especially the difference between the amount earned and the amount spent in buying, operating, or producing something",กำไร,กำไร,CORRECT,ถูกต้องตามหลักไวยากรณ์และความหมาย
2661,ox_program,program,noun,noun,"A planned series of future events, items, or performances","A planned series of future events, items, or performances",โปรแกรม,โปรแกรม,CORRECT,ถูกต้องตามหลักไวยากรณ์และความหมาย
2662,ox_programme,programme,noun,noun,"a planned series of events, or a broadcast show (British English)","a planned series of events, or a broadcast show (British English)",โปรแกรม,โปรแกรม,CORRECT,ถูกต้องตามหลักไวยากรณ์และความหมาย
2663,ox_progress,progress,noun,noun,Forward or onward movement toward a destination,Forward or onward movement toward a destination,ความคืบหน้า,ความคืบหน้า,CORRECT,ถูกต้องตามหลักไวยากรณ์และความหมาย
2664,ox_project,project,noun,noun,An individual or collaborative enterprise that is carefully planned and designed to achieve a particular aim,An individual or collaborative enterprise that is carefully planned and designed to achieve a particular aim,โครงการ,โครงการ,CORRECT,ถูกต้องตามหลักไวยากรณ์และความหมาย
2665,ox_promise,promise,noun,noun,A declaration or assurance that one will do a particular thing or that a particular thing will happen,A declaration or assurance that one will do a particular thing or that a particular thing will happen,สัญญา,สัญญา,CORRECT,ถูกต้องตามหลักไวยากรณ์และความหมาย
2666,ox_promote,promote,verb,verb,"Further the progress of (something, especially a cause, venture, or aim); support or actively encourage","Further the progress of (something, especially a cause, venture, or aim); support or actively encourage",ส่งเสริม,ส่งเสริม,CORRECT,ถูกต้องตามหลักไวยากรณ์และความหมาย
2667,ox_promotion,promotion,noun,noun,"Activity that supports or provides active encouragement for the furtherance of a cause, venture, or aim","Activity that supports or provides active encouragement for the furtherance of a cause, venture, or aim",การส่งเสริม,การส่งเสริม,CORRECT,ถูกต้องตามหลักไวยากรณ์และความหมาย
2668,ox_prompt,prompt,adjective,adjective,done quickly and without delay,done quickly and without delay,พร้อมท์,พร้อมท์,CORRECT,ถูกต้องตามหลักไวยากรณ์และความหมาย
2669,ox_promptly,promptly,adverb,adverb,quickly and without delay,quickly and without delay,ทันที,ทันที,CORRECT,ถูกต้องตามหลักไวยากรณ์และความหมาย
2670,ox_pronounce,pronounce,verb,verb,to say a word or sound in a particular way,to say a word or sound in a particular way,ออกเสียง,ออกเสียง,CORRECT,ถูกต้องตามหลักไวยากรณ์และความหมาย
2671,ox_pronunciation,pronunciation,noun,noun,the way in which a word is spoken,the way in which a word is spoken,การออกเสียง,การออกเสียง,CORRECT,ถูกต้องตามหลักไวยากรณ์และความหมาย
2672,ox_proof,proof,noun,noun,Evidence or argument establishing a fact or the truth of a statement,Evidence or argument establishing a fact or the truth of a statement,การพิสูจน์,การพิสูจน์,CORRECT,ถูกต้องตามหลักไวยากรณ์และความหมาย
2673,ox_proper,proper,adjective,adjective,Truly what something is said or regarded to be; genuine,Truly what something is said or regarded to be; genuine,เหมาะสม,เหมาะสม,CORRECT,ถูกต้องตามหลักไวยากรณ์และความหมาย
2674,ox_properly,properly,adjective,adjective,Truly what something is said or regarded to be; genuine,Truly what something is said or regarded to be; genuine,อย่างถูกต้อง,อย่างถูกต้อง,CORRECT,ถูกต้องตามหลักไวยากรณ์และความหมาย
2675,ox_property,property,noun,noun,A thing or things belonging to someone; possessions collectively,A thing or things belonging to someone; possessions collectively,คุณสมบัติ,คุณสมบัติ,CORRECT,ถูกต้องตามหลักไวยากรณ์และความหมาย
2676,ox_proportion,proportion,noun,noun,"A part, share, or number considered in comparative relation to a whole","A part, share, or number considered in comparative relation to a whole",สัดส่วน,สัดส่วน,CORRECT,ถูกต้องตามหลักไวยากรณ์และความหมาย
2677,ox_proposal,proposal,noun,noun,"A plan or suggestion, especially a formal or written one, put forward for consideration or discussion by others","A plan or suggestion, especially a formal or written one, put forward for consideration or discussion by others",ข้อเสนอ,ข้อเสนอ,CORRECT,ถูกต้องตามหลักไวยากรณ์และความหมาย
2678,ox_propose,propose,verb,verb,Put forward (a plan or suggestion) for consideration by others,Put forward (a plan or suggestion) for consideration by others,เสนอ,เสนอ,CORRECT,ถูกต้องตามหลักไวยากรณ์และความหมาย
2679,ox_prospect,prospect,noun,noun,The possibility or likelihood of some future event occurring,The possibility or likelihood of some future event occurring,โอกาส,โอกาส,CORRECT,ถูกต้องตามหลักไวยากรณ์และความหมาย
2680,ox_protect,protect,verb,verb,Keep safe from harm or injury,Keep safe from harm or injury,ปกป้อง,ปกป้อง,CORRECT,ถูกต้องตามหลักไวยากรณ์และความหมาย
2681,ox_protection,protection,noun,noun,"The action of protecting someone or something, or the state of being protected","The action of protecting someone or something, or the state of being protected",การป้องกัน,การป้องกัน,CORRECT,ถูกต้องตามหลักไวยากรณ์และความหมาย
2682,ox_protest,protest,noun,noun,A statement or action expressing disapproval of or objection to something,A statement or action expressing disapproval of or objection to something,ประท้วง,ประท้วง,CORRECT,ถูกต้องตามหลักไวยากรณ์และความหมาย
2683,ox_proud,proud,adjective,adjective,"Feeling deep pleasure or satisfaction as a result of one's own achievements, qualities, or possessions or those of someone with whom one is closely associated","Feeling deep pleasure or satisfaction as a result of one's own achievements, qualities, or possessions or those of someone with whom one is closely associated",ภูมิใจ,ภูมิใจ,CORRECT,ถูกต้องตามหลักไวยากรณ์และความหมาย
2684,ox_proudly,proudly,adjective,adjective,"Feeling deep pleasure or satisfaction as a result of one's own achievements, qualities, or possessions or those of someone with whom one is closely associated","Feeling deep pleasure or satisfaction as a result of one's own achievements, qualities, or possessions or those of someone with whom one is closely associated",อย่างภาคภูมิใจ,อย่างภาคภูมิใจ,CORRECT,ถูกต้องตามหลักไวยากรณ์และความหมาย
2685,ox_prove,prove,verb,verb,Demonstrate the truth or existence of (something) by evidence or argument,Demonstrate the truth or existence of (something) by evidence or argument,พิสูจน์,พิสูจน์,CORRECT,ถูกต้องตามหลักไวยากรณ์และความหมาย
2686,ox_provide,provide,verb,verb,Make available for use; supply,Make available for use; supply,จัดเตรียม,จัดเตรียม,CORRECT,ถูกต้องตามหลักไวยากรณ์และความหมาย
2687,ox_provided,provided,conjunction,conjunction,On the condition or understanding that,On the condition or understanding that,ที่ให้ไว้,ที่ให้ไว้,CORRECT,ถูกต้องตามหลักไวยากรณ์และความหมาย
2688,ox_providing,providing,conjunction,conjunction,On the condition or understanding that,on the condition that; only if,การให้,"โดยมีเงื่อนไขว่า, หาก, ตราบใดที่",MODIFIED,"แก้ไขคำแปลไทยจาก ""การให้"" ให้เป็นคำสันธาน (โดยมีเงื่อนไขว่า/หาก)"
2689,ox_pub,pub,noun,noun,a place where drinks are sold and drunk; short for public house,a place where drinks are sold and drunk; short for public house,ผับ,ผับ,CORRECT,ถูกต้องตามหลักไวยากรณ์และความหมาย
2690,ox_public,public,adjective,adjective,Of or concerning the people as a whole,Of or concerning the people as a whole,สาธารณะ,สาธารณะ,CORRECT,ถูกต้องตามหลักไวยากรณ์และความหมาย
2691,ox_publication,publication,noun,noun,"The preparation and issuing of a book, journal, or piece of music for public sale","The preparation and issuing of a book, journal, or piece of music for public sale",สิ่งพิมพ์,สิ่งพิมพ์,CORRECT,ถูกต้องตามหลักไวยากรณ์และความหมาย
2692,ox_publicity,publicity,noun,noun,Notice or attention given to someone or something by the media,Notice or attention given to someone or something by the media,การประชาสัมพันธ์,การประชาสัมพันธ์,CORRECT,ถูกต้องตามหลักไวยากรณ์และความหมาย
2693,ox_publicly,publicly,adjective,adjective,Of or concerning the people as a whole,Of or concerning the people as a whole,ต่อสาธารณะ / อย่างเปิดเผย,ต่อสาธารณะ / อย่างเปิดเผย,CORRECT,ถูกต้องตามหลักไวยากรณ์และความหมาย
2694,ox_publish,publish,verb,verb,"Prepare and issue (a book, journal, or piece of music) for public sale","Prepare and issue (a book, journal, or piece of music) for public sale",เผยแพร่,เผยแพร่,CORRECT,ถูกต้องตามหลักไวยากรณ์และความหมาย
2695,ox_publishing,publishing,verb,noun,"Prepare and issue (a book, journal, or piece of music) for public sale",the business or profession of preparing and issuing printed materials,การเผยแพร่,"ธุรกิจสิ่งพิมพ์, การจัดพิมพ์เผยแพร่",MODIFIED,แก้ไขชนิดของคำ POS จาก verb เป็น noun
2696,ox_pull,pull,verb,verb,Exert force on (someone or something) so as to cause movement toward oneself,Exert force on (someone or something) so as to cause movement toward oneself,ดึง,ดึง,CORRECT,ถูกต้องตามหลักไวยากรณ์และความหมาย
2697,ox_pull_apart,pull apart,verb,phrasal verb,a phrasal verb meaning to pull apart,to separate something into pieces with force,ดึงออกจากกัน,ดึงแยกชิ้นส่วนออกจากกัน,MODIFIED,แทนที่คำนิยาม placeholder ภาษาอังกฤษ
2698,ox_pull_down,pull down,verb,phrasal verb,a phrasal verb meaning to pull down,to demolish or tear down a building or structure,รื้อถอน (อาคาร),รื้อถอน (อาคารสิ่งปลูกสร้าง),MODIFIED,แทนที่คำนิยาม placeholder ภาษาอังกฤษ
2699,ox_pull_in,pull in,verb,phrasal verb,a phrasal verb meaning to pull in,to move to the side of the road or into a station; to attract crowds,(รถไฟ) เทียบชานชาลา / ดึงดูดผู้ชม,"(รถไฟ/รถยนต์) เข้าเทียบจอด, ดึงดูดผู้ชม",MODIFIED,แทนที่คำนิยาม placeholder ภาษาอังกฤษ
2700,ox_pull_off,pull off,verb,phrasal verb,a phrasal verb meaning to pull off,to succeed in achieving something difficult; to steer a car off the road,ทำสิ่งยากๆ ได้สำเร็จ / จอดรถข้างทาง,"ทำสิ่งยากๆ ได้สำเร็จ, เลี้ยวรถจอดข้างทาง",MODIFIED,แทนที่คำนิยาม placeholder ภาษาอังกฤษ
2701,ox_pull_out,pull out,verb,phrasal verb,a phrasal verb meaning to pull out,to maneuver a vehicle out from the curb; to withdraw from an agreement,(รถ) เคลื่อนตัวออกจากทาง / ถอนตัว,"(รถยนต์) เคลื่อนตัวออกจากเลน, ถอนตัวจากการร่วมมือ",MODIFIED,แทนที่คำนิยาม placeholder ภาษาอังกฤษ
2702,ox_pull_over,pull over,verb,phrasal verb,a phrasal verb meaning to pull over,to steer a vehicle to the side of the road and stop,ดึงไป,ขับรถเข้าชิดขอบทางแล้วจอด,MODIFIED,"แก้ไขคำแปลไทยผิดพลาดร้ายแรงจาก ""ดึงไป"" เป็น ""ขับรถเข้าชิดขอบทางแล้วจอด"""
2703,ox_pull_through,pull through,verb,phrasal verb,a phrasal verb meaning to pull through,"to survive a serious illness, crisis, or injury",รอดชีวิตจากอาการป่วยหนักมาได้,"รอดพ้นวิกฤตอาการป่วยหนักมาได้, ผ่านพ้นวิกฤต",MODIFIED,แทนที่คำนิยาม placeholder ภาษาอังกฤษ
2704,ox_pull_together,pull together,verb,phrasal verb,a phrasal verb meaning to pull together,to work together cooperatively as a team; to regain emotional control,ร่วมแรงร่วมใจกัน,"ร่วมแรงร่วมใจกัน, ควบคุมสติอารมณ์",MODIFIED,แทนที่คำนิยาม placeholder ภาษาอังกฤษ
2705,ox_pull_up,pull up,verb,phrasal verb,a phrasal verb meaning to pull up,to bring a vehicle to a stop; to pull one's body upwards,(รถ) ชะลอจอด / ดึงตัวขึ้น,"(รถ) ชะลอจอด, ดึงตัวขึ้น",MODIFIED,แทนที่คำนิยาม placeholder ภาษาอังกฤษ
2706,ox_punch,punch,verb,verb,to hit someone or something with a closed fist,to hit someone or something with a closed fist,ต่อย,ต่อย,CORRECT,ถูกต้องตามหลักไวยากรณ์และความหมาย
2707,ox_punish,punish,verb,verb,"Inflict a penalty or sanction on (someone) as retribution for an offense, especially a transgression of a legal or moral code","Inflict a penalty or sanction on (someone) as retribution for an offense, especially a transgression of a legal or moral code",ลงโทษ,ลงโทษ,CORRECT,ถูกต้องตามหลักไวยากรณ์และความหมาย
2708,ox_punishment,punishment,noun,noun,The infliction or imposition of a penalty as retribution for an offense,The infliction or imposition of a penalty as retribution for an offense,การลงโทษ,การลงโทษ,CORRECT,ถูกต้องตามหลักไวยากรณ์และความหมาย
2709,ox_pupil,pupil,noun,noun,"a student, especially a young one at school","a student, especially a young one at school",นักเรียน,นักเรียน,CORRECT,ถูกต้องตามหลักไวยากรณ์และความหมาย
2710,ox_purchase,purchase,verb,verb,Acquire (something) by paying for it; buy,Acquire (something) by paying for it; buy,ซื้อ,ซื้อ,CORRECT,ถูกต้องตามหลักไวยากรณ์และความหมาย
2711,ox_pure,pure,adjective,adjective,Not mixed or adulterated with any other substance or material,Not mixed or adulterated with any other substance or material,บริสุทธิ์,บริสุทธิ์,CORRECT,ถูกต้องตามหลักไวยากรณ์และความหมาย
2712,ox_purely,purely,adjective,adjective,Not mixed or adulterated with any other substance or material,Not mixed or adulterated with any other substance or material,โดยสิ้นเชิง / ล้วนๆ,โดยสิ้นเชิง / ล้วนๆ,CORRECT,ถูกต้องตามหลักไวยากรณ์และความหมาย
2713,ox_purple,purple,adjective,adjective,having a colour between red and blue,having a colour between red and blue,สีม่วง,สีม่วง,CORRECT,ถูกต้องตามหลักไวยากรณ์และความหมาย
2714,ox_purpose,purpose,noun,noun,The reason for which something is done or created or for which something exists,The reason for which something is done or created or for which something exists,วัตถุประสงค์,วัตถุประสงค์,CORRECT,ถูกต้องตามหลักไวยากรณ์และความหมาย
2715,ox_pursue,pursue,verb,verb,Follow or chase (someone or something),Follow or chase (someone or something),ไล่ตาม,ไล่ตาม,CORRECT,ถูกต้องตามหลักไวยากรณ์และความหมาย
2716,ox_push,push,verb,verb,Exert force on (someone or something) in order to move them away from oneself,Exert force on (someone or something) in order to move them away from oneself,ดัน,ดัน,CORRECT,ถูกต้องตามหลักไวยากรณ์และความหมาย
2717,ox_push_about,push about,verb,phrasal verb,a phrasal verb meaning to push about,to bully or give orders to someone rudely,ผลักดันเกี่ยวกับ,"ข่มเหงรังแก, บงการสั่งการคนอื่น",MODIFIED,"แก้ไขคำแปลไทยจาก ""ผลักดันเกี่ยวกับ"" เป็น ""ข่มเหงรังแก, บงการสั่งการคนอื่น"""
2718,ox_push_forward,push forward,verb,phrasal verb,to make progress with a plan or piece of work,to make determined progress with a plan or journey,ผลักดันไปข้างหน้า,ผลักดันเดินหน้าต่อไปอย่างมุ่งมั่น,MODIFIED,แก้ไขชนิดของคำ POS ให้เป็น phrasal verb
2719,ox_put,put,verb,verb,Move to or place in a particular position,Move to or place in a particular position,ใส่,ใส่,CORRECT,ถูกต้องตามหลักไวยากรณ์และความหมาย
2720,ox_put_away,put away,verb,phrasal verb,a phrasal verb meaning to put away,to return items to their proper storage place; to lock someone in prison,เก็บของเข้าที่เดิม / ขังคุก,"เก็บข้าวของเข้าที่เดิม, กักขังในคุก",MODIFIED,แทนที่คำนิยาม placeholder ภาษาอังกฤษ
2721,ox_put_back,put back,verb,phrasal verb,a phrasal verb meaning to put back,to return something to where it was; to postpone an event,วางกลับที่เดิม / เลื่อนเวลาออกไป,"วางคืนที่เดิม, เลื่อนกำหนดเวลาออกไป",MODIFIED,แทนที่คำนิยาม placeholder ภาษาอังกฤษ
2722,ox_put_down,put down,verb,phrasal verb,a phrasal verb meaning to put down,to place something on a surface; to write down notes; to euthanize an animal,วางลง / จดบันทึก / การุณยฆาตสัตว์,"วางสิ่งของลง, จดบันทึก, การุณยฆาตสัตว์",MODIFIED,แทนที่คำนิยาม placeholder ภาษาอังกฤษ
2723,ox_put_forward,put forward,verb,phrasal verb,a phrasal verb meaning to put forward,"to propose an idea, suggestion, or nomination for consideration",เสนอแนวคิด / เสนอชื่อ,"เสนอแนะแนวคิด, เสนอชื่อเข้าชิง",MODIFIED,แทนที่คำนิยาม placeholder ภาษาอังกฤษ
2724,ox_put_in,put in,verb,phrasal verb,a phrasal verb meaning to put in,to spend time or effort doing something; to submit a formal request,ทุ่มเทเวลา / ยื่นคำร้อง,"ทุ่มเทเวลาและแรงกาย, ยื่นคำร้องขอ",MODIFIED,แทนที่คำนิยาม placeholder ภาษาอังกฤษ
2725,ox_put_off,put off,verb,phrasal verb,a phrasal verb meaning to put off,to delay or postpone an event; to cause someone to dislike something,เลื่อนออกไป / ทำให้หมดอารมณ์หรือรังเกียจ,"เลื่อนเวลาออกไป, ทำให้หมดอารมณ์/รู้สึกรังเกียจ",MODIFIED,แทนที่คำนิยาม placeholder ภาษาอังกฤษ
2726,ox_put_on,put on,verb,phrasal verb,a phrasal verb meaning to put on,to dress in clothes; to switch on equipment; to pretend or feign,สวมใส่เสื้อผ้า / เปิด (เพลง/ไฟ) / แกล้งทำ,"สวมใส่เสื้อผ้า, เปิดสวิตช์เครื่องใช้ไฟฟ้า, เสแสร้งแกล้งทำ",MODIFIED,แทนที่คำนิยาม placeholder ภาษาอังกฤษ
2727,ox_put_out,put out,verb,phrasal verb,a phrasal verb meaning to put out,to extinguish a fire or cigarette; to cause inconvenience to someone,ดับ (ไฟ/บุหรี่) / สร้างความไม่สะดวกให้คนอื่น,"ดับไฟ/ดับบุหรี่, สร้างความยุ่งยากให้ผู้อื่น",MODIFIED,แทนที่คำนิยาม placeholder ภาษาอังกฤษ
2728,ox_put_through,put through,verb,phrasal verb,a phrasal verb meaning to put through,to connect someone on the phone; to pay for someone's education,โอนสายโทรศัพท์ให้ / ส่งเสียให้เรียน,"ต่อสายโทรศัพท์ให้, ส่งเสียให้เล่าเรียน",MODIFIED,แทนที่คำนิยาม placeholder ภาษาอังกฤษ
2729,ox_put_together,put together,verb,phrasal verb,a phrasal verb meaning to put together,to assemble components into a whole; to organize and compile facts,ประกอบชิ้นส่วน / รวบรวมข้อมูล,"ประกอบชิ้นส่วนเข้าด้วยกัน, รวบรวมข้อมูลจัดทำ",MODIFIED,แทนที่คำนิยาม placeholder ภาษาอังกฤษ
2730,ox_put_up,put up,verb,phrasal verb,a phrasal verb meaning to put up,to display a notice; to build a structure; to accommodate a guest,ติดป้ายประกาศ / สร้าง / ให้ที่พักอาศัย,"ติดป้ายประกาศ, ก่อสร้าง, ให้ที่พักพิงชั่วคราว",MODIFIED,แทนที่คำนิยาม placeholder ภาษาอังกฤษ
2731,ox_put_up_with,put up with,verb,phrasal verb,a phrasal verb meaning to put up with,to tolerate or endure an unpleasant situation or person,อดทนกับ / ทนรับสภาพ,"อดทนทนทานกับ, ยอมทนรับสภาพ",MODIFIED,แทนที่คำนิยาม placeholder ภาษาอังกฤษ
2732,ox_qualification,qualification,noun,noun,"A pass of an examination or an official completion of a course, especially one conferring status as a recognized practitioner of a profession or activity","A pass of an examination or an official completion of a course, especially one conferring status as a recognized practitioner of a profession or activity",คุณสมบัติ,คุณสมบัติ,CORRECT,ถูกต้องตามหลักไวยากรณ์และความหมาย
2733,ox_qualified,qualified,adjective,adjective,Officially recognized as being trained to perform a particular job; certified,Officially recognized as being trained to perform a particular job; certified,ผ่านการรับรอง,ผ่านการรับรอง,CORRECT,ถูกต้องตามหลักไวยากรณ์และความหมาย
2734,ox_quality,quality,noun,noun,The standard of something as measured against other things of a similar kind; the degree of excellence of something,The standard of something as measured against other things of a similar kind; the degree of excellence of something,คุณภาพ,คุณภาพ,CORRECT,ถูกต้องตามหลักไวยากรณ์และความหมาย
2735,ox_quantity,quantity,noun,noun,The amount or number of a material or immaterial thing not usually estimated by spatial measurement,The amount or number of a material or immaterial thing not usually estimated by spatial measurement,ปริมาณ,ปริมาณ,CORRECT,ถูกต้องตามหลักไวยากรณ์และความหมาย
2736,ox_quarter,quarter,noun,noun,Each of four equal or corresponding parts into which something is or can be divided,Each of four equal or corresponding parts into which something is or can be divided,หนึ่งในสี่,หนึ่งในสี่,CORRECT,ถูกต้องตามหลักไวยากรณ์และความหมาย
2737,ox_queen,queen,noun,noun,"The female ruler of an independent state, especially one who inherits the position by right of birth","The female ruler of an independent state, especially one who inherits the position by right of birth",ราชินี,ราชินี,CORRECT,ถูกต้องตามหลักไวยากรณ์และความหมาย
2738,ox_question,question,noun,noun,A sentence worded or expressed so as to elicit information,A sentence worded or expressed so as to elicit information,คำถาม,คำถาม,CORRECT,ถูกต้องตามหลักไวยากรณ์และความหมาย
2739,ox_quick,quick,adjective,adjective,Moving fast or doing something in a short time,Moving fast or doing something in a short time,เร็ว,เร็ว,CORRECT,ถูกต้องตามหลักไวยากรณ์และความหมาย
2740,ox_quickly,quickly,adverb,adverb,At a fast speed; rapidly,At a fast speed; rapidly,อย่างรวดเร็ว,อย่างรวดเร็ว,CORRECT,ถูกต้องตามหลักไวยากรณ์และความหมาย
2741,ox_quiet,quiet,adjective,adjective,Making little or no noise,Making little or no noise,เงียบ,เงียบ,CORRECT,ถูกต้องตามหลักไวยากรณ์และความหมาย
2742,ox_quietly,quietly,adverb,adverb,In a quiet manner,In a quiet manner,อย่างเงียบ ๆ,อย่างเงียบ ๆ,CORRECT,ถูกต้องตามหลักไวยากรณ์และความหมาย
2743,ox_quit,quit,verb,verb,"Leave (a place), usually permanently","Leave (a place), usually permanently",ล้มเลิก,ล้มเลิก,CORRECT,ถูกต้องตามหลักไวยากรณ์และความหมาย
2744,ox_quite,quite,adverb,adverb,To the utmost or most absolute extent or degree; absolutely; completely,To the utmost or most absolute extent or degree; absolutely; completely,ค่อนข้าง,ค่อนข้าง,CORRECT,ถูกต้องตามหลักไวยากรณ์และความหมาย
2745,ox_quote,quote,verb,verb,"Repeat or copy out (a group of words from a text or speech), typically with an indication that one is not the original author or speaker","Repeat or copy out (a group of words from a text or speech), typically with an indication that one is not the original author or speaker",อ้าง,อ้าง,CORRECT,ถูกต้องตามหลักไวยากรณ์และความหมาย
2746,ox_race,race,noun,noun,"A competition between runners, horses, vehicles, boats, etc., to see which is the fastest in covering a set course","A competition between runners, horses, vehicles, boats, etc., to see which is the fastest in covering a set course",แข่ง,แข่ง,CORRECT,ถูกต้องตามหลักไวยากรณ์และความหมาย
2747,ox_racing,racing,noun,noun,"A competition between runners, horses, vehicles, boats, etc., to see which is the fastest in covering a set course","A competition between runners, horses, vehicles, boats, etc., to see which is the fastest in covering a set course",การแข่งรถ,การแข่งรถ,CORRECT,ถูกต้องตามหลักไวยากรณ์และความหมาย
2748,ox_radio,radio,noun,noun,"The transmission and reception of electromagnetic waves of radio frequency, especially those carrying sound messages","The transmission and reception of electromagnetic waves of radio frequency, especially those carrying sound messages",วิทยุ,วิทยุ,CORRECT,ถูกต้องตามหลักไวยากรณ์และความหมาย
2749,ox_rail,rail,noun,noun,"A bar or series of bars, typically fixed on upright supports, serving as part of a fence or barrier or used to hang things on","A bar or series of bars, typically fixed on upright supports, serving as part of a fence or barrier or used to hang things on",ทางรถไฟ,ทางรถไฟ,CORRECT,ถูกต้องตามหลักไวยากรณ์และความหมาย
2750,ox_railroad,railroad,noun,noun,A track or set of tracks made of steel rails along which passenger and freight trains run,A track or set of tracks made of steel rails along which passenger and freight trains run,ทางรถไฟ,ทางรถไฟ,CORRECT,ถูกต้องตามหลักไวยากรณ์และความหมาย
2751,ox_railway,railway,noun,noun,A track made of steel rails along which trains run; a railway,A track made of steel rails along which trains run; a railway,ทางรถไฟ,ทางรถไฟ,CORRECT,ถูกต้องตามหลักไวยากรณ์และความหมาย
2752,ox_rain,rain,noun,noun,Moisture condensed from the atmosphere that falls visibly in separate drops,Moisture condensed from the atmosphere that falls visibly in separate drops,ฝน,ฝน,CORRECT,ถูกต้องตามหลักไวยากรณ์และความหมาย
2753,ox_raise,raise,verb,verb,Lift or move to a higher position or level,to lift or move to a higher position; to bring up children; to increase,ยก,"ยกขึ้น, ชูขึ้น, เลี้ยงดู, เพิ่ม (เงินเดือน/ราคา)",MODIFIED,"ขยายคำแปลไทยจาก ""ยก"" ให้ครอบคลุมการใช้งานทั่วไป"
2754,ox_range,range,noun,noun,The area of variation between upper and lower limits on a particular scale,The area of variation between upper and lower limits on a particular scale,พิสัย,พิสัย,CORRECT,ถูกต้องตามหลักไวยากรณ์และความหมาย
2755,ox_rank,rank,noun,noun,A position in the hierarchy of the armed forces,A position in the hierarchy of the armed forces,อันดับ,อันดับ,CORRECT,ถูกต้องตามหลักไวยากรณ์และความหมาย
2756,ox_rapid,rapid,adjective,adjective,Happening in a short time or at a great rate,Happening in a short time or at a great rate,รวดเร็ว,รวดเร็ว,CORRECT,ถูกต้องตามหลักไวยากรณ์และความหมาย
2757,ox_rapidly,rapidly,adverb,adverb,Very quickly; at a great rate,Very quickly; at a great rate,อย่างรวดเร็ว,อย่างรวดเร็ว,CORRECT,ถูกต้องตามหลักไวยากรณ์และความหมาย
2758,ox_rare,rare,adjective,adjective,Not occurring very often,Not occurring very often,หายาก,หายาก,CORRECT,ถูกต้องตามหลักไวยากรณ์และความหมาย
2759,ox_rarely,rarely,adverb,adverb,Not often; seldom,Not often; seldom,นานๆ ครั้ง,นานๆ ครั้ง,CORRECT,ถูกต้องตามหลักไวยากรณ์และความหมาย
2760,ox_rate,rate,noun,noun,"A measure, quantity, or frequency, typically one measured against some other quantity or measure","A measure, quantity, or frequency, typically one measured against some other quantity or measure",ประเมิน,ประเมิน,CORRECT,ถูกต้องตามหลักไวยากรณ์และความหมาย
2761,ox_rather,rather,adverb,adverb,Used to indicate one's preference in a particular matter,Used to indicate one's preference in a particular matter,ค่อนข้าง,ค่อนข้าง,CORRECT,ถูกต้องตามหลักไวยากรณ์และความหมาย
2762,ox_raw,raw,adjective,adjective,Uncooked; in its natural state; not processed,Uncooked; in its natural state; not processed,ดิบ,ดิบ,CORRECT,ถูกต้องตามหลักไวยากรณ์และความหมาย
2763,ox_re_,re-,other,other,"a prefix meaning ""again"", as in rewrite or reopen","a prefix meaning ""again"", as in rewrite or reopen",อีกครั้ง-,อีกครั้ง-,CORRECT,ถูกต้องตามหลักไวยากรณ์และความหมาย
2764,ox_reach,reach,verb,verb,Arrive at; get as far as,Arrive at; get as far as,เข้าถึง,เข้าถึง,CORRECT,ถูกต้องตามหลักไวยากรณ์และความหมาย
2765,ox_react,react,verb,verb,Respond or behave in a particular way in response to something,Respond or behave in a particular way in response to something,ตอบสนอง,ตอบสนอง,CORRECT,ถูกต้องตามหลักไวยากรณ์และความหมาย
2766,ox_reaction,reaction,noun,noun,An action performed or a feeling experienced in response to a situation or event,An action performed or a feeling experienced in response to a situation or event,ปฏิกิริยา,ปฏิกิริยา,CORRECT,ถูกต้องตามหลักไวยากรณ์และความหมาย
2767,ox_read,read,verb,verb,Look at and comprehend the meaning of (written or printed matter) by mentally interpreting the characters or symbols of which it is composed,Look at and comprehend the meaning of (written or printed matter) by mentally interpreting the characters or symbols of which it is composed,อ่าน,อ่าน,CORRECT,ถูกต้องตามหลักไวยากรณ์และความหมาย
2768,ox_reader,reader,noun,noun,A person who reads or who is fond of reading,A person who reads or who is fond of reading,ผู้อ่าน,ผู้อ่าน,CORRECT,ถูกต้องตามหลักไวยากรณ์และความหมาย
2769,ox_reading,reading,noun,noun,The action or skill of reading written or printed matter silently or aloud,The action or skill of reading written or printed matter silently or aloud,การอ่าน,การอ่าน,CORRECT,ถูกต้องตามหลักไวยากรณ์และความหมาย
2770,ox_read_out,read out,verb,phrasal verb,a phrasal verb meaning to read out,to read written words aloud so that everyone can hear,อ่านออก,อ่านออกเสียงดังให้ผู้อื่นฟัง,MODIFIED,"แก้ไขคำแปลไทยจาก ""อ่านออก"" เป็น ""อ่านออกเสียงดังให้ผู้อื่นฟัง"""
2771,ox_read_over,read over,verb,phrasal verb,a phrasal verb meaning to read over,to read something carefully from beginning to end to check for errors,อ่านจบ,อ่านทบทวนตรวจทานอย่างละเอียด,MODIFIED,"แก้ไขคำแปลไทยจาก ""อ่านจบ"" เป็น ""อ่านทบทวนตรวจทานอย่างละเอียด"""
2772,ox_ready,ready,adjective,adjective,"In a suitable state for an activity, action, or situation; fully prepared","In a suitable state for an activity, action, or situation; fully prepared",พร้อม,พร้อม,CORRECT,ถูกต้องตามหลักไวยากรณ์และความหมาย
2773,ox_real,real,adjective,adjective,Actually existing as a thing or occurring in fact; not imagined or supposed,Actually existing as a thing or occurring in fact; not imagined or supposed,จริง,จริง,CORRECT,ถูกต้องตามหลักไวยากรณ์และความหมาย
2774,ox_realistic,realistic,adjective,adjective,Having or showing a sensible and practical idea of what can be achieved or expected,Having or showing a sensible and practical idea of what can be achieved or expected,เหมือนจริง,เหมือนจริง,CORRECT,ถูกต้องตามหลักไวยากรณ์และความหมาย
2775,ox_reality,reality,noun,noun,"The state of things as they actually exist, as opposed to an idealistic or notional idea of them","The state of things as they actually exist, as opposed to an idealistic or notional idea of them",ความเป็นจริง,ความเป็นจริง,CORRECT,ถูกต้องตามหลักไวยากรณ์และความหมาย
2776,ox_realize,realize,verb,verb,Become fully aware of (something) as a fact; understand clearly,Become fully aware of (something) as a fact; understand clearly,ตระหนัก,ตระหนัก,CORRECT,ถูกต้องตามหลักไวยากรณ์และความหมาย
2777,ox_really,really,adverb,adverb,"In actual fact, as opposed to what is said or imagined to be true or possible","In actual fact, as opposed to what is said or imagined to be true or possible",จริงๆ / อย่างแท้จริง,จริงๆ / อย่างแท้จริง,CORRECT,ถูกต้องตามหลักไวยากรณ์และความหมาย
2778,ox_rear,rear,noun,noun,the back part of something,the back part of something,หลัง,หลัง,CORRECT,ถูกต้องตามหลักไวยากรณ์และความหมาย
2779,ox_reason,reason,noun,noun,"A cause, explanation, or justification for an action or event","A cause, explanation, or justification for an action or event",เหตุผล,เหตุผล,CORRECT,ถูกต้องตามหลักไวยากรณ์และความหมาย
2780,ox_reasonable,reasonable,adjective,adjective,Having sound judgment; fair and sensible,Having sound judgment; fair and sensible,มีเหตุผล,มีเหตุผล,CORRECT,ถูกต้องตามหลักไวยากรณ์และความหมาย
2781,ox_reasonably,reasonably,adverb,adverb,In a fair and sensible way,In a fair and sensible way,สมเหตุสมผล,สมเหตุสมผล,CORRECT,ถูกต้องตามหลักไวยากรณ์และความหมาย
2782,ox_recall,recall,verb,verb,"Bring (a fact, event, or situation) back into one's mind; remember",to bring a fact or memory back into one's mind; to officially call back products,จำ,"จำได้, ระลึกได้, เรียกคืน (สินค้าชำรุด)",MODIFIED,"ขยายคำแปลไทยจาก ""จำ"" เป็น ""จำได้, ระลึกได้, เรียกคืนสินค้า"""
2783,ox_receipt,receipt,noun,noun,a printed document showing that money or goods were received,a printed document showing that money or goods were received,ใบเสร็จ,ใบเสร็จ,CORRECT,ถูกต้องตามหลักไวยากรณ์และความหมาย
2784,ox_receive,receive,verb,verb,"Be given, presented with, or paid (something)","Be given, presented with, or paid (something)",รับ,รับ,CORRECT,ถูกต้องตามหลักไวยากรณ์และความหมาย
2785,ox_recent,recent,adjective,adjective,"Having happened, begun, or been done not long ago; belonging to a past period comparatively close to the present","Having happened, begun, or been done not long ago; belonging to a past period comparatively close to the present",ล่าสุด,ล่าสุด,CORRECT,ถูกต้องตามหลักไวยากรณ์และความหมาย
2786,ox_recently,recently,adverb,adverb,At a recent time; not long ago,At a recent time; not long ago,เมื่อเร็วๆ นี้ / ไม่นานมานี้,เมื่อเร็วๆ นี้ / ไม่นานมานี้,CORRECT,ถูกต้องตามหลักไวยากรณ์และความหมาย
2787,ox_reception,reception,noun,noun,"the welcoming or receiving of a person, or a formal party","the welcoming or receiving of a person, or a formal party",แผนกต้อนรับ,แผนกต้อนรับ,CORRECT,ถูกต้องตามหลักไวยากรณ์และความหมาย
2788,ox_reckon,reckon,verb,verb,to think or believe something; to calculate,to think or believe something; to calculate,นับ,นับ,CORRECT,ถูกต้องตามหลักไวยากรณ์และความหมาย
2789,ox_reckon_on,reckon on,verb,phrasal verb,a phrasal verb meaning to reckon on,to count or rely on something happening; to expect,คำนึงถึง,"คาดหมายไว้ล่วงหน้า, หวังพึ่ง",MODIFIED,แทนที่คำนิยาม placeholder ภาษาอังกฤษ
2790,ox_recognition,recognition,noun,noun,"The action or process of recognizing or being recognized, in particular","The action or process of recognizing or being recognized, in particular",การยอมรับ,การยอมรับ,CORRECT,ถูกต้องตามหลักไวยากรณ์และความหมาย
2791,ox_recognize,recognize,verb,verb,Identify (someone or something) from having encountered them before; know again,Identify (someone or something) from having encountered them before; know again,จำได้,จำได้,CORRECT,ถูกต้องตามหลักไวยากรณ์และความหมาย
2792,ox_recommend,recommend,verb,verb,Put forward (someone or something) with approval as being suitable for a particular purpose or role,Put forward (someone or something) with approval as being suitable for a particular purpose or role,แนะนำ,แนะนำ,CORRECT,ถูกต้องตามหลักไวยากรณ์และความหมาย
2793,ox_record,record,noun,noun,"A thing constituting a piece of evidence about the past, especially an account kept in writing or some other permanent form","A thing constituting a piece of evidence about the past, especially an account kept in writing or some other permanent form",บันทึก,บันทึก,CORRECT,ถูกต้องตามหลักไวยากรณ์และความหมาย
2794,ox_recording,recording,noun,noun,The action or process of recording sound or a performance for subsequent reproduction or broadcast,The action or process of recording sound or a performance for subsequent reproduction or broadcast,การบันทึก,การบันทึก,CORRECT,ถูกต้องตามหลักไวยากรณ์และความหมาย
2795,ox_recover,recover,verb,verb,"Return to a normal state of health, mind, or strength","Return to a normal state of health, mind, or strength",ฟื้นตัว,ฟื้นตัว,CORRECT,ถูกต้องตามหลักไวยากรณ์และความหมาย
2796,ox_red,red,adjective,adjective,having the colour of blood or fire,having the colour of blood or fire,สีแดง,สีแดง,CORRECT,ถูกต้องตามหลักไวยากรณ์และความหมาย
2797,ox_reduce,reduce,verb,verb,"Make smaller or less in amount, degree, or size","to make smaller or less in amount, degree, or size",ลด,"ลดลง, ทำให้น้อยลง, ปรับลด",MODIFIED,"ขยายคำแปลไทยจาก ""ลด"" เป็น ""ลดลง, ทำให้น้อยลง"""
2798,ox_reduction,reduction,noun,noun,"The action or fact of making something smaller or less in amount, degree, or size","The action or fact of making something smaller or less in amount, degree, or size",การลดน้อยลง,การลดน้อยลง,CORRECT,ถูกต้องตามหลักไวยากรณ์และความหมาย
2799,ox_refer,refer,verb,verb,Mention or allude to,Mention or allude to,อ้างอิง,อ้างอิง,CORRECT,ถูกต้องตามหลักไวยากรณ์และความหมาย
2800,ox_reference,reference,noun,noun,The use of a source of information in order to ascertain something,The use of a source of information in order to ascertain something,อ้างอิง,อ้างอิง,CORRECT,ถูกต้องตามหลักไวยากรณ์และความหมาย
2801,ox_refer_to,refer to,verb,phrasal verb,a phrasal verb meaning to refer to,"to mention, consult, or describe someone or something",อ้างถึง,"อ้างอิงถึง, พาดพิงถึง, เปิดดูข้อมูล",MODIFIED,แทนที่คำนิยาม placeholder ภาษาอังกฤษ
2802,ox_reflect,reflect,verb,verb,"Throw back (heat, light, or sound) without absorbing it","Throw back (heat, light, or sound) without absorbing it",สะท้อน,สะท้อน,CORRECT,ถูกต้องตามหลักไวยากรณ์และความหมาย
2803,ox_reform,reform,verb,verb,"Make changes in (something, typically a social, political, or economic institution or practice) in order to improve it","Make changes in (something, typically a social, political, or economic institution or practice) in order to improve it",ปฏิรูป,ปฏิรูป,CORRECT,ถูกต้องตามหลักไวยากรณ์และความหมาย
2804,ox_refrigerator,refrigerator,noun,noun,An appliance or compartment that is artificially kept cool and used to store food and drink,An appliance or compartment that is artificially kept cool and used to store food and drink,ตู้เย็น,ตู้เย็น,CORRECT,ถูกต้องตามหลักไวยากรณ์และความหมาย
2805,ox_refusal,refusal,noun,noun,the act of saying no to something,the act of saying no to something,การปฏิเสธ,การปฏิเสธ,CORRECT,ถูกต้องตามหลักไวยากรณ์และความหมาย
2806,ox_refuse_1,refuse 1,verb,verb,"to say that you will not do, give, or accept something","to state that one is unwilling to accept, give, or grant something",ปฏิเสธ / ของเสีย,"ปฏิเสธ, ไม่ยินยอม",MODIFIED,แยกแยะกริยาปฏิเสธให้ชัดเจน
2807,ox_regard,regard,verb,verb,Consider or think of (someone or something) in a specified way,Consider or think of (someone or something) in a specified way,คำนึงถึง,คำนึงถึง,CORRECT,ถูกต้องตามหลักไวยากรณ์และความหมาย
2808,ox_regarding,regarding,preposition,preposition,With respect to; concerning,With respect to; concerning,เกี่ยวกับ,เกี่ยวกับ,CORRECT,ถูกต้องตามหลักไวยากรณ์และความหมาย
2809,ox_region,region,noun,noun,"An area, especially part of a country or the world having definable characteristics but not always fixed boundaries","An area, especially part of a country or the world having definable characteristics but not always fixed boundaries",ภูมิภาค,ภูมิภาค,CORRECT,ถูกต้องตามหลักไวยากรณ์และความหมาย
2810,ox_regional,regional,adjective,adjective,Relating to or characteristic of a region,Relating to or characteristic of a region,ในระดับภูมิภาค,ในระดับภูมิภาค,CORRECT,ถูกต้องตามหลักไวยากรณ์และความหมาย
2811,ox_register,register,verb,verb,Enter or record on an official list or directory,Enter or record on an official list or directory,ลงทะเบียน,ลงทะเบียน,CORRECT,ถูกต้องตามหลักไวยากรณ์และความหมาย
2812,ox_regret,regret,verb,verb,"Feel sad, repentant, or disappointed over (something that one has done or failed to do)","Feel sad, repentant, or disappointed over (something that one has done or failed to do)",เสียใจ,เสียใจ,CORRECT,ถูกต้องตามหลักไวยากรณ์และความหมาย
2813,ox_regular,regular,adjective,adjective,"Arranged in or constituting a constant or definite pattern, especially with the same space between individual instances","Arranged in or constituting a constant or definite pattern, especially with the same space between individual instances",ปกติ,ปกติ,CORRECT,ถูกต้องตามหลักไวยากรณ์และความหมาย
2814,ox_regularly,regularly,adverb,adverb,"With a constant or definite pattern, especially with the same space between individual instances","With a constant or definite pattern, especially with the same space between individual instances",เป็นประจำ,เป็นประจำ,CORRECT,ถูกต้องตามหลักไวยากรณ์และความหมาย
2815,ox_regulation,regulation,noun,noun,A rule or directive made and maintained by an authority,A rule or directive made and maintained by an authority,ระเบียบข้อบังคับ,ระเบียบข้อบังคับ,CORRECT,ถูกต้องตามหลักไวยากรณ์และความหมาย
2816,ox_reject,reject,verb,verb,"Dismiss as inadequate, inappropriate, or not to one's taste","Dismiss as inadequate, inappropriate, or not to one's taste",ปฏิเสธ,ปฏิเสธ,CORRECT,ถูกต้องตามหลักไวยากรณ์และความหมาย
2817,ox_relate,relate,verb,verb,Make or show a connection between,Make or show a connection between,เกี่ยวข้อง,เกี่ยวข้อง,CORRECT,ถูกต้องตามหลักไวยากรณ์และความหมาย
2818,ox_related,related,adjective,adjective,"Belonging to the same group, connected","Belonging to the same group, connected",ที่เกี่ยวข้อง,ที่เกี่ยวข้อง,CORRECT,ถูกต้องตามหลักไวยากรณ์และความหมาย
2819,ox_relate_to,relate to,verb,phrasal verb,a phrasal verb meaning to relate to,to be connected with; to understand and sympathize with someone,เกี่ยวข้องกับ,"เชื่อมโยงเกี่ยวข้องกับ, เข้าใจความรู้สึกของคนอื่น",MODIFIED,แทนที่คำนิยาม placeholder ภาษาอังกฤษ
2820,ox_relation,relation,noun,noun,The way in which two or more people or things are connected,The way in which two or more people or things are connected,ความสัมพันธ์,ความสัมพันธ์,CORRECT,ถูกต้องตามหลักไวยากรณ์และความหมาย
2821,ox_relationship,relationship,noun,noun,"The way in which two or more people or things are connected, or the state of being connected","The way in which two or more people or things are connected, or the state of being connected",ความสัมพันธ์,ความสัมพันธ์,CORRECT,ถูกต้องตามหลักไวยากรณ์และความหมาย
2822,ox_relative,relative,adjective,adjective,Considered in relation or in proportion to something else,Considered in relation or in proportion to something else,ญาติ,ญาติ,CORRECT,ถูกต้องตามหลักไวยากรณ์และความหมาย
2823,ox_relatively,relatively,adverb,adverb,"In relation, comparison, or proportion to something else","In relation, comparison, or proportion to something else",ค่อนข้าง,ค่อนข้าง,CORRECT,ถูกต้องตามหลักไวยากรณ์และความหมาย
2824,ox_relax,relax,verb,verb,Make or become less tense or anxious,Make or become less tense or anxious,ผ่อนคลาย,ผ่อนคลาย,CORRECT,ถูกต้องตามหลักไวยากรณ์และความหมาย
2825,ox_relaxed,relaxed,adjective,adjective,Free from tension and anxiety; at ease,Free from tension and anxiety; at ease,ผ่อนคลาย,ผ่อนคลาย,CORRECT,ถูกต้องตามหลักไวยากรณ์และความหมาย
2826,ox_relaxing,relaxing,adjective,adjective,Serving to relax or ease tension,Serving to relax or ease tension,ผ่อนคลาย,ผ่อนคลาย,CORRECT,ถูกต้องตามหลักไวยากรณ์และความหมาย
2827,ox_release,release,verb,verb,Allow or enable to escape from confinement; set free,Allow or enable to escape from confinement; set free,ปล่อย,ปล่อย,CORRECT,ถูกต้องตามหลักไวยากรณ์และความหมาย
2828,ox_relevant,relevant,adjective,adjective,Closely connected or appropriate to what is being done or considered,Closely connected or appropriate to what is being done or considered,ที่เกี่ยวข้อง,ที่เกี่ยวข้อง,CORRECT,ถูกต้องตามหลักไวยากรณ์และความหมาย
2829,ox_relief,relief,noun,noun,A feeling of reassurance and relaxation following release from anxiety or distress,A feeling of reassurance and relaxation following release from anxiety or distress,การบรรเทา,การบรรเทา,CORRECT,ถูกต้องตามหลักไวยากรณ์และความหมาย
2830,ox_religion,religion,noun,noun,"The belief in and worship of a superhuman controlling power, especially a personal God or gods","The belief in and worship of a superhuman controlling power, especially a personal God or gods",ศาสนา,ศาสนา,CORRECT,ถูกต้องตามหลักไวยากรณ์และความหมาย
2831,ox_religious,religious,adjective,adjective,Relating to or believing in a religion,Relating to or believing in a religion,เคร่งศาสนา,เคร่งศาสนา,CORRECT,ถูกต้องตามหลักไวยากรณ์และความหมาย
2832,ox_rely,rely,verb,verb,Depend on with full trust or confidence,Depend on with full trust or confidence,พึ่งพา,พึ่งพา,CORRECT,ถูกต้องตามหลักไวยากรณ์และความหมาย
2833,ox_rely_on,rely on,noun,phrasal verb,To depend on or trust someone or something,to depend on with confidence; to trust someone completely,พึ่งพา,"พึ่งพาอาศัย, ไว้วางใจเชื่อมั่นใน",MODIFIED,แก้ไขชนิดของคำ POS จาก noun เป็น phrasal verb
2834,ox_remain,remain,verb,verb,"Continue to exist, especially after other similar or related people or things have ceased to exist","Continue to exist, especially after other similar or related people or things have ceased to exist",ยังคง,ยังคง,CORRECT,ถูกต้องตามหลักไวยากรณ์และความหมาย
2835,ox_remaining,remaining,adjective,adjective,"Still existing, present, or in use; surviving","Still existing, present, or in use; surviving",ที่เหลืออยู่,ที่เหลืออยู่,CORRECT,ถูกต้องตามหลักไวยากรณ์และความหมาย
2836,ox_remains,remains,noun,noun,"The parts left over after other parts have been removed, used, or destroyed","The parts left over after other parts have been removed, used, or destroyed",ยังคงอยู่,ยังคงอยู่,CORRECT,ถูกต้องตามหลักไวยากรณ์และความหมาย
2837,ox_remark,remark,noun,noun,Say something as a comment; mention,Say something as a comment; mention,หมายเหตุ,หมายเหตุ,CORRECT,ถูกต้องตามหลักไวยากรณ์และความหมาย
2838,ox_remarkable,remarkable,adjective,adjective,Worthy of attention; striking,Worthy of attention; striking,น่าทึ่ง,น่าทึ่ง,CORRECT,ถูกต้องตามหลักไวยากรณ์และความหมาย
2839,ox_remarkably,remarkably,adverb,adverb,in a way that is surprising or worthy of attention,in a way that is surprising or worthy of attention,อย่างน่าทึ่ง / โดดเด่น,อย่างน่าทึ่ง / โดดเด่น,CORRECT,ถูกต้องตามหลักไวยากรณ์และความหมาย
2840,ox_remember,remember,verb,verb,Have in or be able to bring to one's mind an awareness of (someone or something from the past),Have in or be able to bring to one's mind an awareness of (someone or something from the past),จดจำ,จดจำ,CORRECT,ถูกต้องตามหลักไวยากรณ์และความหมาย
2841,ox_remind,remind,verb,verb,Cause (someone) to remember someone or something,Cause (someone) to remember someone or something,เตือน,เตือน,CORRECT,ถูกต้องตามหลักไวยากรณ์และความหมาย
2842,ox_remind_of,remind of,noun,phrasal verb,Make someone think about someone or something,to cause someone to remember or think of someone or something else,เตือนถึง,"เตือนให้นึกถึง, ชวนให้นึกถึงความหลัง",MODIFIED,แก้ไขชนิดของคำ POS จาก noun เป็น phrasal verb
2843,ox_remote,remote,adjective,adjective,Situated far from the main centers of population; distant,Situated far from the main centers of population; distant,ระยะไกล,ระยะไกล,CORRECT,ถูกต้องตามหลักไวยากรณ์และความหมาย
2844,ox_removal,removal,noun,noun,The action of taking away or abolishing something unwanted,The action of taking away or abolishing something unwanted,การกำจัด,การกำจัด,CORRECT,ถูกต้องตามหลักไวยากรณ์และความหมาย
2845,ox_remove,remove,verb,verb,Take (something) away or off from the position occupied,to take something away or off from its place; to eliminate,ลบ,"เอาออก, กำจัด, ปลดออก, ถอดออก",MODIFIED,"แก้ไขคำแปลไทยจาก ""ลบ"" ให้ครอบคลุมความหมายทั่วไป (เอาออก, กำจัด, ถอดออก)"
2846,ox_rent,rent,verb,verb,"Pay someone for the use of (something, typically property, land, or a car)","Pay someone for the use of (something, typically property, land, or a car)",เช่า,เช่า,CORRECT,ถูกต้องตามหลักไวยากรณ์และความหมาย
2847,ox_rented,rented,adjective,adjective,Having been leased or let out for a period of time,Having been leased or let out for a period of time,เช่าแล้ว,เช่าแล้ว,CORRECT,ถูกต้องตามหลักไวยากรณ์และความหมาย
2848,ox_repair,repair,verb,verb,Fix or mend (a thing suffering from damage or a fault),Fix or mend (a thing suffering from damage or a fault),ซ่อมแซม,ซ่อมแซม,CORRECT,ถูกต้องตามหลักไวยากรณ์และความหมาย
2849,ox_repeat,repeat,verb,verb,Say again something one has already said,Say again something one has already said,ทำซ้ำ,ทำซ้ำ,CORRECT,ถูกต้องตามหลักไวยากรณ์และความหมาย
2850,ox_repeated,repeated,adjective,adjective,Done or occurring again several times in the same way,Done or occurring again several times in the same way,ซ้ำแล้วซ้ำเล่า,ซ้ำแล้วซ้ำเล่า,CORRECT,ถูกต้องตามหลักไวยากรณ์และความหมาย
2851,ox_repeatedly,repeatedly,adverb,adverb,Over and over again; constantly,Over and over again; constantly,ซ้ำแล้วซ้ำเล่า / บ่อยครั้ง,ซ้ำแล้วซ้ำเล่า / บ่อยครั้ง,CORRECT,ถูกต้องตามหลักไวยากรณ์และความหมาย
2852,ox_replace,replace,verb,verb,Take the place of,Take the place of,แทนที่,แทนที่,CORRECT,ถูกต้องตามหลักไวยากรณ์และความหมาย
2853,ox_reply,reply,verb,verb,Say something in response to something someone has said,Say something in response to something someone has said,ตอบ / ตอบกลับ,ตอบ / ตอบกลับ,CORRECT,ถูกต้องตามหลักไวยากรณ์และความหมาย
2854,ox_report,report,verb,verb,"Give a spoken or written account of something that one has observed, heard, done, or investigated","Give a spoken or written account of something that one has observed, heard, done, or investigated",รายงาน,รายงาน,CORRECT,ถูกต้องตามหลักไวยากรณ์และความหมาย
2855,ox_represent,represent,verb,verb,"Be entitled or appointed to act or speak for (someone), especially in an official capacity","Be entitled or appointed to act or speak for (someone), especially in an official capacity",แทน,แทน,CORRECT,ถูกต้องตามหลักไวยากรณ์และความหมาย
2856,ox_representative,representative,noun,noun,A person chosen or appointed to act or speak for another or others,A person chosen or appointed to act or speak for another or others,ตัวแทน,ตัวแทน,CORRECT,ถูกต้องตามหลักไวยากรณ์และความหมาย
2857,ox_reproduce,reproduce,verb,verb,Produce again; copy,Produce again; copy,ทำซ้ำ,ทำซ้ำ,CORRECT,ถูกต้องตามหลักไวยากรณ์และความหมาย
2858,ox_reputation,reputation,noun,noun,The beliefs or opinions that are generally held about someone or something,The beliefs or opinions that are generally held about someone or something,ชื่อเสียง,ชื่อเสียง,CORRECT,ถูกต้องตามหลักไวยากรณ์และความหมาย
2859,ox_request,request,noun,noun,An act of asking politely or formally for something,an act of asking politely or formally for something,ขอ,"คำขอร้อง, การร้องขอ, คำเรียกร้อง",MODIFIED,"แก้ไขคำแปลไทยจากคำกริยา ""ขอ"" ให้เป็นคำนาม (คำขอร้อง, การร้องขอ)"
2860,ox_requirement,requirement,noun,noun,A thing that is needed or wanted,A thing that is needed or wanted,ความต้องการ,ความต้องการ,CORRECT,ถูกต้องตามหลักไวยากรณ์และความหมาย
2861,ox_rescue,rescue,verb,verb,Save (someone) from a dangerous or distressing situation,Save (someone) from a dangerous or distressing situation,กู้ภัย,กู้ภัย,CORRECT,ถูกต้องตามหลักไวยากรณ์และความหมาย
2862,ox_research,research,noun,noun,The systematic investigation into and study of materials and sources in order to establish facts and reach new conclusions,The systematic investigation into and study of materials and sources in order to establish facts and reach new conclusions,วิจัย,วิจัย,CORRECT,ถูกต้องตามหลักไวยากรณ์และความหมาย
2863,ox_reservation,reservation,noun,noun,The action of reserving something,The action of reserving something,การจอง,การจอง,CORRECT,ถูกต้องตามหลักไวยากรณ์และความหมาย
2864,ox_reserve,reserve,verb,verb,to arrange for something to be kept for a particular person,to arrange for something to be kept for a particular person,จอง,จอง,CORRECT,ถูกต้องตามหลักไวยากรณ์และความหมาย
2865,ox_resident,resident,noun,noun,A person who lives somewhere permanently or on a long-term basis,A person who lives somewhere permanently or on a long-term basis,ถิ่นที่อยู่,ถิ่นที่อยู่,CORRECT,ถูกต้องตามหลักไวยากรณ์และความหมาย
2866,ox_resist,resist,verb,verb,Withstand the action or effect of,Withstand the action or effect of,ต้านทาน,ต้านทาน,CORRECT,ถูกต้องตามหลักไวยากรณ์และความหมาย
2867,ox_resistance,resistance,noun,noun,The refusal to accept or comply with something,The refusal to accept or comply with something,ความต้านทาน,ความต้านทาน,CORRECT,ถูกต้องตามหลักไวยากรณ์และความหมาย
2868,ox_resort,resort,noun,noun,"A place that is a popular destination for vacations or recreation, or which is frequented for a particular purpose","A place that is a popular destination for vacations or recreation, or which is frequented for a particular purpose",รีสอร์ท,รีสอร์ท,CORRECT,ถูกต้องตามหลักไวยากรณ์และความหมาย
2869,ox_resort_to,resort to,verb,phrasal verb,a phrasal verb meaning to resort to,to adopt an undesirable course of action in order to resolve a problem,รีสอร์ทเพื่อ,หันไปพึ่งใช้วิธี (มักเป็นทางออกสุดท้ายที่ไม่พึงประสงค์),MODIFIED,"แก้ไขคำแปลไทยผิดพลาดร้ายแรงจาก ""รีสอร์ทเพื่อ"" เป็น ""หันไปพึ่งใช้วิธี"""
2870,ox_resource,resource,noun,noun,A stock or supply of materials or assets that can be drawn on in order to function effectively,A stock or supply of materials or assets that can be drawn on in order to function effectively,ทรัพยากร,ทรัพยากร,CORRECT,ถูกต้องตามหลักไวยากรณ์และความหมาย
2871,ox_respect,respect,noun,noun,"A feeling of deep admiration for someone or something elicited by their abilities, qualities, or achievements","A feeling of deep admiration for someone or something elicited by their abilities, qualities, or achievements",เคารพ,เคารพ,CORRECT,ถูกต้องตามหลักไวยากรณ์และความหมาย
2872,ox_respond,respond,verb,verb,Say something in reply,Say something in reply,ตอบกลับ,ตอบกลับ,CORRECT,ถูกต้องตามหลักไวยากรณ์และความหมาย
2873,ox_response,response,noun,noun,A verbal or written answer,A verbal or written answer,การตอบสนอง,การตอบสนอง,CORRECT,ถูกต้องตามหลักไวยากรณ์และความหมาย
2874,ox_responsibility,responsibility,noun,noun,The state or fact of having a duty to deal with something or of having control over someone,The state or fact of having a duty to deal with something or of having control over someone,ความรับผิดชอบ,ความรับผิดชอบ,CORRECT,ถูกต้องตามหลักไวยากรณ์และความหมาย
2875,ox_responsible,responsible,adjective,adjective,"Having an obligation to do something, or having control over or care for someone, as part of one's job or role","Having an obligation to do something, or having control over or care for someone, as part of one's job or role",รับผิดชอบ,รับผิดชอบ,CORRECT,ถูกต้องตามหลักไวยากรณ์และความหมาย
2876,ox_rest,rest,verb,verb,"Cease work or movement in order to relax, refresh oneself, or recover strength","Cease work or movement in order to relax, refresh oneself, or recover strength",พักผ่อน,พักผ่อน,CORRECT,ถูกต้องตามหลักไวยากรณ์และความหมาย
2877,ox_restaurant,restaurant,noun,noun,A place where people pay to sit and eat meals that are cooked and served on the premises,A place where people pay to sit and eat meals that are cooked and served on the premises,ร้านอาหาร,ร้านอาหาร,CORRECT,ถูกต้องตามหลักไวยากรณ์และความหมาย
2878,ox_restore,restore,verb,verb,to bring something back to its former condition,to bring something back to its former condition,คืนค่า,คืนค่า,CORRECT,ถูกต้องตามหลักไวยากรณ์และความหมาย
2879,ox_restrict,restrict,verb,verb,to limit something,to limit something,จำกัด,จำกัด,CORRECT,ถูกต้องตามหลักไวยากรณ์และความหมาย
2880,ox_restricted,restricted,adjective,adjective,"limited in extent, scope, or availability","limited in extent, scope, or availability",ถูกจำกัด,ถูกจำกัด,CORRECT,ถูกต้องตามหลักไวยากรณ์และความหมาย
2881,ox_restriction,restriction,noun,noun,a rule that limits what people can do,a rule that limits what people can do,ข้อ จำกัด,ข้อ จำกัด,CORRECT,ถูกต้องตามหลักไวยากรณ์และความหมาย
2882,ox_result,result,noun,noun,"A consequence, effect, or outcome of something","A consequence, effect, or outcome of something",ผลลัพธ์,ผลลัพธ์,CORRECT,ถูกต้องตามหลักไวยากรณ์และความหมาย
2883,ox_result_in,result in,verb,phrasal verb,a phrasal verb meaning to result in,to cause or have a particular consequence or outcome,ส่งผลให้,"ส่งผลให้เกิด, มีผลลัพธ์เป็น",MODIFIED,แทนที่คำนิยาม placeholder ภาษาอังกฤษ
2884,ox_retain,retain,verb,verb,Continue to have (something); keep possession of,Continue to have (something); keep possession of,เก็บไว้,เก็บไว้,CORRECT,ถูกต้องตามหลักไวยากรณ์และความหมาย
2885,ox_retire,retire,verb,verb,"Leave one's job and cease to work, typically upon reaching the normal age for leaving employment","Leave one's job and cease to work, typically upon reaching the normal age for leaving employment",เกษียณอายุ,เกษียณอายุ,CORRECT,ถูกต้องตามหลักไวยากรณ์และความหมาย
2886,ox_retired,retired,verb,verb,"Leave one's job and cease to work, typically upon reaching the normal age for leaving employment","Leave one's job and cease to work, typically upon reaching the normal age for leaving employment",เกษียณแล้ว,เกษียณแล้ว,CORRECT,ถูกต้องตามหลักไวยากรณ์และความหมาย
2887,ox_retirement,retirement,noun,noun,"the act of leaving one’s job permanently, usually due to age","the act of leaving one’s job permanently, usually due to age",เกษียณอายุ,เกษียณอายุ,CORRECT,ถูกต้องตามหลักไวยากรณ์และความหมาย
2888,ox_return,return,verb,verb,Come or go back to a place or person,Come or go back to a place or person,กลับ,กลับ,CORRECT,ถูกต้องตามหลักไวยากรณ์และความหมาย
2889,ox_reveal,reveal,verb,verb,Make (previously unknown or secret information) known to others,Make (previously unknown or secret information) known to others,เปิดเผย,เปิดเผย,CORRECT,ถูกต้องตามหลักไวยากรณ์และความหมาย
2890,ox_reverse,reverse,verb,verb,"to move backward, or to change something to its opposite","to move backward, or to change something to its opposite",ย้อนกลับ,ย้อนกลับ,CORRECT,ถูกต้องตามหลักไวยากรณ์และความหมาย
2891,ox_review,review,noun,noun,A formal assessment or examination of something with the possibility or intention of instituting change if necessary,A formal assessment or examination of something with the possibility or intention of instituting change if necessary,ทบทวน,ทบทวน,CORRECT,ถูกต้องตามหลักไวยากรณ์และความหมาย
2892,ox_revise,revise,verb,verb,to change something to correct or improve it; to review before an exam,to change something to correct or improve it; to review before an exam,ปรับปรุงใหม่,ปรับปรุงใหม่,CORRECT,ถูกต้องตามหลักไวยากรณ์และความหมาย
2893,ox_revision,revision,noun,noun,the process of changing or reviewing something,the process of changing or reviewing something,การแก้ไข,การแก้ไข,CORRECT,ถูกต้องตามหลักไวยากรณ์และความหมาย
2894,ox_revolution,revolution,noun,noun,A forcible overthrow of a government or social order in favor of a new system,A forcible overthrow of a government or social order in favor of a new system,การปฎิวัติ,การปฎิวัติ,CORRECT,ถูกต้องตามหลักไวยากรณ์และความหมาย
2895,ox_reward,reward,noun,noun,"A thing given in recognition of one's service, effort, or achievement","A thing given in recognition of one's service, effort, or achievement",รางวัล,รางวัล,CORRECT,ถูกต้องตามหลักไวยากรณ์และความหมาย
2896,ox_rhythm,rhythm,noun,noun,"A strong, regular, repeated pattern of movement or sound","A strong, regular, repeated pattern of movement or sound",จังหวะ,จังหวะ,CORRECT,ถูกต้องตามหลักไวยากรณ์และความหมาย
2897,ox_rice,rice,noun,noun,"A swamp grass that is widely cultivated as a source of food, especially in Asia","A swamp grass that is widely cultivated as a source of food, especially in Asia",ข้าว,ข้าว,CORRECT,ถูกต้องตามหลักไวยากรณ์และความหมาย
2898,ox_rich,rich,adjective,adjective,Having a great deal of money or assets; wealthy,Having a great deal of money or assets; wealthy,รวย,รวย,CORRECT,ถูกต้องตามหลักไวยากรณ์และความหมาย
2899,ox_rid,rid,verb,verb,to make someone or something free of an unwanted thing,to make someone or something free of an unwanted thing,กำจัด,กำจัด,CORRECT,ถูกต้องตามหลักไวยากรณ์และความหมาย
2900,ox_ride,ride,verb,verb,"Sit on and control the movement of (an animal, typically a horse), especially as a recreation or sport","Sit on and control the movement of (an animal, typically a horse), especially as a recreation or sport",ขี่,ขี่,CORRECT,ถูกต้องตามหลักไวยากรณ์และความหมาย
2901,ox_rider,rider,noun,noun,"a person who rides a bicycle, motorcycle, or animal","a person who rides a bicycle, motorcycle, or animal",ผู้ขับขี่ / ผู้ขี่,ผู้ขับขี่ / ผู้ขี่,CORRECT,ถูกต้องตามหลักไวยากรณ์และความหมาย
2902,ox_ridiculous,ridiculous,adjective,adjective,deserving to be laughed at; very silly,deserving to be laughed at; very silly,น่าขัน / ไร้สาระสิ้นดี,น่าขัน / ไร้สาระสิ้นดี,CORRECT,ถูกต้องตามหลักไวยากรณ์และความหมาย
2903,ox_riding,riding,verb,noun,"Sit on and control the movement of (an animal, typically a horse), especially as a recreation or sport",the sport or activity of riding horses or cycling,ขี่,"การขี่ม้า, กีฬาขี่ม้า/การขับขี่",MODIFIED,แก้ไขชนิดของคำ POS จาก verb เป็น noun
2904,ox_right,right,adjective,adjective,"Morally good, justified, or acceptable","Morally good, justified, or acceptable",ขวา,ขวา,CORRECT,ถูกต้องตามหลักไวยากรณ์และความหมาย
2905,ox_rightly,rightly,adjective,adjective,"Morally good, justified, or acceptable","Morally good, justified, or acceptable",ถูกต้อง,ถูกต้อง,CORRECT,ถูกต้องตามหลักไวยากรณ์และความหมาย
2906,ox_ring_1,ring 1,noun,noun,a small circular piece of jewellery worn on the finger,a circular decorative band worn on a finger; a circular enclosure,แหวน (เครื่องประดับ) / วงแหวน,"แหวน (เครื่องประดับ), วงกลม/สังเวียน",MODIFIED,ตรวจสอบความถูกต้อง
2907,ox_ring_2,ring 2,verb,verb,"to make a clear ringing sound, or to telephone someone",to call someone by telephone; to make a clear resonant sound like a bell,โทรศัพท์หา / ส่งเสียงกริ่ง,"โทรศัพท์หา, ส่งเสียงกริ่งดังกังวาน",MODIFIED,ตรวจสอบความถูกต้อง
2908,ox_ring_back,ring back,verb,phrasal verb,a phrasal verb meaning to ring back,to telephone someone again or return a missed phone call,โทรกลับไปหา,โทรกลับไปหาผู้ติดต่อ,MODIFIED,แทนที่คำนิยาม placeholder ภาษาอังกฤษ
2909,ox_rise,rise,verb,verb,Move from a lower position to a higher one; come or go up,Move from a lower position to a higher one; come or go up,ลุกขึ้น,ลุกขึ้น,CORRECT,ถูกต้องตามหลักไวยากรณ์และความหมาย
2910,ox_risk,risk,noun,noun,A situation involving exposure to danger,A situation involving exposure to danger,เสี่ยง,เสี่ยง,CORRECT,ถูกต้องตามหลักไวยากรณ์และความหมาย
2911,ox_rival,rival,noun,noun,a person or group competing with another,a person or group competing with another,คู่แข่ง / คู่ปรับ,คู่แข่ง / คู่ปรับ,CORRECT,ถูกต้องตามหลักไวยากรณ์และความหมาย
2912,ox_river,river,noun,noun,"A large natural stream of water flowing in a channel to the sea, a lake, or another river","A large natural stream of water flowing in a channel to the sea, a lake, or another river",แม่น้ำ,แม่น้ำ,CORRECT,ถูกต้องตามหลักไวยากรณ์และความหมาย
2913,ox_road,road,noun,noun,"A wide way leading from one place to another, especially one with a specially prepared surface which vehicles can use","A wide way leading from one place to another, especially one with a specially prepared surface which vehicles can use",ถนน,ถนน,CORRECT,ถูกต้องตามหลักไวยากรณ์และความหมาย
2914,ox_rob,rob,verb,verb,to steal from a person or place,to steal from a person or place,ปล้น,ปล้น,CORRECT,ถูกต้องตามหลักไวยากรณ์และความหมาย
2915,ox_rock,rock,noun,noun,"The solid mineral material forming part of the surface of the earth and other similar planets, exposed on the surface or underlying the soil or oceans","The solid mineral material forming part of the surface of the earth and other similar planets, exposed on the surface or underlying the soil or oceans",หิน,หิน,CORRECT,ถูกต้องตามหลักไวยากรณ์และความหมาย
2916,ox_role,role,noun,noun,The function assumed or part played by a person or thing in a particular situation,The function assumed or part played by a person or thing in a particular situation,บทบาท,บทบาท,CORRECT,ถูกต้องตามหลักไวยากรณ์และความหมาย
2917,ox_roll,roll,verb,verb,Move or cause to move in a particular direction by turning over and over on an axis,Move or cause to move in a particular direction by turning over and over on an axis,ม้วน,ม้วน,CORRECT,ถูกต้องตามหลักไวยากรณ์และความหมาย
2918,ox_romantic,romantic,adjective,adjective,Conducive to or characterized by the expression of love,Conducive to or characterized by the expression of love,โรแมนติก,โรแมนติก,CORRECT,ถูกต้องตามหลักไวยากรณ์และความหมาย
2919,ox_roof,roof,noun,noun,The structure forming the upper covering of a building or vehicle,The structure forming the upper covering of a building or vehicle,หลังคา,หลังคา,CORRECT,ถูกต้องตามหลักไวยากรณ์และความหมาย
2920,ox_room,room,noun,noun,"A part or division of a building enclosed by walls, floor, and ceiling","A part or division of a building enclosed by walls, floor, and ceiling",ห้อง,ห้อง,CORRECT,ถูกต้องตามหลักไวยากรณ์และความหมาย
2921,ox_root,root,noun,noun,"The part of a plant which attaches it to the ground or to a support, typically underground, conveying water and nourishment to the rest of the plant via numerous branches and fibers","The part of a plant which attaches it to the ground or to a support, typically underground, conveying water and nourishment to the rest of the plant via numerous branches and fibers",ราก,ราก,CORRECT,ถูกต้องตามหลักไวยากรณ์และความหมาย
2922,ox_rope,rope,noun,noun,A length of strong cord made by twisting together strands of natural fibers such as hemp or artificial fibers such as polypropylene,A length of strong cord made by twisting together strands of natural fibers such as hemp or artificial fibers such as polypropylene,เชือก,เชือก,CORRECT,ถูกต้องตามหลักไวยากรณ์และความหมาย
2923,ox_rough,rough,adjective,adjective,Having an uneven or irregular surface; not smooth or level,Having an uneven or irregular surface; not smooth or level,ขรุขระ,ขรุขระ,CORRECT,ถูกต้องตามหลักไวยากรณ์และความหมาย
2924,ox_roughly,roughly,adverb,adverb,In a manner lacking gentleness; harshly or violently,In a manner lacking gentleness; harshly or violently,คร่าวๆ / หยาบๆ,คร่าวๆ / หยาบๆ,CORRECT,ถูกต้องตามหลักไวยากรณ์และความหมาย
2925,ox_round,round,adjective,adjective,Shaped like or approximately like a circle or cylinder,Shaped like or approximately like a circle or cylinder,กลม,กลม,CORRECT,ถูกต้องตามหลักไวยากรณ์และความหมาย
2926,ox_rounded,rounded,adjective,adjective,Shaped like or approximately like a circle or cylinder,Shaped like or approximately like a circle or cylinder,โค้งมน,โค้งมน,CORRECT,ถูกต้องตามหลักไวยากรณ์และความหมาย
2927,ox_route,route,noun,noun,A way or course taken in getting from a starting point to a destination,A way or course taken in getting from a starting point to a destination,เส้นทาง,เส้นทาง,CORRECT,ถูกต้องตามหลักไวยากรณ์และความหมาย
2928,ox_routine,routine,noun,noun,A sequence of actions regularly followed; a fixed program,A sequence of actions regularly followed; a fixed program,กิจวัตรประจำวัน,กิจวัตรประจำวัน,CORRECT,ถูกต้องตามหลักไวยากรณ์และความหมาย
2929,ox_row_1,row 1,noun,noun,a line of people or things arranged next to each other,a straight line of people or things arranged next to each other,แถว / แนวระเบียบ,"แถว, แนวระเบียบ",MODIFIED,ตรวจสอบความถูกต้อง
2930,ox_royal,royal,adjective,adjective,Having the status of a king or queen or a member of their family,Having the status of a king or queen or a member of their family,พระราช,พระราช,CORRECT,ถูกต้องตามหลักไวยากรณ์และความหมาย
2931,ox_rub,rub,verb,verb,Move one's hand or a cloth repeatedly back and forth on the surface of (something) with firm pressure,to apply firm friction back and forth onto a surface,ถู,"ถู, ขัด, นวด, เสียดสี",MODIFIED,"ขยายคำแปลไทยจาก ""ถู"" เป็น ""ถู, ขัด, นวด"""
2932,ox_rubber,rubber,noun,noun,"a strong elastic material, or an eraser (British English)","a strong elastic material, or an eraser (British English)",ยาง,ยาง,CORRECT,ถูกต้องตามหลักไวยากรณ์และความหมาย
2933,ox_rubbish,rubbish,noun,noun,Waste material; refuse or litter,Waste material; refuse or litter,ขยะ,ขยะ,CORRECT,ถูกต้องตามหลักไวยากรณ์และความหมาย
2934,ox_rude,rude,adjective,adjective,Offensively impolite or ill-mannered,Offensively impolite or ill-mannered,หยาบคาย,หยาบคาย,CORRECT,ถูกต้องตามหลักไวยากรณ์และความหมาย
2935,ox_rudely,rudely,adjective,adjective,Offensively impolite or ill-mannered,Offensively impolite or ill-mannered,หยาบคาย,หยาบคาย,CORRECT,ถูกต้องตามหลักไวยากรณ์และความหมาย
2936,ox_ruin,ruin,verb,verb,"Reduce (a building or place) to a state of decay, collapse, or disintegration","Reduce (a building or place) to a state of decay, collapse, or disintegration",ทำลาย,ทำลาย,CORRECT,ถูกต้องตามหลักไวยากรณ์และความหมาย
2937,ox_ruined,ruined,verb,verb,"Reduce (a building or place) to a state of decay, collapse, or disintegration","Reduce (a building or place) to a state of decay, collapse, or disintegration",พังทลาย / เสียหายยับเยิน,พังทลาย / เสียหายยับเยิน,CORRECT,ถูกต้องตามหลักไวยากรณ์และความหมาย
2938,ox_rule,rule,noun,noun,One of a set of explicit or understood regulations or principles governing conduct within a particular activity or sphere,an explicit principle or regulation governing conduct within an activity,กฎ,"กฎระเบียบ, ข้อบังคับ, กติกา",MODIFIED,"ขยายคำแปลไทยจาก ""กฎ"" เป็น ""กฎระเบียบ, ข้อบังคับ, กติกา"""
2939,ox_rule_out,rule out,verb,phrasal verb,a phrasal verb meaning to rule out,to exclude a possibility from consideration,ตัดออกจากการพิจารณา / กีดกัน,"ตัดทิ้งจากการพิจารณา, ตัดความเป็นไปได้ออก",MODIFIED,แทนที่คำนิยาม placeholder ภาษาอังกฤษ
2940,ox_ruler,ruler,noun,noun,A person exercising government or dominion,A person exercising government or dominion,ผู้ปกครอง / ไม้บรรทัด,ผู้ปกครอง / ไม้บรรทัด,CORRECT,ถูกต้องตามหลักไวยากรณ์และความหมาย
2941,ox_rumour,rumour,noun,noun,A currently circulating story or report of uncertain or doubtful truth,A currently circulating story or report of uncertain or doubtful truth,ข่าวลือ,ข่าวลือ,CORRECT,ถูกต้องตามหลักไวยากรณ์และความหมาย
2942,ox_run,run,verb,verb,"Move at a speed faster than a walk, never having both or all the feet on the ground at the same time","Move at a speed faster than a walk, never having both or all the feet on the ground at the same time",วิ่ง,วิ่ง,CORRECT,ถูกต้องตามหลักไวยากรณ์และความหมาย
2943,ox_run_after,run after,verb,phrasal verb,a phrasal verb meaning to run after,to pursue someone or something quickly; to chase,วิ่งตาม,"วิ่งไล่ตาม, วิ่งตามตื๊อ",MODIFIED,แทนที่คำนิยาม placeholder ภาษาอังกฤษ
2944,ox_run_away,run away,verb,phrasal verb,a phrasal verb meaning to run away,to escape from a person or place; to flee from home,หนีออกจากบ้าน / หลบหนี,"วิ่งหลบหนี, หนีออกจากบ้าน",MODIFIED,แทนที่คำนิยาม placeholder ภาษาอังกฤษ
2945,ox_runner,runner,noun,noun,"A person who runs, especially in a specified way","A person who runs, especially in a specified way",นักวิ่ง,นักวิ่ง,CORRECT,ถูกต้องตามหลักไวยากรณ์และความหมาย
2946,ox_running,running,noun,noun,The action or movement of a runner,the sport or activity of running for fitness or competition,วิ่ง,"การวิ่ง, กีฬาวิ่ง, การแข่งขันวิ่ง",MODIFIED,"แก้ไขคำแปลไทยจาก ""วิ่ง"" ให้เป็นคำนาม (การวิ่ง)"
2947,ox_run_out,run out,verb,phrasal verb,to have none of something left,"to be completely used up so that none remains (of time, money, or supplies)",(เวลา/สินค้า) หมดลง,หมดเกลี้ยงลง (เวลา/สินค้า/พลังงาน),MODIFIED,แก้ไขชนิดของคำ POS ให้เป็น phrasal verb
2948,ox_run_over,run over,verb,phrasal verb,a phrasal verb meaning to run over,to hit or drive over someone or something with a vehicle; to exceed time,ขับรถชนทับ / ใช้เวลาเกินกำหนด,"ขับรถเฉี่ยวชน/เหยียบทับ, ใช้เวลาเกินกำหนด",MODIFIED,แทนที่คำนิยาม placeholder ภาษาอังกฤษ
2949,ox_run_through,run through,verb,phrasal verb,a phrasal verb meaning to run through,to practice or rehearse quickly; to examine briefly,วิ่งผ่าน,"ซักซ้อมคร่าวๆ อย่างรวดเร็ว, วิ่งผ่านตลอดแนว",MODIFIED,แทนที่คำนิยาม placeholder ภาษาอังกฤษ
2950,ox_rural,rural,adjective,adjective,"In, relating to, or characteristic of the countryside rather than the town","In, relating to, or characteristic of the countryside rather than the town",ชนบท,ชนบท,CORRECT,ถูกต้องตามหลักไวยากรณ์และความหมาย
2951,ox_rush,rush,verb,verb,Move with urgent haste,Move with urgent haste,รีบ,รีบ,CORRECT,ถูกต้องตามหลักไวยากรณ์และความหมาย
2952,ox_sack,sack,noun,noun,"A large bag made of a strong material such as hessian, thick paper, or plastic, used for storing and carrying goods","A large bag made of a strong material such as hessian, thick paper, or plastic, used for storing and carrying goods",กระสอบ,กระสอบ,CORRECT,ถูกต้องตามหลักไวยากรณ์และความหมาย
2953,ox_sad,sad,adjective,adjective,Feeling or showing sorrow; unhappy,Feeling or showing sorrow; unhappy,เศร้า,เศร้า,CORRECT,ถูกต้องตามหลักไวยากรณ์และความหมาย
2954,ox_sadly,sadly,adverb,adverb,In a sad manner,In a sad manner,เศร้า,เศร้า,CORRECT,ถูกต้องตามหลักไวยากรณ์และความหมาย
2955,ox_sadness,sadness,noun,noun,The condition or quality of being sad,The condition or quality of being sad,ความโศกเศร้า,ความโศกเศร้า,CORRECT,ถูกต้องตามหลักไวยากรณ์และความหมาย
2956,ox_safe,safe,adjective,adjective,Protected from or not exposed to danger or risk; not likely to be harmed or lost,Protected from or not exposed to danger or risk; not likely to be harmed or lost,ปลอดภัย,ปลอดภัย,CORRECT,ถูกต้องตามหลักไวยากรณ์และความหมาย
2957,ox_safely,safely,adjective,adjective,Protected from or not exposed to danger or risk; not likely to be harmed or lost,Protected from or not exposed to danger or risk; not likely to be harmed or lost,ได้อย่างปลอดภัย,ได้อย่างปลอดภัย,CORRECT,ถูกต้องตามหลักไวยากรณ์และความหมาย
2958,ox_safety,safety,noun,noun,"The condition of being protected from or unlikely to cause danger, risk, or injury","The condition of being protected from or unlikely to cause danger, risk, or injury",ความปลอดภัย,ความปลอดภัย,CORRECT,ถูกต้องตามหลักไวยากรณ์และความหมาย
2959,ox_sail,sail,verb,verb,"Travel in a boat with sails, especially as a sport or recreation","Travel in a boat with sails, especially as a sport or recreation",แล่นเรือ,แล่นเรือ,CORRECT,ถูกต้องตามหลักไวยากรณ์และความหมาย
2960,ox_sailing,sailing,noun,noun,The action of sailing in a boat,The action of sailing in a boat,การแล่นเรือใบ,การแล่นเรือใบ,CORRECT,ถูกต้องตามหลักไวยากรณ์และความหมาย
2961,ox_sailor,sailor,noun,noun,a person who works on or sails a ship,a person who works on or sails a ship,กะลาสี / ลูกเรือ,กะลาสี / ลูกเรือ,CORRECT,ถูกต้องตามหลักไวยากรณ์และความหมาย
2962,ox_salad,salad,noun,noun,a cold dish of mixed vegetables,a cold dish of mixed vegetables,สลัด,สลัด,CORRECT,ถูกต้องตามหลักไวยากรณ์และความหมาย
2963,ox_salary,salary,noun,noun,"A fixed regular payment, typically paid on a monthly or biweekly basis but often expressed as an annual sum, made by an employer to an employee, especially a professional or white-collar worker","A fixed regular payment, typically paid on a monthly or biweekly basis but often expressed as an annual sum, made by an employer to an employee, especially a professional or white-collar worker",เงินเดือน,เงินเดือน,CORRECT,ถูกต้องตามหลักไวยากรณ์และความหมาย
2964,ox_sale,sale,noun,noun,The exchange of a commodity for money; the action of selling something,The exchange of a commodity for money; the action of selling something,ขาย,ขาย,CORRECT,ถูกต้องตามหลักไวยากรณ์และความหมาย
2965,ox_salt,salt,noun,noun,A white crystalline substance which gives seawater its characteristic taste and is used for seasoning or preserving food,A white crystalline substance which gives seawater its characteristic taste and is used for seasoning or preserving food,เกลือ,เกลือ,CORRECT,ถูกต้องตามหลักไวยากรณ์และความหมาย
2966,ox_salty,salty,adjective,adjective,"Tasting of, containing, or preserved with salt","Tasting of, containing, or preserved with salt",เค็ม,เค็ม,CORRECT,ถูกต้องตามหลักไวยากรณ์และความหมาย
2967,ox_same,same,adjective,adjective,Identical; not different,Identical; not different,เดียวกัน,เดียวกัน,CORRECT,ถูกต้องตามหลักไวยากรณ์และความหมาย
2968,ox_sample,sample,noun,noun,A small part or quantity intended to show what the whole is like,A small part or quantity intended to show what the whole is like,ตัวอย่าง,ตัวอย่าง,CORRECT,ถูกต้องตามหลักไวยากรณ์และความหมาย
2969,ox_sand,sand,noun,noun,"A loose granular substance, typically pale yellowish brown, resulting from the erosion of siliceous and other rocks and forming a major constituent of beaches, riverbeds, the seabed, and deserts","A loose granular substance, typically pale yellowish brown, resulting from the erosion of siliceous and other rocks and forming a major constituent of beaches, riverbeds, the seabed, and deserts",ทราย,ทราย,CORRECT,ถูกต้องตามหลักไวยากรณ์และความหมาย
2970,ox_satisfaction,satisfaction,noun,noun,"Fulfillment of one's wishes, expectations, or needs, or the pleasure derived from this","Fulfillment of one's wishes, expectations, or needs, or the pleasure derived from this",ความพึงพอใจ,ความพึงพอใจ,CORRECT,ถูกต้องตามหลักไวยากรณ์และความหมาย
2971,ox_satisfied,satisfied,adjective,adjective,Contented; pleased,Contented; pleased,พอใจ,พอใจ,CORRECT,ถูกต้องตามหลักไวยากรณ์และความหมาย
2972,ox_satisfy,satisfy,verb,verb,"Meet the expectations, needs, or desires of (someone)","Meet the expectations, needs, or desires of (someone)",ทำให้พึงพอใจ,ทำให้พึงพอใจ,CORRECT,ถูกต้องตามหลักไวยากรณ์และความหมาย
2973,ox_satisfying,satisfying,verb,adjective,"Meet the expectations, needs, or desires of (someone)",giving fulfillment or the satisfaction of a need or desire,น่าพอใจ,"ที่น่าพึงพอใจ, ที่ทำให้อิ่มเอมใจ",MODIFIED,แก้ไขชนิดของคำ POS จาก verb เป็น adjective
2974,ox_Saturday,Saturday,noun,noun,the day of the week after Friday and before Sunday,the day of the week after Friday and before Sunday,วันเสาร์,วันเสาร์,CORRECT,ถูกต้องตามหลักไวยากรณ์และความหมาย
2975,ox_sauce,sauce,noun,noun,A liquid or semi-liquid substance served with food to add moistness and flavor,A liquid or semi-liquid substance served with food to add moistness and flavor,ซอส,ซอส,CORRECT,ถูกต้องตามหลักไวยากรณ์และความหมาย
2976,ox_save,save,verb,verb,Keep safe or rescue (someone or something) from harm or danger,Keep safe or rescue (someone or something) from harm or danger,บันทึก,บันทึก,CORRECT,ถูกต้องตามหลักไวยากรณ์และความหมาย
2977,ox_saving,saving,noun,noun,"An economy of or reduction in money, time, or another resource",an economy or reduction in expenditure; money kept in a bank,ประหยัด,"เงินออม, การประหยัดค่าใช้จ่าย",MODIFIED,"แก้ไขคำแปลไทยจาก ""ประหยัด"" ให้เป็นคำนาม (เงินออม, การประหยัด)"
2978,ox_say,say,verb,verb,"Utter words so as to convey information, an opinion, a feeling or intention, or an instruction","Utter words so as to convey information, an opinion, a feeling or intention, or an instruction",พูด,พูด,CORRECT,ถูกต้องตามหลักไวยากรณ์และความหมาย
2979,ox_scale,scale,noun,noun,An instrument or device used for weighing,An instrument or device used for weighing,มาตราส่วน,มาตราส่วน,CORRECT,ถูกต้องตามหลักไวยากรณ์และความหมาย
2980,ox_scare,scare,verb,verb,Cause great fear or nervousness in; frighten,Cause great fear or nervousness in; frighten,ทำให้กลัว / ตกใจ,ทำให้กลัว / ตกใจ,CORRECT,ถูกต้องตามหลักไวยากรณ์และความหมาย
2981,ox_scared,scared,adjective,adjective,Fearful; frightened,Fearful; frightened,กลัว,กลัว,CORRECT,ถูกต้องตามหลักไวยากรณ์และความหมาย
2982,ox_scare_off,scare off,verb,phrasal verb,a phrasal verb meaning to scare off,to frighten someone or an animal away so they do not return,ทำให้ตกใจ,ขู่ให้ตกใจกลัวจนเผ่นหนีไป,MODIFIED,แทนที่คำนิยาม placeholder ภาษาอังกฤษ
2983,ox_scene,scene,noun,noun,The place where an incident in real life or fiction occurs or occurred,The place where an incident in real life or fiction occurs or occurred,ฉาก,ฉาก,CORRECT,ถูกต้องตามหลักไวยากรณ์และความหมาย
2984,ox_schedule,schedule,noun,noun,"A plan for carrying out a process or procedure, giving lists of intended events and times","A plan for carrying out a process or procedure, giving lists of intended events and times",กำหนดการ,กำหนดการ,CORRECT,ถูกต้องตามหลักไวยากรณ์และความหมาย
2985,ox_scheme,scheme,noun,noun,A large-scale systematic plan or arrangement for attaining some particular object or putting a particular idea into effect,A large-scale systematic plan or arrangement for attaining some particular object or putting a particular idea into effect,แผนการ / โครงการ,แผนการ / โครงการ,CORRECT,ถูกต้องตามหลักไวยากรณ์และความหมาย
2986,ox_school,school,noun,noun,a place where children go to be educated,a place where children go to be educated,โรงเรียน,โรงเรียน,CORRECT,ถูกต้องตามหลักไวยากรณ์และความหมาย
2987,ox_science,science,noun,noun,The intellectual and practical activity encompassing the systematic study of the structure and behavior of the physical and natural world through observation and experiment,The intellectual and practical activity encompassing the systematic study of the structure and behavior of the physical and natural world through observation and experiment,ศาสตร์,ศาสตร์,CORRECT,ถูกต้องตามหลักไวยากรณ์และความหมาย
2988,ox_scientific,scientific,adjective,adjective,Based on or characterized by the methods and principles of science,Based on or characterized by the methods and principles of science,ทางวิทยาศาสตร์,ทางวิทยาศาสตร์,CORRECT,ถูกต้องตามหลักไวยากรณ์และความหมาย
2989,ox_scientist,scientist,noun,noun,A person who is studying or has expert knowledge of one or more of the natural or physical sciences,A person who is studying or has expert knowledge of one or more of the natural or physical sciences,นักวิทยาศาสตร์,นักวิทยาศาสตร์,CORRECT,ถูกต้องตามหลักไวยากรณ์และความหมาย
2990,ox_scissors,scissors,noun,noun,"An instrument used for cutting cloth, paper, and other thin material, consisting of two pivoted blades","An instrument used for cutting cloth, paper, and other thin material, consisting of two pivoted blades",กรรไกร,กรรไกร,CORRECT,ถูกต้องตามหลักไวยากรณ์และความหมาย
2991,ox_score,score,noun,noun,"The number of points, goals, runs, etc., achieved in a game or by a team or an individual","The number of points, goals, runs, etc., achieved in a game or by a team or an individual",คะแนน,คะแนน,CORRECT,ถูกต้องตามหลักไวยากรณ์และความหมาย
2992,ox_scratch,scratch,verb,verb,"Make a long, narrow superficial wound in the skin or a surface","Make a long, narrow superficial wound in the skin or a surface",เกา,เกา,CORRECT,ถูกต้องตามหลักไวยากรณ์และความหมาย
2993,ox_scream,scream,verb,verb,"Give a long, loud, piercing cry or cries expressing excitement, great emotion, or pain","Give a long, loud, piercing cry or cries expressing excitement, great emotion, or pain",กรีดร้อง / ส่งเสียงร้องดัง,กรีดร้อง / ส่งเสียงร้องดัง,CORRECT,ถูกต้องตามหลักไวยากรณ์และความหมาย
2994,ox_screen,screen,noun,noun,"A flat panel or area on an electronic device such as a television, computer, or smartphone, on which images and data are displayed","A flat panel or area on an electronic device such as a television, computer, or smartphone, on which images and data are displayed",หน้าจอ / ฉากกั้น,หน้าจอ / ฉากกั้น,CORRECT,ถูกต้องตามหลักไวยากรณ์และความหมาย
2995,ox_screw,screw,noun,noun,"A metal pin with a spiral thread running around it and a slotted head, used to join things together by being rotated so that it pierces wood, metal, or other material and is held tightly in place","A metal pin with a spiral thread running around it and a slotted head, used to join things together by being rotated so that it pierces wood, metal, or other material and is held tightly in place",ตะปูควง / สกรู,ตะปูควง / สกรู,CORRECT,ถูกต้องตามหลักไวยากรณ์และความหมาย
2996,ox_sea,sea,noun,noun,The expanse of salt water that covers most of the earth's surface and surrounds its landmasses,The expanse of salt water that covers most of the earth's surface and surrounds its landmasses,ทะเล,ทะเล,CORRECT,ถูกต้องตามหลักไวยากรณ์และความหมาย
2997,ox_seal,seal,verb,verb,to close something tightly so that it cannot be opened easily,to close something tightly so that it cannot be opened easily,ผนึก,ผนึก,CORRECT,ถูกต้องตามหลักไวยากรณ์และความหมาย
2998,ox_seal_off,seal off,verb,phrasal verb,a phrasal verb meaning to seal off,to barricade or cordon off an area to prevent entry and exit,ปิดผนึก,ปิดกั้นพื้นที่โดยรอบอย่างแน่นหนา (ป้องกันคนเข้าออก),MODIFIED,แทนที่คำนิยาม placeholder ภาษาอังกฤษ
2999,ox_search,search,verb,verb,Try to find something by looking or otherwise seeking carefully and thoroughly,Try to find something by looking or otherwise seeking carefully and thoroughly,ค้นหา,ค้นหา,CORRECT,ถูกต้องตามหลักไวยากรณ์และความหมาย
3000,ox_season,season,noun,noun,"Each of the four divisions of the year (spring, summer, autumn, and winter) marked by particular weather patterns and daylight hours, resulting from the earth's changing position with regard to the sun","Each of the four divisions of the year (spring, summer, autumn, and winter) marked by particular weather patterns and daylight hours, resulting from the earth's changing position with regard to the sun",ฤดูกาล,ฤดูกาล,CORRECT,ถูกต้องตามหลักไวยากรณ์และความหมาย
